{"headers": ["id", "agg", "#", "name\n(birth-death)", "took office", "left office", "monarch", "prime minister"], "types": ["id", "agg", "number", "text(timespan)(text)", "date", "date", "text", "text"], "contents": [[{"col": "id", "type": "INTEGER", "data": [1, 2, 3, 4, 5, 6, 7, 8, 9, 10, 11, 12]}], [{"col": "agg", "type": "INTEGER", "data": [0, 0, 0, 0, 0, 0, 0, 0, 0, 0, 0, 0]}], [{"col": "c1", "type": "TEXT", "data": ["1", "2", "3", "4", "5", "6", "6", "7", "8", "8", "9", "9"]}, {"col": "c1_number", "type": "REAL", "data": [1.0, 2.0, 3.0, 4.0, 5.0, 6.0, 6.0, 7.0, 8.0, 8.0, 9.0, 9.0]}], [{"col": "c2", "type": "TEXT", "data": ["the viscount gladstone\n(1854-1930)", "the viscount buxton\n(1853-1934)", "hrh prince arthur of connaught\n(1883-1938)", "the earl of athlone\n(1874-1957)", "the earl of clarendon\n(1877-1955)", "sir patrick duncan\n(1870-1943)", "nicolaas jacobus de wet\n(1873-1960)\n(officer administering the government)", "gideon brand van zyl\n(1873-1956)", "ernest george jansen\n(1881-1959)", "lucas cornelius steyn\n(1903-1976)\n(officer administering the government)", "charles robberts swart\n(1894-1982)", "lucas cornelius steyn\n(1903-1976)\n(officer administering the government)"]}, {"col": "c2_first", "type": "TEXT", "data": ["the viscount gladstone", "the viscount buxton", "hrh prince arthur of connaught", "the earl of athlone", "the earl of clarendon", "sir patrick duncan", "nicolaas jacobus de wet", "gideon brand van zyl", "ernest george jansen", "lucas cornelius steyn", "charles robberts swart", "lucas cornelius steyn"]}, {"col": "c2_second", "type": "TEXT", "data": ["1854-1930", "1853-1934", "1883-1938", "1874-1957", "1877-1955", "1870-1943", "1873-1960", "1873-1956", "1881-1959", "1903-1976", "1894-1982", "1903-1976"]}, {"col": "c2_third", "type": "TEXT", "data": [null, null, null, null, null, null, "officer administering the government", null, null, "officer administering the government", null, "officer administering the government"]}, {"col": "c2_second_minimum_number", "type": "INTEGER", "data": [1854, 1853, 1883, 1874, 1877, 1870, 1873, 1873, 1881, 1903, 1894, 1903]}, {"col": "c2_second_minimum_parsed", "type": "TEXT", "data": ["1854", "1853", "1883", "1874", "1877", "1870", "1873", "1873", "1881", "1903", "1894", "1903"]}, {"col": "c2_second_minimum_year", "type": "INTEGER", "data": [1854, 1853, 1883, 1874, 1877, 1870, 1873, 1873, 1881, 1903, 1894, 1903]}, {"col": "c2_second_maximum_number", "type": "INTEGER", "data": [1930, 1934, 1938, 1957, 1955, 1943, 1960, 1956, 1959, 1976, 1982, 1976]}, {"col": "c2_second_maximum_parsed", "type": "TEXT", "data": ["1930", "1934", "1938", "1957", "1955", "1943", "1960", "1956", "1959", "1976", "1982", "1976"]}, {"col": "c2_second_maximum_year", "type": "INTEGER", "data": [1930, 1934, 1938, 1957, 1955, 1943, 1960, 1956, 1959, 1976, 1982, 1976]}], [{"col": "c3", "type": "TEXT", "data": ["31 may 1910", "8 september 1914", "17 november 1920", "21 january 1924", "26 january 1931", "5 april 1937", "17 july 1943", "1 january 1946", "1 january 1951", "26 november 1959", "11 december 1959", "30 april 1961"]}, {"col": "c3_number", "type": "INTEGER", "data": [31, 8, 17, 21, 26, 5, 17, 1, 1, 26, 11, 30]}, {"col": "c3_parsed", "type": "TEXT", "data": ["1910-05-31", "1914-09-08", "1920-11-17", "1924-01-21", "1931-01-26", "1937-04-05", "1943-07-17", "1946-01-01", "1951-01-01", "1959-11-26", "1959-12-11", "1961-04-30"]}, {"col": "c3_year", "type": "INTEGER", "data": [1910, 1914, 1920, 1924, 1931, 1937, 1943, 1946, 1951, 1959, 1959, 1961]}, {"col": "c3_month", "type": "INTEGER", "data": [5, 9, 11, 1, 1, 4, 7, 1, 1, 11, 12, 4]}, {"col": "c3_day", "type": "INTEGER", "data": [31, 8, 17, 21, 26, 5, 17, 1, 1, 26, 11, 30]}], [{"col": "c4", "type": "TEXT", "data": ["8 september 1914", "17 november 1920", "21 january 1924", "26 january 1931", "5 april 1937", "17 july 1943", "1 january 1946", "1 january 1951", "25 november 1959", "11 december 1959", "30 april 1961", "31 may 1961"]}, {"col": "c4_number", "type": "INTEGER", "data": [8, 17, 21, 26, 5, 17, 1, 1, 25, 11, 30, 31]}, {"col": "c4_parsed", "type": "TEXT", "data": ["1914-09-08", "1920-11-17", "1924-01-21", "1931-01-26", "1937-04-05", "1943-07-17", "1946-01-01", "1951-01-01", "1959-11-25", "1959-12-11", "1961-04-30", "1961-05-31"]}, {"col": "c4_year", "type": "INTEGER", "data": [1914, 1920, 1924, 1931, 1937, 1943, 1946, 1951, 1959, 1959, 1961, 1961]}, {"col": "c4_month", "type": "INTEGER", "data": [9, 11, 1, 1, 4, 7, 1, 1, 11, 12, 4, 5]}, {"col": "c4_day", "type": "INTEGER", "data": [8, 17, 21, 26, 5, 17, 1, 1, 25, 11, 30, 31]}], [{"col": "c5", "type": "TEXT", "data": ["george v", "george v", "george v", "george v", "george v", "george vi", "george vi", "george vi", "george vi", "elizabeth ii", "elizabeth ii", "elizabeth ii"]}], [{"col": "c6", "type": "TEXT", "data": ["botha", "botha", "smuts", "smuts", "hertzog", "hertzog", "smuts", "smuts", "malan", "verwoerd", "verwoerd", "verwoerd"]}]], "is_list": {"id": false, "agg": false, "c1": false, "c1_number": false, "c2": false, "c2_first": false, "c2_second": false, "c2_third": false, "c2_second_minimum_number": false, "c2_second_minimum_parsed": false, "c2_second_minimum_year": false, "c2_second_maximum_number": false, "c2_second_maximum_parsed": false, "c2_second_maximum_year": false, "c3": false, "c3_number": false, "c3_parsed": false, "c3_year": false, "c3_month": false, "c3_day": false, "c4": false, "c4_number": false, "c4_parsed": false, "c4_year": false, "c4_month": false, "c4_day": false, "c5": false, "c6": false}}