{"headers": ["id", "agg", "party", "votes", "%", "swing", "seats", "change"], "types": ["id", "agg", "text", "number", "number", "number", "number", "number"], "contents": [[{"col": "id", "type": "INTEGER", "data": [1, 2, 3, 4, 5, 6, 7, 8]}], [{"col": "agg", "type": "INTEGER", "data": ["0", "0", "0", "0", "0", "1", "1", "1"]}], [{"col": "c1", "type": "TEXT", "data": ["australian labor party", "liberal and country league", "nationals sa", "independent", "other", "total", "australian labor party", "liberal and country league"]}], [{"col": "c2", "type": "TEXT", "data": ["324135", "250312", "24810", "27178", "2708", "629143", "win", null]}, {"col": "c2_number", "type": "REAL", "data": [324135.0, 250312.0, 24810.0, 27178.0, 2708, 629143.0, null, null]}], [{"col": "c3", "type": "TEXT", "data": ["51.52", "39.79", "3.94", "4.32", "0.43", null, "54.5", "45.5"]}, {"col": "c3_number", "type": "REAL", "data": [51.52, 39.79, 3.94, 4.32, 0.43, null, 54.5, 45.5]}], [{"col": "c4", "type": "TEXT", "data": ["-0.12", "-3.97", "2.05", "2.86", "-0.81", null, "1.2", "-1.2"]}, {"col": "c4_number", "type": "REAL", "data": [-0.12, -3.97, 2.05, 2.86, -0.81, null, 1.2, -1.2]}], [{"col": "c5", "type": "TEXT", "data": ["26", "20", "1", "0", "0", "47", "26", "21"]}, {"col": "c5_number", "type": "REAL", "data": [26.0, 20.0, 1.0, 0.0, 0.0, 47.0, 26.0, 21.0]}], [{"col": "c6", "type": "TEXT", "data": ["-1", "0", "1", "0", "0", null, "-1", "1"]}, {"col": "c6_number", "type": "REAL", "data": [-1, 0.0, 1.0, 0.0, 0.0, null, -1, 1.0]}]], "is_list": {"id": false, "agg": false, "c1": false, "c2": false, "c2_number": false, "c3": false, "c3_number": false, "c4": false, "c4_number": false, "c5": false, "c5_number": false, "c6": false, "c6_number": false}}