{"headers": ["id", "agg", "pick #", "cfl team", "player", "position", "college"], "types": ["id", "agg", "number", "text", "text", "<f, text>", "text"], "contents": [[{"col": "id", "type": "INTEGER", "data": [1, 2, 3, 4, 5, 6, 7, 8]}], [{"col": "agg", "type": "INTEGER", "data": [0, 0, 0, 0, 0, 0, 0, 0]}], [{"col": "c1", "type": "TEXT", "data": ["25", "26", "27", "28", "29", "30", "31", "32"]}, {"col": "c1_number", "type": "REAL", "data": [25.0, 26.0, 27.0, 28.0, 29.0, 30.0, 31.0, 32.0]}], [{"col": "c2", "type": "TEXT", "data": ["montreal alouettes", "toronto argonauts", "winnipeg blue bombers", "hamilton tiger-cats", "montreal alouettes", "calgary stampeders", "montreal alouettes", "bc lions"]}], [{"col": "c3", "type": "TEXT", "data": ["shawn gifford", "kevin eiben", "nick tsatsaronis", "ryan donnelly", "peter moore", "andrew carter", "steven maheu", "kelly bates"]}], [{"col": "c4", "type": "TEXT", "data": ["ot", "s", "rb", "ol", "dl", "ol", "wr/qb", "ol"]}, {"col": "c4_list", "type": "LIST TEXT", "data": [["ot"], ["s"], ["rb"], ["ol"], ["dl"], ["ol"], ["wr", "qb"], ["ol"]]}, {"col": "c4_length", "type": "INTEGER", "data": [1, 1, 1, 1, 1, 1, 2, 1]}], [{"col": "c5", "type": "TEXT", "data": ["charleston southern", "bucknell", "memphis", "mcmaster", "syracuse", "bishop's", "simon fraser", "saskatchewan"]}]], "is_list": {"id": false, "agg": false, "c1": false, "c1_number": false, "c2": false, "c3": false, "c4": false, "c4_list": true, "c4_length": false, "c5": false}}