{"headers": ["id", "agg", "player", "-1967", "3.3", "3.31", "4.04", "10.14", "1968", "total"], "types": ["id", "agg", "text", "number(number)", "text(number)", "text(number)", "text(number)", "text(number)", "number(number)", "number(number)"], "contents": [[{"col": "id", "type": "INTEGER", "data": [1, 2, 3, 4, 5, 6, 7, 8, 9, 10, 11, 12, 13, 14, 15, 16, 17, 18, 19, 20]}], [{"col": "agg", "type": "INTEGER", "data": [0, 0, 0, 0, 0, 0, 0, 0, 0, 0, 0, 0, 0, 0, 0, 0, 0, 0, 0, 0]}], [{"col": "c1", "type": "TEXT", "data": ["shigeo yaegashi", "mitsuo kamata", "masakatsu miyamoto", "masashi watanabe", "teruki miyamoto", "ryuichi sugiyama", "hiroshi katayama", "ryozo suzuki", "kunishige kamamoto", "aritatsu ogi", "yoshitada yamaguchi", "kenzo yokoyama", "hisao kami", "takaji mori", "ikuo matsumoto", "yasuyuki kuwahara", "takeo kimura", "kiyoshi tomizawa", "koji funamoto", "junji kawano"]}], [{"col": "c2", "type": "TEXT", "data": ["41(11)", "37(2)", "36(1)", "34(11)", "33(15)", "31(11)", "26(0)", "22(0)", "17(21)", "16(5)", "16(0)", "16(0)", "13(0)", "9(1)", "7(1)", "5(3)", "3(1)", "3(0)", "1(0)", "0(0)"]}, {"col": "c2_first", "type": "TEXT", "data": ["41", "37", "36", "34", "33", "31", "26", "22", "17", "16", "16", "16", "13", "9", "7", "5", "3", "3", "1", "0"]}, {"col": "c2_second", "type": "TEXT", "data": ["11", "2", "1", "11", "15", "11", "0", "0", "21", "5", "0", "0", "0", "1", "1", "3", "1", "0", "0", "0"]}, {"col": "c2_first_number", "type": "REAL", "data": [41.0, 37.0, 36.0, 34.0, 33.0, 31.0, 26.0, 22.0, 17.0, 16.0, 16.0, 16.0, 13.0, 9.0, 7.0, 5.0, 3.0, 3.0, 1.0, 0.0]}, {"col": "c2_second_number", "type": "REAL", "data": [11.0, 2.0, 1.0, 11.0, 15.0, 11.0, 0.0, 0.0, 21.0, 5.0, 0.0, 0.0, 0.0, 1.0, 1.0, 3.0, 1.0, 0.0, 0.0, 0.0]}], [{"col": "c3", "type": "TEXT", "data": ["o", "o", null, null, "o", "o", "o", "o", "o(2)", "o", "o", "o", "o", "o", "o", null, "o", null, null, null]}, {"col": "c3_first", "type": "TEXT", "data": ["o", "o", null, null, "o", "o", "o", "o", "o", "o", "o", "o", "o", "o", "o", null, "o", null, null, null]}, {"col": "c3_second", "type": "TEXT", "data": [null, null, null, null, null, null, null, null, "2", null, null, null, null, null, null, null, null, null, null, null]}, {"col": "c3_second_number", "type": "REAL", "data": [null, null, null, null, null, null, null, null, 2.0, null, null, null, null, null, null, null, null, null, null, null]}], [{"col": "c4", "type": "TEXT", "data": ["o", null, "o", "o", "o", "o", null, null, "o", null, "o", null, "o", "o", null, "o(1)", "o", "o", "o", "o"]}, {"col": "c4_first", "type": "TEXT", "data": ["o", null, "o", "o", "o", "o", null, null, "o", null, "o", null, "o", "o", null, "o", "o", "o", "o", "o"]}, {"col": "c4_second", "type": "TEXT", "data": [null, null, null, null, null, null, null, null, null, null, null, null, null, null, null, "1", null, null, null, null]}, {"col": "c4_second_number", "type": "REAL", "data": [null, null, null, null, null, null, null, null, null, null, null, null, null, null, null, 1.0, null, null, null, null]}], [{"col": "c5", "type": "TEXT", "data": ["o", "o", null, "o", "o", "o(1)", "o", "o", "o(2)", "o", "o", "o", null, "o", null, null, null, null, null, null]}, {"col": "c5_first", "type": "TEXT", "data": ["o", "o", null, "o", "o", "o", "o", "o", "o", "o", "o", "o", null, "o", null, null, null, null, null, null]}, {"col": "c5_second", "type": "TEXT", "data": [null, null, null, null, null, "1", null, null, "2", null, null, null, null, null, null, null, null, null, null, null]}, {"col": "c5_second_number", "type": "REAL", "data": [null, null, null, null, null, 1.0, null, null, 2.0, null, null, null, null, null, null, null, null, null, null, null]}], [{"col": "c6", "type": "TEXT", "data": ["o", "o", "o", null, "o", "o", "o", null, "o(3)", "o", null, "o", null, "o", "o", "o", null, null, null, null]}, {"col": "c6_first", "type": "TEXT", "data": ["o", "o", "o", null, "o", "o", "o", null, "o", "o", null, "o", null, "o", "o", "o", null, null, null, null]}, {"col": "c6_second", "type": "TEXT", "data": [null, null, null, null, null, null, null, null, "3", null, null, null, null, null, null, null, null, null, null, null]}, {"col": "c6_second_number", "type": "REAL", "data": [null, null, null, null, null, null, null, null, 3.0, null, null, null, null, null, null, null, null, null, null, null]}], [{"col": "c7", "type": "TEXT", "data": ["4(0)", "3(0)", "2(0)", "2(0)", "4(0)", "4(1)", "3(0)", "2(0)", "4(7)", "3(0)", "3(0)", "3(0)", "2(0)", "4(0)", "2(0)", "2(1)", "2(0)", "1(0)", "1(0)", "1(0)"]}, {"col": "c7_first", "type": "TEXT", "data": ["4", "3", "2", "2", "4", "4", "3", "2", "4", "3", "3", "3", "2", "4", "2", "2", "2", "1", "1", "1"]}, {"col": "c7_second", "type": "TEXT", "data": ["0", "0", "0", "0", "0", "1", "0", "0", "7", "0", "0", "0", "0", "0", "0", "1", "0", "0", "0", "0"]}, {"col": "c7_first_number", "type": "REAL", "data": [4.0, 3.0, 2.0, 2.0, 4.0, 4.0, 3.0, 2.0, 4.0, 3.0, 3.0, 3.0, 2.0, 4.0, 2.0, 2.0, 2.0, 1.0, 1.0, 1.0]}, {"col": "c7_second_number", "type": "REAL", "data": [0.0, 0.0, 0.0, 0.0, 0.0, 1.0, 0.0, 0.0, 7.0, 0.0, 0.0, 0.0, 0.0, 0.0, 0.0, 1.0, 0.0, 0.0, 0.0, 0.0]}], [{"col": "c8", "type": "TEXT", "data": ["45(11)", "40(2)", "38(1)", "36(11)", "37(15)", "35(12)", "29(0)", "24(0)", "21(28)", "19(5)", "19(0)", "19(0)", "15(0)", "13(1)", "9(1)", "7(4)", "5(1)", "4(0)", "2(0)", "1(0)"]}, {"col": "c8_first", "type": "TEXT", "data": ["45", "40", "38", "36", "37", "35", "29", "24", "21", "19", "19", "19", "15", "13", "9", "7", "5", "4", "2", "1"]}, {"col": "c8_second", "type": "TEXT", "data": ["11", "2", "1", "11", "15", "12", "0", "0", "28", "5", "0", "0", "0", "1", "1", "4", "1", "0", "0", "0"]}, {"col": "c8_first_number", "type": "REAL", "data": [45.0, 40.0, 38.0, 36.0, 37.0, 35.0, 29.0, 24.0, 21.0, 19.0, 19.0, 19.0, 15.0, 13.0, 9.0, 7.0, 5.0, 4.0, 2.0, 1.0]}, {"col": "c8_second_number", "type": "REAL", "data": [11.0, 2.0, 1.0, 11.0, 15.0, 12.0, 0.0, 0.0, 28.0, 5.0, 0.0, 0.0, 0.0, 1.0, 1.0, 4.0, 1.0, 0.0, 0.0, 0.0]}]], "is_list": {"id": false, "agg": false, "c1": false, "c2": false, "c2_first": false, "c2_second": false, "c2_first_number": false, "c2_second_number": false, "c3": false, "c3_first": false, "c3_second": false, "c3_second_number": false, "c4": false, "c4_first": false, "c4_second": false, "c4_second_number": false, "c5": false, "c5_first": false, "c5_second": false, "c5_second_number": false, "c6": false, "c6_first": false, "c6_second": false, "c6_second_number": false, "c7": false, "c7_first": false, "c7_second": false, "c7_first_number": false, "c7_second_number": false, "c8": false, "c8_first": false, "c8_second": false, "c8_first_number": false, "c8_second_number": false}}