{"headers": ["id", "agg", "#", "title", "singer(s)", "lyricist", "length"], "types": ["id", "agg", "number", "text", "<c, text>", "text", "time"], "contents": [[{"col": "id", "type": "INTEGER", "data": [1, 2, 3, 4, 5, 6, 7, 8]}], [{"col": "agg", "type": "INTEGER", "data": [0, 0, 0, 0, 0, 0, 0, 0]}], [{"col": "c1", "type": "TEXT", "data": ["1", "2", "3", "4", "5", "6", "7", "8"]}, {"col": "c1_number", "type": "REAL", "data": [1.0, 2.0, 3.0, 4.0, 5.0, 6.0, 7.0, 8.0]}], [{"col": "c2", "type": "TEXT", "data": ["\"dil ka haal sune dilwaala\"", "\"ichak dana beechak dana\"", "\"mera juta hai japani\"", "\"mudh mudh ke na dekh\"", "\"o janewale\"", "\"pyar hua iqrar hua\"", "\"ramaiya vastavaiya\"", "\"sham gayi raat aayi\""]}], [{"col": "c3", "type": "TEXT", "data": ["manna dey", "mukesh, lata mangeshkar", "mukesh", "lata mangeshkar, manna dey", "lata mangeshkar", "lata mangeshkar, manna dey", "mohammed rafi, lata mangeshkar, mukesh", "lata mangeshkar"]}, {"col": "c3_list", "type": "LIST TEXT", "data": [["manna dey"], ["mukesh", "lata mangeshkar"], ["mukesh"], ["lata mangeshkar", "manna dey"], ["lata mangeshkar"], ["lata mangeshkar", "manna dey"], ["mohammed rafi", "lata mangeshkar", "mukesh"], ["lata mangeshkar"]]}, {"col": "c3_length", "type": "INTEGER", "data": [1, 2, 1, 2, 1, 2, 3, 1]}], [{"col": "c4", "type": "TEXT", "data": ["shailendra", "hasrat jaipuri", "shailendra", "shailendra", "hasrat jaipuri", "shailendra", "shailendra", "hasrat jaipuri"]}], [{"col": "c5", "type": "TEXT", "data": ["5:36", "5:08", "4:33", "6:34", "2:20", "4:22", "6:10", "4:00"]}, {"col": "c5_number", "type": "INTEGER", "data": [5, 5, 4, 6, 2, 4, 6, 4]}, {"col": "c5_min", "type": "INTEGER", "data": [5, 5, 4, 6, 2, 4, 6, 4]}, {"col": "c5_sec", "type": "INTEGER", "data": [36, 8, 33, 34, 20, 22, 10, 0]}]], "is_list": {"id": false, "agg": false, "c1": false, "c1_number": false, "c2": false, "c3": false, "c3_list": true, "c3_length": false, "c4": false, "c5": false, "c5_number": false, "c5_min": false, "c5_sec": false}}