{"headers": ["id", "agg", "game", "date", "opponent", "location", "score", "ot", "attendance", "record"], "types": ["id", "agg", "number", "date", "text", "text", "score", "score", "number", "score"], "contents": [[{"col": "id", "type": "INTEGER", "data": [1, 2, 3, 4, 5, 6, 7, 8, 9, 10, 11, 12, 13, 14, 15, 16]}], [{"col": "agg", "type": "INTEGER", "data": [0, 0, 0, 0, 0, 0, 0, 0, 0, 0, 0, 0, 0, 0, 0, 0]}], [{"col": "c1", "type": "TEXT", "data": ["1", "2", "3", "4", "5", "6", "7", "8", "9", "10", "11", "12", "13", "14", "15", "16"]}, {"col": "c1_number", "type": "REAL", "data": [1.0, 2.0, 3.0, 4.0, 5.0, 6.0, 7.0, 8.0, 9.0, 10.0, 11.0, 12.0, 13.0, 14.0, 15.0, 16.0]}], [{"col": "c2", "type": "TEXT", "data": ["january 6, 2006", "january 14, 2006", "january 20, 2006", "january 21, 2006", "january 29, 2006", "february 3, 2006", "february 10, 2006", "february 18, 2006", "march 3, 2006", "march 4, 2006", "march 17, 2006", "march 24, 2006", "april 1, 2006", "april 8, 2006", "april 9, 2006", "april 15, 2006"]}, {"col": "c2_number", "type": "INTEGER", "data": [6, 14, 20, 21, 29, 3, 10, 18, 3, 4, 17, 24, 1, 8, 9, 15]}, {"col": "c2_parsed", "type": "TEXT", "data": ["2006-01-06", "2006-01-14", "2006-01-20", "2006-01-21", "2006-01-29", "2006-02-03", "2006-02-10", "2006-02-18", "2006-03-03", "2006-03-04", "2006-03-17", "2006-03-24", "2006-04-01", "2006-04-08", "2006-04-09", "2006-04-15"]}, {"col": "c2_year", "type": "INTEGER", "data": [2006, 2006, 2006, 2006, 2006, 2006, 2006, 2006, 2006, 2006, 2006, 2006, 2006, 2006, 2006, 2006]}, {"col": "c2_month", "type": "INTEGER", "data": [1, 1, 1, 1, 1, 2, 2, 2, 3, 3, 3, 3, 4, 4, 4, 4]}, {"col": "c2_day", "type": "INTEGER", "data": [6, 14, 20, 21, 29, 3, 10, 18, 3, 4, 17, 24, 1, 8, 9, 15]}], [{"col": "c3", "type": "TEXT", "data": ["philadelphia wings", "@ philadelphia wings", "@ calgary roughnecks", "rochester knighthawks", "rochester knighthawks", "@ edmonton rush", "philadelphia wings", "@ buffalo bandits", "@ toronto rock", "@ buffalo bandits", "@ portland lumberjax", "buffalo bandits", "toronto rock", "@ rochester knighthawks", "san jose stealth", "portland lumberjax"]}, {"col": "c3_raw", "type": "TEXT", "data": ["philadelphia wings", "philadelphia wings", "calgary roughnecks", "rochester knighthawks", "rochester knighthawks", "edmonton rush", "philadelphia wings", "buffalo bandits", "toronto rock", "buffalo bandits", "portland lumberjax", "buffalo bandits", "toronto rock", "rochester knighthawks", "san jose stealth", "portland lumberjax"]}, {"col": "c3_home", "type": "TEXT", "data": ["home", "away", "away", "home", "home", "away", "home", "away", "away", "away", "away", "home", "home", "away", "home", "home"]}], [{"col": "c4", "type": "TEXT", "data": ["xcel energy center", "wachovia center", "pengrowth saddledome", "xcel energy center", "xcel energy center", "rexall place", "xcel energy center", "hsbc arena", "air canada centre", "hsbc arena", "rose garden", "xcel energy center", "xcel energy center", "blue cross arena", "xcel energy center", "xcel energy center"]}], [{"col": "c5", "type": "TEXT", "data": ["l 11-15", "w 13-10", "w 12-8", "l 6-12", "l 9-10", "w 7-6", "w 11-10", "l 9-14", "l 8-13", "w 11-8", "w 14-12", "l 11-13", "w 10-9", "l 9-10", "w 9-8", "l 8-13"]}, {"col": "c5_result", "type": "TEXT", "data": ["l", "w", "w", "l", "l", "w", "w", "l", "l", "w", "w", "l", "w", "l", "w", "l"]}, {"col": "c5_number", "type": "INTEGER", "data": [11, 13, 12, 6, 9, 7, 11, 9, 8, 11, 14, 11, 10, 9, 9, 8]}, {"col": "c5_number1", "type": "INTEGER", "data": [11, 13, 12, 6, 9, 7, 11, 9, 8, 11, 14, 11, 10, 9, 9, 8]}, {"col": "c5_number2", "type": "INTEGER", "data": [15, 10, 8, 12, 10, 6, 10, 14, 13, 8, 12, 13, 9, 10, 8, 13]}], [{"col": "c6", "type": "TEXT", "data": [null, null, null, null, null, null, null, null, null, null, null, null, null, null, "ot", null]}], [{"col": "c7", "type": "TEXT", "data": ["8024", "11874", "10637", "7124", "7544", "8745", "7524", "12458", "15830", "10961", "5487", "9533", "10084", "10352", "7044", "10104"]}, {"col": "c7_number", "type": "REAL", "data": [8024.0, 11874.0, 10637.0, 7124.0, 7544.0, 8745.0, 7524.0, 12458.0, 15830.0, 10961.0, 5487.0, 9533.0, 10084.0, 10352.0, 7044.0, 10104.0]}], [{"col": "c8", "type": "TEXT", "data": ["0-1", "1-1", "2-1", "2-2", "3-2", "3-3", "4-3", "4-4", "4-5", "5-5", "6-5", "6-6", "7-6", "7-7", "8-7", "8-8"]}, {"col": "c8_number", "type": "INTEGER", "data": [0, 1, 2, 2, 3, 3, 4, 4, 4, 5, 6, 6, 7, 7, 8, 8]}, {"col": "c8_number1", "type": "INTEGER", "data": [0, 1, 2, 2, 3, 3, 4, 4, 4, 5, 6, 6, 7, 7, 8, 8]}, {"col": "c8_number2", "type": "INTEGER", "data": [1, 1, 1, 2, 2, 3, 3, 4, 5, 5, 5, 6, 6, 7, 7, 8]}]], "is_list": {"id": false, "agg": false, "c1": false, "c1_number": false, "c2": false, "c2_number": false, "c2_parsed": false, "c2_year": false, "c2_month": false, "c2_day": false, "c3": false, "c3_raw": false, "c3_home": false, "c4": false, "c5": false, "c5_result": false, "c5_number": false, "c5_number1": false, "c5_number2": false, "c6": false, "c7": false, "c7_number": false, "c8": false, "c8_number": false, "c8_number1": false, "c8_number2": false}}