{"headers": ["id", "agg", "name", "year built", "country", "town", "height", "remarks"], "types": ["id", "agg", "text", "date", "text", "text", "unitnum", "text"], "contents": [[{"col": "id", "type": "INTEGER", "data": [1, 2, 3, 4, 5, 6, 7, 8, 9, 10, 11, 12, 13, 14, 15, 16, 17]}], [{"col": "agg", "type": "INTEGER", "data": [0, 0, 0, 0, 0, 0, 0, 0, 0, 0, 0, 0, 0, 0, 0, 0, 0]}], [{"col": "c1", "type": "TEXT", "data": ["glacial aerial tramway kaprun iii", "mississippi aerial river transit", "torre jaume i", "gant hohtaelli aerial tramway", "london emirates air line", "singapore cable car", "eibsee aerial tramway", "nizhny novgorod volga aerial tramway, tower 4 & 5", "mittersill goods aerial tramway", "singapore cable car", "3s aerial tramway", "torre sant sebastia", "roosevelt island tramway", "wendelstein aerial tramway", "vinpearl cable car", "sandia peak tramway", "eibsee aerial tramway"]}], [{"col": "c2", "type": "TEXT", "data": ["1966", "1984", "1931", null, "early 2012", "1972", "1962", "2012", "1940s", "1972", "2004", "1931", "1976", "1970", "2007", "1965", "1962"]}, {"col": "c2_number", "type": "INTEGER", "data": [1966, 1984, 1931, null, 2012, 1972, 1962, 2012, 1940, 1972, 2004, 1931, 1976, 1970, 2007, 1965, 1962]}, {"col": "c2_parsed", "type": "TEXT", "data": ["1966", "1984", "1931", null, "2012", "1972", "1962", "2012", 1940, "1972", "2004", "1931", "1976", "1970", "2007", "1965", "1962"]}, {"col": "c2_year", "type": "INTEGER", "data": [1966, 1984, 1931, null, 2012, 1972, 1962, 2012, 1940, 1972, 2004, 1931, 1976, 1970, 2007, 1965, 1962]}], [{"col": "c3", "type": "TEXT", "data": ["austria", "usa", "spain", "switzerland", "uk", "singapore", "germany", "russia", "austria", "singapore", "austria", "spain", "usa", "germany", "vietnam", "usa", "germany"]}], [{"col": "c4", "type": "TEXT", "data": ["kaprun", "new orleans", "barcelona", "zermatt", "london", "singapore", "garmisch-partenkirchen", "nizhny novgorod", "mittersill", "singapore", "kitzbuhel", "barcelona", "new york city", "bayerischzell-osterhofen", "nha trang", "albuquerque", "garmisch-partenkirchen"]}], [{"col": "c5", "type": "TEXT", "data": ["113.6 m", "109 m", "107 m", "94 m", "88 m", "88 m", "85 m", "82 m", "80 m", "80 m", "80 m", "78 m", "76 m", "75 m", "75 m", "70.7 m", "65 m"]}, {"col": "c5_number", "type": "REAL", "data": [113.6, 109.0, 107.0, 94.0, 88.0, 88.0, 85.0, 82.0, 80.0, 80.0, 80.0, 78.0, 76.0, 75.0, 75.0, 70.7, 65.0]}], [{"col": "c6", "type": "TEXT", "data": ["the tallest pylon is on the third section", "the tallest pylon on a gondola lift; on 87 m pile foundations; demolished 1994", "intermediate stop of the harbour aerial tramway, also observation tower", "one pylon", "north main tower. river thames aerial crossing between greenwich peninsular and royal docks", "pylon i", "pylon ii", null, "two pylons for a tramway that never went in service and was demolished in the 1950s. one of the pylons was built of timber, the other of steel", "pylon ii", "one pylon", "terminal of harbour aerial tramway", "central pylon of commuter tramway", null, "7 pylons standing in the sea. total height from sea bed is 115 m", "pylon 1, inclined at an angle of 18 degrees", "pylon i"]}]], "is_list": {"id": false, "agg": false, "c1": false, "c2": false, "c2_number": false, "c2_parsed": false, "c2_year": false, "c3": false, "c4": false, "c5": false, "c5_number": false, "c6": false}}