{"headers": ["id", "agg", "tramway", "country", "city", "height of pylons", "span width,\nleaning straight line", "span width,\nhorizontal measurement", "height of cable over ground", "year of inauguration", "notes"], "types": ["id", "agg", "text", "text", "text", "<c, unitnum>", "<c, unitnum>", "unitnum", "unitnum", "number", "text"], "contents": [[{"col": "id", "type": "INTEGER", "data": [1, 2, 3, 4, 5, 6, 7, 8]}], [{"col": "agg", "type": "INTEGER", "data": [0, 0, 0, 0, 0, 0, 0, 0]}], [{"col": "c1", "type": "TEXT", "data": ["peak 2 peak gondola", "hut of regensburg material transport aerial railway", "vanoise express", "aiguille du midi", "vallee blanche aerial tramway", "3s aerial tramway", "sandia peak tramway", "feldmoos-chli-titlis aerial tramway"]}], [{"col": "c2", "type": "TEXT", "data": ["canada", "austria", "france", "france", "france", "austria", "usa", "switzerland"]}], [{"col": "c3", "type": "TEXT", "data": ["whistler", "falbeson", "vanoise", "chamonix", "mont blanc", "kitzbuhel", "albuquerque", "titlis"]}], [{"col": "c4", "type": "TEXT", "data": ["65m", null, "none", "none", "none", "0 m, 80m", "70.7 m, 21.33 m", "37.6 m"]}, {"col": "c4_list", "type": "LIST TEXT", "data": [["65m"], [], ["none"], ["none"], ["none"], ["0 m", "80m"], ["70.7 m", "21.33 m"], ["37.6 m"]]}, {"col": "c4_length", "type": "INTEGER", "data": [1, 0, 1, 1, 1, 2, 2, 1]}, {"col": "c4_list_number", "type": "LIST REAL", "data": [[65], [], [], [], [], [0.0, 80], [70.7, 21.33], [37.6]]}], [{"col": "c5", "type": "TEXT", "data": ["3024 m", null, "1850 m", "2867 m", "2831 m, 1684 m", "2507 m", "2353 m", "3476,2 m"]}, {"col": "c5_list", "type": "LIST TEXT", "data": [["3024 m"], [], ["1850 m"], ["2867 m"], ["2831 m", "1684 m"], ["2507 m"], ["2353 m"], ["3476", "2 m"]]}, {"col": "c5_length", "type": "INTEGER", "data": [1, 0, 1, 1, 2, 1, 1, 2]}, {"col": "c5_list_number", "type": "LIST REAL", "data": [[3024.0], [], [1850], [2867], [2831, 1684], [2507], [2353], [3476.0, 2.0]]}], [{"col": "c6", "type": "TEXT", "data": ["3019 m", null, "1800 m", "2500 m", "span is almost horizontal", null, null, null]}, {"col": "c6_number", "type": "REAL", "data": [3019.0, null, 1800, 2500, null, null, null, null]}], [{"col": "c7", "type": "TEXT", "data": ["436 m", "430 m", "380 m", null, "appr. 300 m", "400 m", "274 m", null]}, {"col": "c7_number", "type": "REAL", "data": [436.0, 430.0, 380.0, null, 300.0, 400.0, 274.0, null]}], [{"col": "c8", "type": "TEXT", "data": ["2008", null, "2003", "1955", "1958", "2004", "1966", "1979"]}, {"col": "c8_number", "type": "INTEGER", "data": [2008, null, 2003, 1955, 1958, 2004, 1966, 1979]}], [{"col": "c9", "type": "TEXT", "data": ["3s aerial tramway constructed by doppelmayr", null, null, "2nd section", "rock anchored support structure", null, null, "temp. site tramway, demolished in 1986"]}]], "is_list": {"id": false, "agg": false, "c1": false, "c2": false, "c3": false, "c4": false, "c4_list": true, "c4_length": false, "c4_list_number": true, "c5": false, "c5_list": true, "c5_length": false, "c5_list_number": true, "c6": false, "c6_number": false, "c7": false, "c7_number": false, "c8": false, "c8_number": false, "c9": false}}