{"headers": ["id", "agg", "season", "level", "division", "section", "position", "movements"], "types": ["id", "agg", "number", "unitnum", "text", "text", "rank", "<d, text>"], "contents": [[{"col": "id", "type": "INTEGER", "data": [1, 2, 3, 4, 5, 6, 7, 8, 9, 10, 11, 12, 13, 14, 15, 16, 17, 18, 19, 20, 21, 22, 23, 24, 25, 26, 27, 28, 29, 30]}], [{"col": "agg", "type": "INTEGER", "data": [0, 0, 0, 0, 0, 0, 0, 0, 0, 0, 0, 0, 0, 0, 0, 0, 0, 0, 0, 0, 0, 0, 0, 0, 0, 0, 0, 0, 0, 0]}], [{"col": "c1", "type": "TEXT", "data": ["1985", "1986", "1987", "1988", "1989", "1990", "1991", null, "1992", null, "1993", "1994", "1995", "1996", "1997", "1998", "1999", "2000", "2001", "2002", "2003", "2004", "2005", "2006", "2007", "2008", "2009", "2010", "2011", "2012"]}, {"col": "c1_number", "type": "INTEGER", "data": [1985, 1986, 1987, 1988, 1989, 1990, 1991, null, 1992, null, 1993, 1994, 1995, 1996, 1997, 1998, 1999, 2000, 2001, 2002, 2003, 2004, 2005, 2006, 2007, 2008, 2009, 2010, 2011, 2012]}], [{"col": "c2", "type": "TEXT", "data": ["tier 4", "tier 4", "tier 3", "tier 3", "tier 2", "tier 2", "tier 2", "tier 2", "tier 2", "tier 2", "tier 3", "tier 2", "tier 3", "tier 3", "tier 3", "tier 3", "tier 3", "tier 3", "tier 3", "tier 3", "tier 3", "tier 3", "tier 3", "tier 3", "tier 4", "tier 4", "tier 5", "tier 5", "tier 5", "tier 5"]}, {"col": "c2_number", "type": "INTEGER", "data": [4, 4, 3, 3, 2, 2, 2, 2, 2, 2, 3, 2, 3, 3, 3, 3, 3, 3, 3, 3, 3, 3, 3, 3, 4, 4, 5, 5, 5, 5]}], [{"col": "c3", "type": "TEXT", "data": ["division 3", "division 3", "division 2", "division 2", "division 1", "division 1", "division 1", "division 1", "division 1", "division 1", "division 2", "division 1", "division 2", "division 2", "division 2", "division 2", "division 2", "division 2", "division 2", "division 2", "division 2", "division 2", "division 2", "division 1", "division 2", "division 2", "division 3", "division 3", "division 3", "division 3"]}], [{"col": "c4", "type": "TEXT", "data": ["norra norrland", "norra norrland", "norra", "norra", "norra", "norra", "norra", "kvalsvenskan", "norra", "norra", "norrland", "norra", "norrland", "norrland", "norrland", "norrland", "norrland", "norrland", "norrland", "norrland", "norrland", "norrland", "norrland", "norra", "norrland", "norrland", "norra norrland", "norra norrland", "norra norrland", "norra norrland"]}], [{"col": "c5", "type": "TEXT", "data": ["5th", "4th", "5th", "1st", "3rd", "6th", "1st", "8th", "7th", "8th", "1st", "13th", "9th", "8th", "6th", "7th", "3rd", "8th", "10th", "10th", "10th", "7th", "4th", "14th", "10th", "12th", "8th", "3rd", "2nd", "3rd"]}, {"col": "c5_number", "type": "REAL", "data": [5.0, 4.0, 5.0, 1.0, 3.0, 6.0, 1.0, 8.0, 7.0, 8.0, 1.0, 13.0, 9.0, 8.0, 6.0, 7.0, 3.0, 8.0, 10.0, 10.0, 10.0, 7.0, 4.0, 14.0, 10.0, 12.0, 8.0, 3.0, 2.0, 3.0]}], [{"col": "c6", "type": "TEXT", "data": [null, "promoted", null, "promoted", null, null, "spring", "autumn", "spring", "autumn - relegated", "promoted", "relegated", null, null, null, null, null, null, "relegation playoffs", "relegation playoffs", "relegation playoffs", null, "promoted", "relegated", "relegation playoffs", "relegated", null, null, "promotion playoffs", null]}, {"col": "c6_list", "type": "LIST TEXT", "data": [[], ["promoted"], [], ["promoted"], [], [], ["spring"], ["autumn"], ["spring"], ["autumn", "relegated"], ["promoted"], ["relegated"], [], [], [], [], [], [], ["relegation playoffs"], ["relegation playoffs"], ["relegation playoffs"], [], ["promoted"], ["relegated"], ["relegation playoffs"], ["relegated"], [], [], ["promotion playoffs"], []]}, {"col": "c6_length", "type": "INTEGER", "data": [0, 1, 0, 1, 0, 0, 1, 1, 1, 2, 1, 1, 0, 0, 0, 0, 0, 0, 1, 1, 1, 0, 1, 1, 1, 1, 0, 0, 1, 0]}]], "is_list": {"id": false, "agg": false, "c1": false, "c1_number": false, "c2": false, "c2_number": false, "c3": false, "c4": false, "c5": false, "c5_number": false, "c6": false, "c6_list": true, "c6_length": false}}