{"headers": ["id", "agg", "manufacturer", "model", "first flight", "max payload (t)", "cruise (km/h)", "max range (km)", "mtow"], "types": ["id", "agg", "text", "text", "number", "number", "numberspan", "number", "number"], "contents": [[{"col": "id", "type": "INTEGER", "data": [1, 2, 3, 4, 5, 6, 7, 8, 9, 10, 11, 12, 13, 14, 15, 16, 17, 18, 19, 20, 21, 22, 23, 24, 25, 26, 27, 28, 29, 30, 31, 32, 33, 34, 35, 36]}], [{"col": "agg", "type": "INTEGER", "data": [0, 0, 0, 0, 0, 0, 0, 0, 0, 0, 0, 0, 0, 0, 0, 0, 0, 0, 0, 0, 0, 0, 0, 0, 0, 0, 0, 0, 0, 0, 0, 0, 0, 0, 0, 0]}], [{"col": "c1", "type": "TEXT", "data": ["airbus", "airbus", "alenia", "antonov", "antonov", "antonov", "antonov", "antonov", "antonov", "antonov", "antonov", "avic", "avic", "avic", "bell/boeing", "boeing", "casa", "casa/indonesian aerospace", "casa", "de havilland canada", "douglas", "grumman", "grumman", "embraer", "fairchild", "ilyushin", "ilyushin", "kawasaki", "kawasaki", "lockheed", "lockheed", "lockheed", "pzl mielec", "short brothers", "transport allianz", "uac and hal"]}], [{"col": "c2", "type": "TEXT", "data": ["a330 mrtt", "a400m", "c-27j spartan", "an-12", "an-22 antei", "an-26", "an-32", "an-70", "an-72", "an-124 ruslan", "an-225 mriya", "y-8", "y-9", "y-20", "v-22 osprey", "c-17 globemaster iii", "c-212 aviocar", "cn-235", "c-295", "c-7 caribou", "c-47", "c-1 trader", "c-2 greyhound", "kc-390", "c-123 provider", "il-76", "il-112", "c-1", "xc-2", "c-5 galaxy", "c-130 hercules", "c-141 starlifter", "m-28 skytruck", "c-23 sherpa", "transall c-160", "uac/hal multirole transport aircraft"]}], [{"col": "c3", "type": "TEXT", "data": ["2007", "2009", "2008", "1957", "1965", "1969", "1976", "1994", "1977", "1982", "1988", "1974", "2008", "2013", "1989", "1991", "1971", "1983", "1998", "1958", "1943", "1952", "1964", "2014", "1949", "1971", "2011", "1970", "2010", "1968", "1954", "1963", "1993", "1982", "1963", "2015"]}, {"col": "c3_number", "type": "INTEGER", "data": [2007, 2009, 2008, 1957, 1965, 1969, 1976, 1994, 1977, 1982, 1988, 1974, 2008, 2013, 1989, 1991, 1971, 1983, 1998, 1958, 1943, 1952, 1964, 2014, 1949, 1971, 2011, 1970, 2010, 1968, 1954, 1963, 1993, 1982, 1963, 2015]}], [{"col": "c4", "type": "TEXT", "data": ["45", "37", "11.5", "20", "80", "5.5", "6.7", "47", "7.5", "150", "250", "20", "25", "66", "6.8", "77.5", "2.8", "5", "9.3", "3.6", "3", "1.6", "4.5", "23", "11", "47", "5.9", "11.9", "37.6", "122", "20", "45", "2.5", "3.2", "16", "22"]}, {"col": "c4_number", "type": "REAL", "data": [45.0, 37.0, 11.5, 20.0, 80.0, 5.5, 6.7, 47.0, 7.5, 150.0, 250.0, 20.0, 25.0, 66.0, 6.8, 77.5, 2.8, 5.0, 9.3, 3.6, 3.0, 1.6, 4.5, 23.0, 11.0, 47.0, 5.9, 11.9, 37.6, 122.0, 20.0, 45.0, 2.5, 3.2, 16.0, 22.0]}], [{"col": "c5", "type": "TEXT", "data": ["860", "780", "583", "777", "740", "440", "480", "729", "600", "800-850", "800", "550", "650", "700", "396", "830", "315", "509", "481", "348", "360", "462", "465", "900", "367", "900", "550", "657", "890", "907", "540", "912", "270", "296", "513", "830"]}, {"col": "c5_number", "type": "INTEGER", "data": [860, 780, 583, 777, 740, 440, 480, 729, 600, 800, 800, 550, 650, 700, 396, 830, 315, 509, 481, 348, 360, 462, 465, 900, 367, 900, 550, 657, 890, 907, 540, 912, 270, 296, 513, 830]}, {"col": "c5_minimum", "type": "INTEGER", "data": [null, null, null, null, null, null, null, null, null, 800, null, null, null, null, null, null, null, null, null, null, null, null, null, null, null, null, null, null, null, null, null, null, null, null, null, null]}, {"col": "c5_maximum", "type": "INTEGER", "data": [null, null, null, null, null, null, null, null, null, 850, null, null, null, null, null, null, null, null, null, null, null, null, null, null, null, null, null, null, null, null, null, null, null, null, null, null]}], [{"col": "c6", "type": "TEXT", "data": ["14,800", "9,300", "5,926", "5,700", "5,000", "2,550", "2,500", "6,600", "4,800", "5,410", "15,400", "5,616", "7,800", "7,800", "1,627", "4,482", "1,433", "5,003", "5,630", "2,103", "2,600", "2,092", "2,400", "6,200", "1,666", "4,400", "5,000", "1,300", "6,500", "4,445", "3,800", "9,880", "1,500", "1,239", "1,850", "2,500"]}, {"col": "c6_number", "type": "REAL", "data": [14800.0, 9300.0, 5926.0, 5700.0, 5000.0, 2550.0, 2500.0, 6600.0, 4800.0, 5410.0, 15400.0, 5616.0, 7800.0, 7800.0, 1627.0, 4482.0, 1433.0, 5003.0, 5630.0, 2103.0, 2600.0, 2092.0, 2400.0, 6200.0, 1666.0, 4400.0, 5000.0, 1300.0, 6500.0, 4445.0, 3800.0, 9880.0, 1500.0, 1239.0, 1850.0, 2500.0]}], [{"col": "c7", "type": "TEXT", "data": ["223", "141", "31.8", "61", "250", "24", "26.9", "145", "33", "405", "600", "61", "77", "220", "27.4", "265", "8", "15.1", "23.2", "14.2", "10.5", "13.2", "24.7", "72", "27", "210", "20", "45", "120", "381", "70.3", "147", "8", "3.2", "49.2", "68"]}, {"col": "c7_number", "type": "REAL", "data": [223.0, 141.0, 31.8, 61.0, 250.0, 24.0, 26.9, 145.0, 33.0, 405.0, 600.0, 61.0, 77.0, 220.0, 27.4, 265.0, 8.0, 15.1, 23.2, 14.2, 10.5, 13.2, 24.7, 72.0, 27.0, 210.0, 20.0, 45.0, 120.0, 381.0, 70.3, 147.0, 8.0, 3.2, 49.2, 68.0]}]], "is_list": {"id": false, "agg": false, "c1": false, "c2": false, "c3": false, "c3_number": false, "c4": false, "c4_number": false, "c5": false, "c5_number": false, "c5_minimum": false, "c5_maximum": false, "c6": false, "c6_number": false, "c7": false, "c7_number": false}}