{"headers": ["id", "agg", "club", "played", "won", "drawn", "lost", "points for", "points against", "bonus points", "points"], "types": ["id", "agg", "text", "number", "number", "number", "number", "number", "number", "number", "number"], "contents": [[{"col": "id", "type": "INTEGER", "data": [1, 2, 3, 4, 5, 6, 7, 8, 9, 10, 11, 12, 13, 14]}], [{"col": "agg", "type": "INTEGER", "data": [0, 0, 0, 0, 0, 0, 0, 0, 0, 0, 0, 0, 0, 0]}], [{"col": "c1", "type": "TEXT", "data": ["biarritz olympique", "stade francais", "stade toulousain", "usa perpignan", "su agen", "cs bourgoin-jallieu", "castres olympique", "asm clermont", "ca brive", "rc narbonne", "montpellier rc", "aviron bayonnais", "section paloise", "rc toulonnais"]}], [{"col": "c2", "type": "TEXT", "data": ["26", "26", "26", "26", "26", "26", "26", "26", "26", "26", "26", "26", "26", "26"]}, {"col": "c2_number", "type": "REAL", "data": [26.0, 26.0, 26.0, 26.0, 26.0, 26.0, 26.0, 26.0, 26.0, 26.0, 26.0, 26.0, 26.0, 26.0]}], [{"col": "c3", "type": "TEXT", "data": ["19", "19", "19", "18", "15", "14", "13", "14", "10", "11", "9", "8", "9", "3"]}, {"col": "c3_number", "type": "REAL", "data": [19.0, 19.0, 19.0, 18.0, 15.0, 14.0, 13.0, 14.0, 10.0, 11.0, 9.0, 8.0, 9.0, 3.0]}], [{"col": "c4", "type": "TEXT", "data": [null, null, null, null, null, null, null, null, "1", null, "0", "1", "0", "0"]}, {"col": "c4_number", "type": "REAL", "data": [null, null, null, null, null, null, null, null, 1.0, null, 0.0, 1.0, 0.0, 0.0]}], [{"col": "c5", "type": "TEXT", "data": ["7", "7", "7", "8", "11", "12", "13", "12", "15", "15", "17", "17", "17", "23"]}, {"col": "c5_number", "type": "REAL", "data": [7.0, 7.0, 7.0, 8.0, 11.0, 12.0, 13.0, 12.0, 15.0, 15.0, 17.0, 17.0, 17.0, 23.0]}], [{"col": "c6", "type": "TEXT", "data": ["694", "633", "713", "671", "655", "591", "685", "577", "431", "533", "574", "514", "476", "332"]}, {"col": "c6_number", "type": "REAL", "data": [694.0, 633.0, 713.0, 671.0, 655.0, 591.0, 685.0, 577.0, 431.0, 533.0, 574.0, 514.0, 476.0, 332.0]}], [{"col": "c7", "type": "TEXT", "data": ["350", "437", "427", "398", "540", "516", "559", "569", "553", "775", "659", "669", "790", "837"]}, {"col": "c7_number", "type": "REAL", "data": [350.0, 437.0, 427.0, 398.0, 540.0, 516.0, 559.0, 569.0, 553.0, 775.0, 659.0, 669.0, 790.0, 837.0]}], [{"col": "c8", "type": "TEXT", "data": ["14", "13", "12", "12", "10", "11", "14", "7", "9", "3", "10", "9", "4", "7"]}, {"col": "c8_number", "type": "REAL", "data": [14.0, 13.0, 12.0, 12.0, 10.0, 11.0, 14.0, 7.0, 9.0, 3.0, 10.0, 9.0, 4.0, 7.0]}], [{"col": "c9", "type": "TEXT", "data": ["90", "89", "88", "84", "70", "67", "66", "63", "51", "47", "46", "43", "40", "19"]}, {"col": "c9_number", "type": "REAL", "data": [90.0, 89.0, 88.0, 84.0, 70.0, 67.0, 66.0, 63.0, 51.0, 47.0, 46.0, 43.0, 40.0, 19.0]}]], "is_list": {"id": false, "agg": false, "c1": false, "c2": false, "c2_number": false, "c3": false, "c3_number": false, "c4": false, "c4_number": false, "c5": false, "c5_number": false, "c6": false, "c6_number": false, "c7": false, "c7_number": false, "c8": false, "c8_number": false, "c9": false, "c9_number": false}}