{"headers": ["id", "agg", "town/village", "population", "postal code", "municipality", "island", "location"], "types": ["id", "agg", "text", "number", "text", "text", "text", "text"], "contents": [[{"col": "id", "type": "INTEGER", "data": [1, 2, 3, 4, 5, 6, 7, 8, 9, 10, 11, 12, 13, 14, 15, 16, 17, 18, 19, 20, 21, 22, 23, 24, 25, 26, 27, 28, 29, 30, 31, 32, 33, 34, 35, 36, 37, 38, 39, 40, 41, 42, 43, 44, 45, 46, 47, 48, 49, 50, 51, 52, 53, 54, 55, 56, 57, 58, 59, 60, 61, 62, 63, 64, 65, 66, 67, 68, 69, 70, 71, 72, 73, 74, 75, 76, 77, 78, 79, 80, 81, 82, 83, 84, 85, 86, 87, 88, 89, 90, 91, 92, 93, 94, 95, 96, 97, 98, 99, 100, 101, 102, 103, 104, 105, 106, 107, 108, 109, 110, 111, 112, 113, 114, 115, 116, 117, 118, 119, 120, 121, 122, 123]}], [{"col": "agg", "type": "INTEGER", "data": [0, 0, 0, 0, 0, 0, 0, 0, 0, 0, 0, 0, 0, 0, 0, 0, 0, 0, 0, 0, 0, 0, 0, 0, 0, 0, 0, 0, 0, 0, 0, 0, 0, 0, 0, 0, 0, 0, 0, 0, 0, 0, 0, 0, 0, 0, 0, 0, 0, 0, 0, 0, 0, 0, 0, 0, 0, 0, 0, 0, 0, 0, 0, 0, 0, 0, 0, 0, 0, 0, 0, 0, 0, 0, 0, 0, 0, 0, 0, 0, 0, 0, 0, 0, 0, 0, 0, 0, 0, 0, 0, 0, 0, 0, 0, 0, 0, 0, 0, 0, 0, 0, 0, 0, 0, 0, 0, 0, 0, 0, 0, 0, 0, 0, 0, 0, 0, 0, 0, 0, 0, 0, 0]}], [{"col": "c1", "type": "TEXT", "data": ["akrar", "argir", "anir", "arnafj\u00f8r\u00f0ur", "b\u00f8ur", "dalur", "depil", "ei\u00f0i", "elduvik", "famjin", "fro\u00f0ba", "fuglafj\u00f8r\u00f0ur", "funningsfj\u00f8r\u00f0ur", "funningur", "gasadalur", "gjogv", "glyvrar", "g\u00f8tuei\u00f0i", "g\u00f8tugjogv", "haldarsvik", "haraldssund", "hattarvik", "hellur", "hestur", "hov", "hoyvik", "hosvik", "husar", "husavik", "hvalba", "hvalvik", "hvannasund", "hvitanes", "innan glyvur", "kaldbak", "kaldbaksbotnur", "kirkja", "kirkjub\u00f8ur", "klaksvik", "kolbanargjogv", "kollafj\u00f8r\u00f0ur", "koltur", "kunoyar bygd", "kvivik", "lambarei\u00f0i", "lambi", "langasandur", "leirvik", "leynar", "ljosa", "lopra", "mi\u00f0vagur", "mikladalur", "mj\u00f8rkadalur", "morskranes", "muli", "mykines", "nes, eysturoy", "nes, vagur", "nesvik", "nolsoy", "nor\u00f0depil", "nor\u00f0oyri", "nor\u00f0radalur", "nor\u00f0rag\u00f8ta", "nor\u00f0skali", "nor\u00f0toftir", "oyndarfj\u00f8r\u00f0ur", "oyrarbakki", "oyrareingir", "oyri", "porkeri", "rituvik", "runavik", "saksun", "saltangara", "saltnes", "sandavagur", "sandur", "sandvik", "selatra\u00f0", "signab\u00f8ur", "skarvanes", "skalabotnur", "skalavik", "skali", "skar\u00f0", "skipanes", "skopun", "skuvoy", "sk\u00e6lingur", "stora dimun", "strendur", "streymnes", "strond", "stykki\u00f0", "sumba", "sund", "svinair", "svinoy", "sy\u00f0radalur, kalsoy", "sy\u00f0radalur, streymoy", "sy\u00f0rug\u00f8ta", "s\u00f8ldarfj\u00f8r\u00f0ur", "s\u00f8rvagur", "tj\u00f8rnuvik", "toftir", "torshavn", "trongisvagur", "tr\u00f8llanes", "tv\u00f8royri", "undir g\u00f8tuei\u00f0i", "vatnsoyrar", "vagur", "valur", "velbasta\u00f0ur", "vestmanna", "vi\u00f0 air", "vi\u00f0arei\u00f0i", "vikarbyrgi", "\u00e6\u00f0uvik", "\u00f8ravik", "\u00f8ravikarli\u00f0"]}], [{"col": "c2", "type": "TEXT", "data": ["28", "1907", "13", "49", "70", "48", "2", "651", "27", "113", "137", "1542", "65", "83", "14", "52", "421", "39", "53", "164", "74", "17", "26", "39", "128", "2951", "299", "54", "85", "663", "218", "268", "97", "81", "218", "6", "28", "77", "4681", "33", "822", "2", "73", "376", "7", "142", "35", "853", "120", "35", "95", "1032", "44", "1", "45", "4", "22", "230", "30", "1", "256", "164", "83", "17", "575", "249", "6", "180", "97", "44", "142", "357", "271", "476", "33", "830", "153", "744", "596", "113", "63", "157", "5", "100", "99", "182", "0", "59", "484", "55", "11", "10", "817", "201", "0", "42", "264", "3", "23", "54", "5", "7", "410", "348", "974", "70", "832", "12582", "410", "23", "1170", "36", "56", "1402", "55", "164", "1251", "0", "342", "0", "106", "38", "67"]}, {"col": "c2_number", "type": "REAL", "data": [28.0, 1907, 13.0, 49.0, 70.0, 48.0, 2.0, 651.0, 27.0, 113.0, 137.0, 1542, 65.0, 83.0, 14.0, 52.0, 421.0, 39.0, 53.0, 164.0, 74.0, 17.0, 26.0, 39.0, 128.0, 2951, 299.0, 54.0, 85.0, 663.0, 218.0, 268.0, 97.0, 81.0, 218.0, 6.0, 28.0, 77.0, 4681.0, 33.0, 822.0, 2.0, 73.0, 376.0, 7.0, 142.0, 35.0, 853.0, 120.0, 35.0, 95.0, 1032, 44.0, 1.0, 45.0, 4.0, 22.0, 230.0, 30.0, 1.0, 256.0, 164.0, 83.0, 17.0, 575.0, 249.0, 6.0, 180.0, 97.0, 44.0, 142.0, 357.0, 271.0, 476.0, 33.0, 830.0, 153.0, 744.0, 596.0, 113.0, 63.0, 157.0, 5.0, 100.0, 99.0, 182.0, 0.0, 59.0, 484.0, 55.0, 11.0, 10.0, 817.0, 201.0, 0.0, 42.0, 264.0, 3.0, 23.0, 54.0, 5.0, 7.0, 410.0, 348.0, 974.0, 70.0, 832.0, 12582.0, 410.0, 23.0, 1170, 36.0, 56.0, 1402, 55.0, 164.0, 1251, 0.0, 342.0, 0.0, 106.0, 38.0, 67.0]}], [{"col": "c3", "type": "TEXT", "data": ["fo 927", "fo 160", "fo 726", "fo 727", "fo 386", "fo 235", "fo 735", "fo 470", "fo 478", "fo 870", "fo 825", "fo 530", "fo 477", "fo 475", "fo 387", "fo 476", "fo 625", "fo 666", "fo 511", "fo 440", "fo 785", "fo 767", "fo 695", "fo 280", "fo 960", "fo 188", "fo 420", "fo 796", "fo 230", "fo 850", "fo 430", "fo 740", "fo 187", "fo 494", "fo 180", "fo 185", "fo 766", "fo 175", "fo 700", "fo 495", "fo 410", "fo 285", "fo 780", "fo 340", "fo 626", "fo 627", "fo 438", "fo 520", "fo 335", "fo 466", "fo 926", "fo 370", "fo 797", null, "fo 496", "fo 737", "fo 388", "fo 655", "fo 925", "fo 437", "fo 270", "fo 730", "fo 725", "fo 178", "fo 512", "fo 460", "fo 736", "fo 690", "fo 400", "fo 415", "fo 450", "fo 950", "fo 640", "fo 620", "fo 436", "fo 600", "fo 656", "fo 360", "fo 210", "fo 860", "fo 497", "fo 416", "fo 236", "fo 485", "fo 220", "fo 480", "fo 780", "fo 665", "fo 240", "fo 260", "fo 336", "fo 286", "fo 490", "fo 435", "fo 726", "fo 330", "fo 970", "fo 186", "fo 465", "fo 765", "fo 795", "fo 177", "fo 513", "fo 660", "fo 380", "fo 445", "fo 650", "fo 100", "fo 826", "fo 798", "fo 800", "fo 666", "fo 385", "fo 900", "fo 3585", "fo 176", "fo 350", "fo 430", "fo 750", "fo 928", "fo 645", "fo 827", "fo 826/7"]}], [{"col": "c4", "type": "TEXT", "data": ["sumbiar", "torshavnar", "klaksvikar", "klaksvikar", "s\u00f8rvags", "husavikar", "hvannasunds", "ei\u00f0is", "runavikar", "famjins", "tv\u00f8royrar", "fuglafjar\u00f0ar", "runavikar", "funnings", "s\u00f8rvags", "sunda", "runavikar", "g\u00f8tu", "g\u00f8tu", "sunda", "kunoyar", "fugloyar", "fuglafjar\u00f0ar", "torshavnar", "hovs", "torshavnar", "sunda", "husar", "husavikar", "hvalbiar", "sunda", "hvannasunds", "torshavnar", "sjovar", "torshavnar", "torshavnar", "fugloyar", "torshavnar", "klaksvikar", "sjovar", "torshavnar", "torshavnar", "kunoyar", "kvivikar", "runavikar", "runavikar", "sunda", "leirvikar", "kvivikar", "ei\u00f0is", "sumbiar", "mi\u00f0vags", "klaksvikar", "torshavnar", "sjovar", "hvannasunds", "s\u00f8rvags", "nes", "vags", "sunda", "torshavnar", "hvannasunds", "klaksvikar", "torshavnar", "g\u00f8tu", "sunda", "hvannasunds", "runavikar", "sunda", "torshavnar", "sunda", "porkeris", "runavikar", "runavikar", "sunda", "runavikar", "nes", "sandavags", "sands", "hvalbiar", "sjovar", "torshavnar", "husavikar", "runavikar", "skalavikar", "runavikar", "kunoyar", "runavikar", "skopunar", "skyvoyar", "kvivikar", "skuvoyar", "sjovar", "sunda", "klaksvikar", "kvivikar", "sumbiar", "torshavnar", "ei\u00f0is", "svinoyar", "husa", "torshavn", "g\u00f8tu", "runavikar", "s\u00f8rvags", "sunda", "nes", "torshavnar", "tv\u00f8royrar", "klaksvikar", "tv\u00f8royrar", "g\u00f8tu", "mi\u00f0vags", "vags", "kvivikar", "torshavnar", "vestmanna", "hvalvik", "vi\u00f0arei\u00f0is", "sumbiar", "runavikar", "tv\u00f8royrar", "tv\u00f8royrar"]}], [{"col": "c5", "type": "TEXT", "data": ["su\u00f0uroy", "streymoy", "bor\u00f0oy", "bor\u00f0oy", "vagar", "sandoy", "bor\u00f0oy", "eysturoy", "eysturoy", "su\u00f0uroy", "su\u00f0uroy", "eysturoy", "eysturoy", "eysturoy", "vagar", "eysturoy", "eysturoy", "eysturoy", "eysturoy", "streymoy", "kunoy", "fugloy", "eysturoy", "hestur", "su\u00f0uroy", "streymoy", "streymoy", "kalsoy", "sandoy", "su\u00f0uroy", "streymoy", "vi\u00f0oy", "streymoy", "eysturoy", "streymoy", "streymoy", "fugloy", "streymoy", "bor\u00f0oy", "eysturoy", "streymoy", "koltur", "kunoy", "streymoy", "eysturoy", "eysturoy", "streymoy", "eysturoy", "streymoy", "eysturoy", "su\u00f0uroy", "vagar", "kalsoy", "streymoy", "eysturoy", "bor\u00f0oy", "mykines", "eysturoy", "su\u00f0uroy", "streymoy", "nolsoy", "bor\u00f0oy", "bor\u00f0oy", "streymoy", "eysturoy", "eysturoy", "bor\u00f0oy", "eysturoy", "eysturoy", "streymoy", "eysturoy", "su\u00f0uroy", "eysturoy", "eysturoy", "streymoy", "eysturoy", "eysturoy", "vagar", "sandoy", "su\u00f0uroy", "eysturoy", "streymoy", "sandoy", "eysturoy", "sandoy", "eysturoy", "kunoy", "eysturoy", "sandoy", "skuvoy", "streymoy", "stora dimun", "eysturoy", "streymoy", "bor\u00f0oy", "streymoy", "su\u00f0uroy", "streymoy", "eysturoy", "svinoy", "kalsoy", "streymoy", "eysturoy", "eysturoy", "vagar", "streymoy", "eysturoy", "streymoy", "su\u00f0uroy", "kalsoy", "su\u00f0uroy", "eysturoy", "vagar", "su\u00f0uroy", "streymoy", "streymoy", "streymoy", "streymoy", "vi\u00f0oy", "su\u00f0uroy", "eysturoy", "su\u00f0uroy", "su\u00f0uroy"]}], [{"col": "c6", "type": "TEXT", "data": ["61\u00b027\u203220\u2032\u2032n 6\u00b045\u203233\u2032\u2032w\ufeff / \ufeff61.45556\u00b0n 6.75917\u00b0w", "61\u00b059\u203253\u2032\u2032n 6\u00b046\u203223\u2032\u2032w\ufeff / \ufeff61.99806\u00b0n 6.77306\u00b0w", "62\u00b015\u203223\u2032\u2032n 6\u00b034\u203240\u2032\u2032w\ufeff / \ufeff62.25639\u00b0n 6.57778\u00b0w", "62\u00b015\u203221\u2032\u2032n 6\u00b032\u20323\u2032\u2032w\ufeff / \ufeff62.25583\u00b0n 6.53417\u00b0w", "62\u00b05\u203227\u2032\u2032n 7\u00b022\u20323\u2032\u2032w\ufeff / \ufeff62.09083\u00b0n 7.36750\u00b0w", "61\u00b046\u203256\u2032\u2032n 6\u00b040\u203232\u2032\u2032w\ufeff / \ufeff61.78222\u00b0n 6.67556\u00b0w", "62\u00b017\u203210\u2032\u2032n 6\u00b031\u203239\u2032\u2032w\ufeff / \ufeff62.28611\u00b0n 6.52750\u00b0w", "62\u00b018\u20321\u2032\u2032n 7\u00b05\u203220\u2032\u2032w\ufeff / \ufeff62.30028\u00b0n 7.08889\u00b0w", "62\u00b016\u203257\u2032\u2032n 6\u00b054\u203235\u2032\u2032w\ufeff / \ufeff62.28250\u00b0n 6.90972\u00b0w", "61\u00b031\u203235\u2032\u2032n 6\u00b052\u203237\u2032\u2032w\ufeff / \ufeff61.52639\u00b0n 6.87694\u00b0w", "61\u00b032\u203253\u2032\u2032n 6\u00b046\u203220\u2032\u2032w\ufeff / \ufeff61.54806\u00b0n 6.77222\u00b0w", "62\u00b014\u203240\u2032\u2032n 6\u00b048\u203252\u2032\u2032w\ufeff / \ufeff62.24444\u00b0n 6.81444\u00b0w", "62\u00b014\u203217\u2032\u2032n 6\u00b055\u203244\u2032\u2032w\ufeff / \ufeff62.23806\u00b0n 6.92889\u00b0w", "62\u00b017\u203217\u2032\u2032n 6\u00b058\u20322\u2032\u2032w\ufeff / \ufeff62.28806\u00b0n 6.96722\u00b0w", "62\u00b06\u203244\u2032\u2032n 7\u00b026\u20325\u2032\u2032w\ufeff / \ufeff62.11222\u00b0n 7.43472\u00b0w", "62\u00b019\u203230\u2032\u2032n 6\u00b056\u203228\u2032\u2032w\ufeff / \ufeff62.32500\u00b0n 6.94111\u00b0w", "62\u00b07\u203253\u2032\u2032n 6\u00b043\u203227\u2032\u2032w\ufeff / \ufeff62.13139\u00b0n 6.72417\u00b0w", "62\u00b010\u203230\u2032\u2032n 6\u00b046\u203219\u2032\u2032w\ufeff / \ufeff62.17500\u00b0n 6.77194\u00b0w", "62\u00b011\u203225\u2032\u2032n 6\u00b044\u203247\u2032\u2032w\ufeff / \ufeff62.19028\u00b0n 6.74639\u00b0w", "62\u00b016\u203237\u2032\u2032n 7\u00b05\u203225\u2032\u2032w\ufeff / \ufeff62.27694\u00b0n 7.09028\u00b0w", "62\u00b016\u203220\u2032\u2032n 6\u00b036\u20327\u2032\u2032w\ufeff / \ufeff62.27222\u00b0n 6.60194\u00b0w", "62\u00b019\u203251\u2032\u2032n 6\u00b016\u203225\u2032\u2032w\ufeff / \ufeff62.33083\u00b0n 6.27361\u00b0w", "62\u00b015\u203249\u2032\u2032n 6\u00b050\u203240\u2032\u2032w\ufeff / \ufeff62.26361\u00b0n 6.84444\u00b0w", "61\u00b057\u203227\u2032\u2032n 6\u00b053\u203213\u2032\u2032w\ufeff / \ufeff61.95750\u00b0n 6.88694\u00b0w", "61\u00b030\u203230\u2032\u2032n 6\u00b045\u203229\u2032\u2032w\ufeff / \ufeff61.50833\u00b0n 6.75806\u00b0w", "62\u00b01\u203232\u2032\u2032n 6\u00b045\u203232\u2032\u2032w\ufeff / \ufeff62.02556\u00b0n 6.75889\u00b0w", "62\u00b09\u203217\u2032\u2032n 6\u00b056\u203225\u2032\u2032w\ufeff / \ufeff62.15472\u00b0n 6.94028\u00b0w", "62\u00b015\u203254\u2032\u2032n 6\u00b040\u203253\u2032\u2032w\ufeff / \ufeff62.26500\u00b0n 6.68139\u00b0w", "61\u00b048\u203238\u2032\u2032n 6\u00b040\u203235\u2032\u2032w\ufeff / \ufeff61.81056\u00b0n 6.67639\u00b0w", "61\u00b036\u20327\u2032\u2032n 6\u00b056\u203258\u2032\u2032w\ufeff / \ufeff61.60194\u00b0n 6.94944\u00b0w", "62\u00b011\u203223\u2032\u2032n 7\u00b01\u203251\u2032\u2032w\ufeff / \ufeff62.18972\u00b0n 7.03083\u00b0w", "62\u00b017\u203243\u2032\u2032n 6\u00b030\u203258\u2032\u2032w\ufeff / \ufeff62.29528\u00b0n 6.51611\u00b0w", "62\u00b02\u203248\u2032\u2032n 6\u00b046\u203210\u2032\u2032w\ufeff / \ufeff62.04667\u00b0n 6.76944\u00b0w", "62\u00b08\u203221\u2032\u2032n 6\u00b045\u203224\u2032\u2032w\ufeff / \ufeff62.13917\u00b0n 6.75667\u00b0w", "62\u00b03\u203247\u2032\u2032n 6\u00b049\u203234\u2032\u2032w\ufeff / \ufeff62.06306\u00b0n 6.82611\u00b0w", "62\u00b03\u203258\u2032\u2032n 6\u00b054\u203245\u2032\u2032w\ufeff / \ufeff62.06611\u00b0n 6.91250\u00b0w", "62\u00b019\u203210\u2032\u2032n 6\u00b018\u203251\u2032\u2032w\ufeff / \ufeff62.31944\u00b0n 6.31417\u00b0w", "61\u00b057\u203222\u2032\u2032n 6\u00b047\u203237\u2032\u2032w\ufeff / \ufeff61.95611\u00b0n 6.79361\u00b0w", "62\u00b013\u203226\u2032\u2032n 6\u00b034\u203243\u2032\u2032w\ufeff / \ufeff62.22389\u00b0n 6.57861\u00b0w", "62\u00b06\u203230\u2032\u2032n 6\u00b047\u20326\u2032\u2032w\ufeff / \ufeff62.10833\u00b0n 6.78500\u00b0w", "62\u00b07\u20326\u2032\u2032n 6\u00b054\u203220\u2032\u2032w\ufeff / \ufeff62.11833\u00b0n 6.90556\u00b0w", "61\u00b059\u203213\u2032\u2032n 6\u00b057\u203253\u2032\u2032w\ufeff / \ufeff61.98694\u00b0n 6.96472\u00b0w", "62\u00b017\u203237\u2032\u2032n 6\u00b040\u20322\u2032\u2032w\ufeff / \ufeff62.29361\u00b0n 6.66722\u00b0w", "62\u00b07\u203214\u2032\u2032n 7\u00b04\u20324\u2032\u2032w\ufeff / \ufeff62.12056\u00b0n 7.06778\u00b0w", "62\u00b08\u203231\u2032\u2032n 6\u00b043\u203244\u2032\u2032w\ufeff / \ufeff62.14194\u00b0n 6.72889\u00b0w", "62\u00b08\u203233\u2032\u2032n 6\u00b042\u20328\u2032\u2032w\ufeff / \ufeff62.14250\u00b0n 6.70222\u00b0w", "62\u00b014\u203214\u2032\u2032n 7\u00b03\u203213\u2032\u2032w\ufeff / \ufeff62.23722\u00b0n 7.05361\u00b0w", "62\u00b012\u203240\u2032\u2032n 6\u00b042\u203222\u2032\u2032w\ufeff / \ufeff62.21111\u00b0n 6.70611\u00b0w", "62\u00b06\u203258\u2032\u2032n 7\u00b02\u203222\u2032\u2032w\ufeff / \ufeff62.11611\u00b0n 7.03944\u00b0w", "62\u00b016\u20326\u2032\u2032n 7\u00b03\u20321\u2032\u2032w\ufeff / \ufeff62.26833\u00b0n 7.05028\u00b0w", "61\u00b026\u203240\u2032\u2032n 6\u00b046\u20328\u2032\u2032w\ufeff / \ufeff61.44444\u00b0n 6.76889\u00b0w", "62\u00b03\u20324\u2032\u2032n 7\u00b011\u203238\u2032\u2032w\ufeff / \ufeff62.05111\u00b0n 7.19389\u00b0w", "62\u00b020\u20329\u2032\u2032n 6\u00b045\u203250\u2032\u2032w\ufeff / \ufeff62.33583\u00b0n 6.76389\u00b0w", "62\u00b03\u20320\u2032\u2032n 6\u00b058\u20320\u2032\u2032w\ufeff / \ufeff62.05000\u00b0n 6.96667\u00b0w", "62\u00b07\u203259\u2032\u2032n 6\u00b050\u203231\u2032\u2032w\ufeff / \ufeff62.13306\u00b0n 6.84194\u00b0w", "62\u00b021\u203210\u2032\u2032n 6\u00b034\u203247\u2032\u2032w\ufeff / \ufeff62.35278\u00b0n 6.57972\u00b0w", "62\u00b06\u203215\u2032\u2032n 7\u00b038\u203246\u2032\u2032w\ufeff / \ufeff62.10417\u00b0n 7.64611\u00b0w", "62\u00b04\u203247\u2032\u2032n 6\u00b043\u203228\u2032\u2032w\ufeff / \ufeff62.07972\u00b0n 6.72444\u00b0w", "61\u00b028\u203220\u2032\u2032n 6\u00b045\u203233\u2032\u2032w\ufeff / \ufeff61.47222\u00b0n 6.75917\u00b0w", "62\u00b012\u203235\u2032\u2032n 7\u00b00\u203230\u2032\u2032w\ufeff / \ufeff62.20972\u00b0n 7.00833\u00b0w", "62\u00b00\u203233\u2032\u2032n 6\u00b040\u20327\u2032\u2032w\ufeff / \ufeff62.00917\u00b0n 6.66861\u00b0w", "62\u00b017\u203251\u2032\u2032n 6\u00b031\u203232\u2032\u2032w\ufeff / \ufeff62.29750\u00b0n 6.52556\u00b0w", "62\u00b012\u203250\u2032\u2032n 6\u00b032\u203227\u2032\u2032w\ufeff / \ufeff62.21389\u00b0n 6.54083\u00b0w", "62\u00b02\u203225\u2032\u2032n 6\u00b055\u203222\u2032\u2032w\ufeff / \ufeff62.04028\u00b0n 6.92278\u00b0w", "62\u00b012\u20323\u2032\u2032n 6\u00b044\u203227\u2032\u2032w\ufeff / \ufeff62.20083\u00b0n 6.74083\u00b0w", "62\u00b012\u203247\u2032\u2032n 6\u00b059\u203259\u2032\u2032w\ufeff / \ufeff62.21306\u00b0n 6.99972\u00b0w", "62\u00b016\u203238\u2032\u2032n 6\u00b030\u203249\u2032\u2032w\ufeff / \ufeff62.27722\u00b0n 6.51361\u00b0w", "62\u00b016\u203240\u2032\u2032n 6\u00b051\u20324\u2032\u2032w\ufeff / \ufeff62.27778\u00b0n 6.85111\u00b0w", "62\u00b012\u20325\u2032\u2032n 6\u00b059\u203240\u2032\u2032w\ufeff / \ufeff62.20139\u00b0n 6.99444\u00b0w", "62\u00b06\u203219\u2032\u2032n 6\u00b057\u203241\u2032\u2032w\ufeff / \ufeff62.10528\u00b0n 6.96139\u00b0w", "62\u00b011\u203226\u2032\u2032n 6\u00b058\u203224\u2032\u2032w\ufeff / \ufeff62.19056\u00b0n 6.97333\u00b0w", "61\u00b028\u203259\u2032\u2032n 6\u00b044\u203236\u2032\u2032w\ufeff / \ufeff61.48306\u00b0n 6.74333\u00b0w", "62\u00b06\u203225\u2032\u2032n 6\u00b040\u203258\u2032\u2032w\ufeff / \ufeff62.10694\u00b0n 6.68278\u00b0w", "62\u00b06\u203234\u2032\u2032n 6\u00b043\u20329\u2032\u2032w\ufeff / \ufeff62.10944\u00b0n 6.71917\u00b0w", "62\u00b014\u203256\u2032\u2032n 7\u00b010\u203233\u2032\u2032w\ufeff / \ufeff62.24889\u00b0n 7.17583\u00b0w", "62\u00b07\u20323\u2032\u2032n 6\u00b043\u20327\u2032\u2032w\ufeff / \ufeff62.11750\u00b0n 6.71861\u00b0w", "62\u00b06\u203219\u2032\u2032n 6\u00b044\u203222\u2032\u2032w\ufeff / \ufeff62.10528\u00b0n 6.73944\u00b0w", "62\u00b03\u203224\u2032\u2032n 7\u00b09\u203215\u2032\u2032w\ufeff / \ufeff62.05667\u00b0n 7.15417\u00b0w", "61\u00b050\u203210\u2032\u2032n 6\u00b048\u203238\u2032\u2032w\ufeff / \ufeff61.83611\u00b0n 6.81056\u00b0w", "61\u00b038\u203216\u2032\u2032n 6\u00b055\u203219\u2032\u2032w\ufeff / \ufeff61.63778\u00b0n 6.92194\u00b0w", "62\u00b09\u203231\u2032\u2032n 6\u00b052\u203241\u2032\u2032w\ufeff / \ufeff62.15861\u00b0n 6.87806\u00b0w", "62\u00b05\u203248\u2032\u2032n 6\u00b055\u203243\u2032\u2032w\ufeff / \ufeff62.09667\u00b0n 6.92861\u00b0w", "61\u00b047\u203235\u2032\u2032n 6\u00b044\u203213\u2032\u2032w\ufeff / \ufeff61.79306\u00b0n 6.73694\u00b0w", "62\u00b011\u203252\u2032\u2032n 6\u00b050\u203259\u2032\u2032w\ufeff / \ufeff62.19778\u00b0n 6.84972\u00b0w", "61\u00b050\u20321\u2032\u2032n 6\u00b039\u203233\u2032\u2032w\ufeff / \ufeff61.83361\u00b0n 6.65917\u00b0w", "62\u00b09\u203244\u2032\u2032n 6\u00b046\u203257\u2032\u2032w\ufeff / \ufeff62.16222\u00b0n 6.78250\u00b0w", "62\u00b019\u203227\u2032\u2032n 6\u00b039\u20329\u2032\u2032w\ufeff / \ufeff62.32417\u00b0n 6.65250\u00b0w", "62\u00b010\u20326\u2032\u2032n 6\u00b045\u203240\u2032\u2032w\ufeff / \ufeff62.16833\u00b0n 6.76111\u00b0w", "61\u00b054\u203211\u2032\u2032n 6\u00b052\u203229\u2032\u2032w\ufeff / \ufeff61.90306\u00b0n 6.87472\u00b0w", "61\u00b046\u203227\u2032\u2032n 6\u00b048\u203217\u2032\u2032w\ufeff / \ufeff61.77417\u00b0n 6.80472\u00b0w", "62\u00b05\u203245\u2032\u2032n 7\u00b00\u203224\u2032\u2032w\ufeff / \ufeff62.09583\u00b0n 7.00667\u00b0w", "61\u00b041\u203250\u2032\u2032n 6\u00b045\u20325\u2032\u2032w\ufeff / \ufeff61.69722\u00b0n 6.75139\u00b0w", "62\u00b06\u203246\u2032\u2032n 6\u00b045\u203223\u2032\u2032w\ufeff / \ufeff62.11278\u00b0n 6.75639\u00b0w", "62\u00b011\u203235\u2032\u2032n 7\u00b01\u203254\u2032\u2032w\ufeff / \ufeff62.19306\u00b0n 7.03167\u00b0w", "62\u00b015\u203254\u2032\u2032n 6\u00b035\u203207\u2032\u2032w\ufeff / \ufeff62.26500\u00b0n 6.58528\u00b0w", "62\u00b07\u20320\u2032\u2032n 7\u00b02\u203252\u2032\u2032w\ufeff / \ufeff62.11667\u00b0n 7.04778\u00b0w", "61\u00b024\u203221\u2032\u2032n 6\u00b042\u203219\u2032\u2032w\ufeff / \ufeff61.40583\u00b0n 6.70528\u00b0w", "62\u00b02\u203259\u2032\u2032n 6\u00b050\u203246\u2032\u2032w\ufeff / \ufeff62.04972\u00b0n 6.84611\u00b0w", "62\u00b013\u203246\u2032\u2032n 7\u00b01\u203225\u2032\u2032w\ufeff / \ufeff62.22944\u00b0n 7.02361\u00b0w", "62\u00b016\u203247\u2032\u2032n 6\u00b020\u203255\u2032\u2032w\ufeff / \ufeff62.27972\u00b0n 6.34861\u00b0w", "62\u00b014\u203246\u2032\u2032n 6\u00b039\u203248\u2032\u2032w\ufeff / \ufeff62.24611\u00b0n 6.66333\u00b0w", "62\u00b01\u203227\u2032\u2032n 6\u00b054\u203236\u2032\u2032w\ufeff / \ufeff62.02417\u00b0n 6.91000\u00b0w", "62\u00b011\u203212\u2032\u2032n 6\u00b045\u203212\u2032\u2032w\ufeff / \ufeff62.18667\u00b0n 6.75333\u00b0w", "62\u00b09\u203235\u2032\u2032n 6\u00b045\u20324\u2032\u2032w\ufeff / \ufeff62.15972\u00b0n 6.75111\u00b0w", "62\u00b04\u203228\u2032\u2032n 7\u00b018\u203234\u2032\u2032w\ufeff / \ufeff62.07444\u00b0n 7.30944\u00b0w", "62\u00b017\u203217\u2032\u2032n 7\u00b08\u203227\u2032\u2032w\ufeff / \ufeff62.28806\u00b0n 7.14083\u00b0w", "62\u00b05\u203220\u2032\u2032n 6\u00b044\u20328\u2032\u2032w\ufeff / \ufeff62.08889\u00b0n 6.73556\u00b0w", "62\u00b00\u203242\u2032\u2032n 6\u00b046\u20323\u2032\u2032w\ufeff / \ufeff62.01167\u00b0n 6.76750\u00b0w", "61\u00b033\u203250\u2032\u2032n 6\u00b050\u203240\u2032\u2032w\ufeff / \ufeff61.56389\u00b0n 6.84444\u00b0w", "62\u00b021\u203243\u2032\u2032n 6\u00b047\u203218\u2032\u2032w\ufeff / \ufeff62.36194\u00b0n 6.78833\u00b0w", "61\u00b033\u203221\u2032\u2032n 6\u00b048\u203212\u2032\u2032w\ufeff / \ufeff61.55583\u00b0n 6.80333\u00b0w", "62\u00b010\u203230\u2032\u2032n 6\u00b046\u203219\u2032\u2032w\ufeff / \ufeff62.17500\u00b0n 6.77194\u00b0w", "62\u00b04\u203227\u2032\u2032n 7\u00b014\u203253\u2032\u2032w\ufeff / \ufeff62.07417\u00b0n 7.24806\u00b0w", "61\u00b028\u203231\u2032\u2032n 6\u00b048\u203226\u2032\u2032w\ufeff / \ufeff61.47528\u00b0n 6.80722\u00b0w", "62\u00b009\u203222\u2032\u2032n 7\u00b009\u203259\u2032\u2032w\ufeff / \ufeff62.15611\u00b0n 7.16639\u00b0w", "61\u00b059\u20325\u2032\u2032n 6\u00b051\u20322\u2032\u2032w\ufeff / \ufeff61.98472\u00b0n 6.85056\u00b0w", "62\u00b09\u203223\u2032\u2032n 7\u00b09\u203259\u2032\u2032w\ufeff / \ufeff62.15639\u00b0n 7.16639\u00b0w", "62\u00b010\u203226\u2032\u2032n 6\u00b058\u203229\u2032\u2032w\ufeff / \ufeff62.17389\u00b0n 6.97472\u00b0w", "62\u00b021\u203235\u2032\u2032n 6\u00b031\u203258\u2032\u2032w\ufeff / \ufeff62.35972\u00b0n 6.53278\u00b0w", "61\u00b026\u203234\u2032\u2032n 6\u00b043\u203228\u2032\u2032w\ufeff / \ufeff61.44278\u00b0n 6.72444\u00b0w", "62\u00b04\u203211\u2032\u2032n 6\u00b041\u203224\u2032\u2032w\ufeff / \ufeff62.06972\u00b0n 6.69000\u00b0w", "61\u00b032\u203210\u2032\u2032n 6\u00b048\u203231\u2032\u2032w\ufeff / \ufeff61.53611\u00b0n 6.80861\u00b0w", "61\u00b033\u2032n 6\u00b050\u2032w\ufeff / \ufeff61.550\u00b0n 6.833\u00b0w"]}]], "is_list": {"id": false, "agg": false, "c1": false, "c2": false, "c2_number": false, "c3": false, "c4": false, "c5": false, "c6": false}}