{"headers": ["id", "agg", "year", "injuries (us $000)", "deaths (age <15)", "cpsc toy safety funding\n(us$ millions)", "toy sales\n(us $ billions)"], "types": ["id", "agg", "number", "number(text)", "number", "number", "number"], "contents": [[{"col": "id", "type": "INTEGER", "data": [1, 2, 3, 4, 5, 6, 7, 8, 9, 10, 11, 12, 13, 14, 15, 16]}], [{"col": "agg", "type": "INTEGER", "data": [0, 0, 0, 0, 0, 0, 0, 0, 0, 0, 0, 0, 0, 0, 0, 0]}], [{"col": "c1", "type": "TEXT", "data": ["1994", "1995", "1996", "1997", "1998", "1999", "2000", "2001", "2002", "2003", "2004", "2005", "2006", "2007", "2008", "2009"]}, {"col": "c1_number", "type": "INTEGER", "data": [1994, 1995, 1996, 1997, 1998, 1999, 2000, 2001, 2002, 2003, 2004, 2005, 2006, 2007, 2008, 2009]}], [{"col": "c2", "type": "TEXT", "data": ["154", "139", "130", "141", "153", "152", "191", "255", "212", "206", "210", "202 (estimate)", null, null, null, null]}, {"col": "c2_first", "type": "TEXT", "data": ["154", "139", "130", "141", "153", "152", "191", "255", "212", "206", "210", "202", null, null, null, null]}, {"col": "c2_second", "type": "TEXT", "data": [null, null, null, null, null, null, null, null, null, null, null, "estimate", null, null, null, null]}, {"col": "c2_first_number", "type": "REAL", "data": [154.0, 139.0, 130.0, 141.0, 153.0, 152.0, 191.0, 255.0, 212.0, 206.0, 210.0, 202.0, null, null, null, null]}], [{"col": "c3", "type": "TEXT", "data": [null, null, null, null, "14", "16", "17", "25", "13", "11", "16", "20", "22", "22", "19", "12"]}, {"col": "c3_number", "type": "REAL", "data": [null, null, null, null, 14.0, 16.0, 17.0, 25.0, 13.0, 11.0, 16.0, 20.0, 22.0, 22.0, 19.0, 12.0]}], [{"col": "c4", "type": "TEXT", "data": [null, null, null, null, null, "13.6", "12", "12.4", "12.2", "12.8", "11.5", "11", null, null, null, null]}, {"col": "c4_number", "type": "REAL", "data": [null, null, null, null, null, 13.6, 12.0, 12.4, 12.2, 12.8, 11.5, 11.0, null, null, null, null]}], [{"col": "c5", "type": "TEXT", "data": [null, null, null, null, null, null, null, null, "21.3", "20.7", "22.4", "22.2", "22.3", null, null, null]}, {"col": "c5_number", "type": "REAL", "data": [null, null, null, null, null, null, null, null, 21.3, 20.7, 22.4, 22.2, 22.3, null, null, null]}]], "is_list": {"id": false, "agg": false, "c1": false, "c1_number": false, "c2": false, "c2_first": false, "c2_second": false, "c2_first_number": false, "c3": false, "c3_number": false, "c4": false, "c4_number": false, "c5": false, "c5_number": false}}