{"headers": ["id", "agg", "season", "tier", "league", "pos.", "postseason", "german cup", "european competitions"], "types": ["id", "agg", "timespan", "number", "text", "number", "text", "text", "text"], "contents": [[{"col": "id", "type": "INTEGER", "data": [1, 2, 3, 4, 5, 6, 7, 8, 9, 10, 11, 12, 13, 14, 15, 16, 17, 18, 19, 20, 21, 22, 23]}], [{"col": "agg", "type": "INTEGER", "data": [0, 0, 0, 0, 0, 0, 0, 0, 0, 0, 0, 0, 0, 0, 0, 0, 0, 0, 0, 0, 0, 0, 0]}], [{"col": "c1", "type": "TEXT", "data": ["1991-92", "1992-93", "1993-94", "1994-95", "1995-96", "1996-97", "1997-98", "1998-99", "1999-00", "2000-01", "2001-02", "2002-03", "2003-04", "2004-05", "2005-06", "2006-07", "2007-08", "2008-09", "2009-10", "2010-11", "2011-12", "2012-13", "2013-14"]}, {"col": "c1_minimum_number", "type": "INTEGER", "data": [1991, 1992, 1993, 1994, 1995, 1996, 1997, 1998, 1999, 2000, 2001, 2002, 2003, 2004, 2005, 2006, 2007, 2008, 2009, 2010, 2011, 2012, 2013]}, {"col": "c1_minimum_parsed", "type": "INTEGER", "data": [1991, 1992, 1993, 1994, 1995, 1996, 1997, 1998, 1999, 2000, 2001, 2002, 2003, 2004, 2005, 2006, 2007, 2008, 2009, 2010, 2011, 2012, 2013]}, {"col": "c1_minimum_year", "type": "INTEGER", "data": [1991, 1992, 1993, 1994, 1995, 1996, 1997, 1998, 1999, 2000, 2001, 2002, 2003, 2004, 2005, 2006, 2007, 2008, 2009, 2010, 2011, 2012, 2013]}, {"col": "c1_maximum_number", "type": "INTEGER", "data": [1992, 1993, 1994, 1995, 1996, 1997, 1998, 1999, 1900, 2001, 2002, 2003, 2004, 2005, 2006, 2007, 2008, 2009, 2010, 2011, 2012, 2013, 2014]}, {"col": "c1_maximum_parsed", "type": "INTEGER", "data": [1992, 1993, 1994, 1995, 1996, 1997, 1998, 1999, 1900, 2001, 2002, 2003, 2004, 2005, 2006, 2007, 2008, 2009, 2010, 2011, 2012, 2013, 2014]}, {"col": "c1_maximum_year", "type": "INTEGER", "data": [1992, 1993, 1994, 1995, 1996, 1997, 1998, 1999, 1900, 2001, 2002, 2003, 2004, 2005, 2006, 2007, 2008, 2009, 2010, 2011, 2012, 2013, 2014]}], [{"col": "c2", "type": "TEXT", "data": ["1", "1", "1", "1", "1", "1", "1", "1", "1", "1", "1", "1", "1", "1", "1", "1", "1", "1", "1", "1", "1", "1", "1"]}, {"col": "c2_number", "type": "REAL", "data": [1.0, 1.0, 1.0, 1.0, 1.0, 1.0, 1.0, 1.0, 1.0, 1.0, 1.0, 1.0, 1.0, 1.0, 1.0, 1.0, 1.0, 1.0, 1.0, 1.0, 1.0, 1.0, 1.0]}], [{"col": "c3", "type": "TEXT", "data": ["bundesliga", "bundesliga", "bundesliga", "bundesliga", "bundesliga", "bundesliga", "bundesliga", "bundesliga", "bundesliga", "bundesliga", "bundesliga", "bundesliga", "bundesliga", "bundesliga", "bundesliga", "bundesliga", "bundesliga", "bundesliga", "bundesliga", "bundesliga", "bundesliga", "bundesliga", "bundesliga"]}], [{"col": "c4", "type": "TEXT", "data": ["2", "1", "1", "1", "4", "3", "3", "6", "10", "10", "7", "2", "2", "1", "3", "1", "7", "4", "1", "1", "1", "1", null]}, {"col": "c4_number", "type": "REAL", "data": [2.0, 1.0, 1.0, 1.0, 4.0, 3.0, 3.0, 6.0, 10.0, 10.0, 7.0, 2.0, 2.0, 1.0, 3.0, 1.0, 7.0, 4.0, 1.0, 1.0, 1.0, 1.0, null]}], [{"col": "c5", "type": "TEXT", "data": ["semifinalist", "finalist", "semifinalist", "semifinalist", "semifinalist", "semifinalist", "semifinalist", "quarterfinalist", "round of 16", "relegation playoffs", "quarterfinalist", "finalist", "finalist", "champion", "semifinalist", "champion", "quarterfinalist", "semifinalist", "champion", "champion", "champion", "champion", null]}], [{"col": "c6", "type": "TEXT", "data": ["champion", null, "semifinalist", null, "semifinalist", "semifinalist", null, "third place", null, null, null, null, null, null, "finalist", null, null, null, "champion", "champion", "champion", "quarterfinalist", "third place"]}], [{"col": "c7", "type": "TEXT", "data": [null, null, null, "3 played korac cup", "3 played korac cup", "3 played korac cup", "3 played korac cup", "3 played korac cup", null, null, null, null, "3 played fiba europe league", "2 played uleb cup", "1 euroleague top 16", "2 played uleb cup", "1 euroleague regular season", "2 played eurocup", "2 played eurocup", "1 euroleague regular season", "1 euroleague regular season", "1 euroleague top 16", "1 euroleague regular season\n2 eurocup last 32"]}]], "is_list": {"id": false, "agg": false, "c1": false, "c1_minimum_number": false, "c1_minimum_parsed": false, "c1_minimum_year": false, "c1_maximum_number": false, "c1_maximum_parsed": false, "c1_maximum_year": false, "c2": false, "c2_number": false, "c3": false, "c4": false, "c4_number": false, "c5": false, "c6": false, "c7": false}}