{"headers": ["id", "agg", "pick #", "player", "position", "nationality", "nhl team", "college/junior/club team"], "types": ["id", "agg", "number", "text", "text", "text", "text", "text(text)"], "contents": [[{"col": "id", "type": "INTEGER", "data": [1, 2, 3, 4, 5, 6, 7, 8, 9, 10, 11, 12, 13, 14, 15, 16, 17, 18, 19, 20, 21]}], [{"col": "agg", "type": "INTEGER", "data": [0, 0, 0, 0, 0, 0, 0, 0, 0, 0, 0, 0, 0, 0, 0, 0, 0, 0, 0, 0, 0]}], [{"col": "c1", "type": "TEXT", "data": ["148", "149", "150", "151", "152", "153", "154", "155", "156", "157", "158", "159", "160", "161", "162", "163", "164", "165", "166", "167", "168"]}, {"col": "c1_number", "type": "REAL", "data": [148.0, 149.0, 150.0, 151.0, 152.0, 153.0, 154.0, 155.0, 156.0, 157.0, 158.0, 159.0, 160.0, 161.0, 162.0, 163.0, 164.0, 165.0, 166.0, 167.0, 168.0]}], [{"col": "c2", "type": "TEXT", "data": ["paul krake", "phil huber", "derek langille", "jim solly", "sergei starikov", "milan tichy", "jon pratt", "rob sangster", "kevin plager", "raymond saumier", "andy suhy", "sverre sears", "greg spenrath", "derek plante", "darcy martini", "david shute", "rick allain", "sean whyte", "dean holoien", "patrick lebeau", "kevin wortman"]}], [{"col": "c3", "type": "TEXT", "data": ["goalie", "center", "defense", "left wing", "defense", "defense", "left wing", "left wing", "right wing", "right wing", "defense", "defense", "defense", "center", "defense", "left wing", "defense", "right wing", "right wing", "left wing", "defense"]}], [{"col": "c4", "type": "TEXT", "data": ["canada", "canada", "canada", "canada", "soviet union", "czechoslovakia", "united states", "canada", "united states", "canada", "united states", "united states", "canada", "united states", "canada", "united states", "canada", "canada", "canada", "canada", "united states"]}], [{"col": "c5", "type": "TEXT", "data": ["quebec nordiques", "new york islanders", "toronto maple leafs", "winnipeg jets", "new jersey devils", "chicago blackhawks", "minnesota north stars", "vancouver canucks", "st. louis blues", "hartford whalers", "detroit red wings", "philadelphia flyers", "new york rangers", "buffalo sabres", "edmonton oilers", "pittsburgh penguins", "boston bruins", "los angeles kings", "washington capitals", "montreal canadiens", "calgary flames"]}], [{"col": "c6", "type": "TEXT", "data": ["university of alaska anchorage (ncaa)", "kamloops blazers (whl)", "north bay centennials (ohl)", "bowling green state university (ncaa)", "cska moscow (ussr)", "prince albert raiders (whl)", "pingree high school (ushs-ma)", "kitchener rangers (ohl)", "parkway north high school (ushs-mo)", "trois rivieres draveurs (qmjhl)", "western michigan university (ncaa)", "princeton university (ncaa)", "tri-city americans (whl)", "cloquet high school (ushs-mn)", "michigan technological university (ncaa)", "victoria cougars (whl)", "kitchener rangers (ohl)", "guelph platers (ohl)", "saskatoon blades (whl)", "st-jean lynx (qmjhl)", "american international college (ncaa)"]}, {"col": "c6_first", "type": "TEXT", "data": ["university of alaska anchorage", "kamloops blazers", "north bay centennials", "bowling green state university", "cska moscow", "prince albert raiders", "pingree high school", "kitchener rangers", "parkway north high school", "trois rivieres draveurs", "western michigan university", "princeton university", "tri-city americans", "cloquet high school", "michigan technological university", "victoria cougars", "kitchener rangers", "guelph platers", "saskatoon blades", "st-jean lynx", "american international college"]}, {"col": "c6_second", "type": "TEXT", "data": ["ncaa", "whl", "ohl", "ncaa", "ussr", "whl", "ushs-ma", "ohl", "ushs-mo", "qmjhl", "ncaa", "ncaa", "whl", "ushs-mn", "ncaa", "whl", "ohl", "ohl", "whl", "qmjhl", "ncaa"]}]], "is_list": {"id": false, "agg": false, "c1": false, "c1_number": false, "c2": false, "c3": false, "c4": false, "c5": false, "c6": false, "c6_first": false, "c6_second": false}}