{"headers": ["id", "agg", "year", "film", "rotten tomatoes", "metacritic", "imdb"], "types": ["id", "agg", "number", "text", "percentage", "percentage", "fraction"], "contents": [[{"col": "id", "type": "INTEGER", "data": [1, 2, 3, 4, 5, 6, 7, 8, 9, 10, 11, 12, 13, 14, 15]}], [{"col": "agg", "type": "INTEGER", "data": [0, 0, 0, 0, 0, 0, 0, 0, 0, 0, 0, 0, 0, 0, 0]}], [{"col": "c1", "type": "TEXT", "data": ["1982", "1984", "1987", "1991", "1996", "1998", "2000", "2003", "2003", "2005", "2006", "2009", "2011", "2013", "2013"]}, {"col": "c1_number", "type": "INTEGER", "data": [1982, 1984, 1987, 1991, 1996, 1998, 2000, 2003, 2003, 2005, 2006, 2009, 2011, 2013, 2013]}], [{"col": "c2", "type": "TEXT", "data": ["images of liberation", "the element of crime", "epidemic", "europa", "breaking the waves", "the idiots", "dancer in the dark", "the five obstructions", "dogville", "manderlay", "the boss of it all", "antichrist", "melancholia", "nymphomaniac: volume i", "nymphomaniac: volume ii"]}], [{"col": "c3", "type": "TEXT", "data": [null, "77%", "33%", "85%", "86%", "70%", "68%", "88%", "70%", "51%", "74%", "48%", "77%", "77%", "79%"]}, {"col": "c3_number", "type": "REAL", "data": [null, 77.0, 33.0, 85.0, 86.0, 70.0, 68.0, 88.0, 70.0, 51.0, 74.0, 48.0, 77.0, 77.0, 79.0]}], [{"col": "c4", "type": "TEXT", "data": [null, null, "66%", "66%", "76%", "47%", "61%", "79%", "59%", "46%", "71%", "49%", "80%", "63%", "76%"]}, {"col": "c4_number", "type": "REAL", "data": [null, null, 66.0, 66.0, 76.0, 47.0, 61.0, 79.0, 59.0, 46.0, 71.0, 49.0, 80.0, 63.0, 76.0]}], [{"col": "c5", "type": "TEXT", "data": ["5.1/10", "6.9/10", "6.1/10", "7.7/10", "7.9/10", "6.9/10", "8.0/10", "7.5/10", "8.0/10", "7.4/10", "6.7/10", "6.6/10", "7.1/10", "7.5/10", "7.2/10"]}, {"col": "c5_number", "type": "REAL", "data": [5.1, 6.9, 6.1, 7.7, 7.9, 6.9, 8.0, 7.5, 8.0, 7.4, 6.7, 6.6, 7.1, 7.5, 7.2]}, {"col": "c5_number1", "type": "REAL", "data": [5.1, 6.9, 6.1, 7.7, 7.9, 6.9, 8.0, 7.5, 8.0, 7.4, 6.7, 6.6, 7.1, 7.5, 7.2]}, {"col": "c5_number2", "type": "INTEGER", "data": [10, 10, 10, 10, 10, 10, 10, 10, 10, 10, 10, 10, 10, 10, 10]}]], "is_list": {"id": false, "agg": false, "c1": false, "c1_number": false, "c2": false, "c3": false, "c3_number": false, "c4": false, "c4_number": false, "c5": false, "c5_number": false, "c5_number1": false, "c5_number2": false}}