{"headers": ["id", "agg", "rank", "nation", "gold", "silver", "bronze", "total"], "types": ["id", "agg", "number", "text", "number", "number", "number", "number"], "contents": [[{"col": "id", "type": "INTEGER", "data": [1, 2, 3, 4, 5, 6, 7, 8, 9, 10, 11, 12, 13, 14, 15, 16, 17, 18, 19, 20, 21, 22, 23, 24, 25, 26, 27, 28]}], [{"col": "agg", "type": "INTEGER", "data": [0, 0, 0, 0, 0, 0, 0, 0, 0, 0, 0, 0, 0, 0, 0, 0, 0, 0, 0, 0, 0, 0, 0, 0, 0, 0, 0, 0]}], [{"col": "c1", "type": "TEXT", "data": ["1", "2", "3", "4", "5", "6", "7", "8", "9", "10", "11", "12", "13", "14", "15", "16", "17", "18", "19", "20", "21", "22", "23", "24", "25", "26", "27", "28"]}, {"col": "c1_number", "type": "REAL", "data": [1.0, 2.0, 3.0, 4.0, 5.0, 6.0, 7.0, 8.0, 9.0, 10.0, 11.0, 12.0, 13.0, 14.0, 15.0, 16.0, 17.0, 18.0, 19.0, 20.0, 21.0, 22.0, 23.0, 24.0, 25.0, 26.0, 27.0, 28.0]}], [{"col": "c2", "type": "TEXT", "data": ["france", "romania", "canada", "quebec", "morocco", "tunisia", "egypt", "switzerland", "senegal", "french community of belgium", "madagascar", "burkina faso", "togo", "guinea", "lebanon", "ivory coast", "republic of the congo", "new brunswick", "central african republic", "dominica", "gabon", "mali", "cambodia", "luxembourg", "mauritius", "burundi", "djibouti", "vietnam"]}], [{"col": "c3", "type": "TEXT", "data": ["28", "16", "14", "8", "6", "4", "2", "2", "2", "1", "1", "1", "1", "1", "1", null, null, null, null, null, null, null, null, null, null, null, null, null]}, {"col": "c3_number", "type": "REAL", "data": [28.0, 16.0, 14.0, 8.0, 6.0, 4.0, 2.0, 2.0, 2.0, 1.0, 1.0, 1.0, 1.0, 1.0, 1.0, null, null, null, null, null, null, null, null, null, null, null, null, null]}], [{"col": "c4", "type": "TEXT", "data": ["28", "3", "10", "4", "11", "7", "5", "1", "1", "3", "2", null, null, null, null, "3", "3", "1", "1", "1", "1", "1", null, null, null, null, null, null]}, {"col": "c4_number", "type": "REAL", "data": [28.0, 3.0, 10.0, 4.0, 11.0, 7.0, 5.0, 1.0, 1.0, 3.0, 2.0, null, null, null, null, 3.0, 3.0, 1.0, 1.0, 1.0, 1.0, 1.0, null, null, null, null, null, null]}], [{"col": "c5", "type": "TEXT", "data": ["24", "5", "15", "16", "7", "1", "4", "5", "3", "6", "3", "2", "1", null, null, "3", "2", "2", null, null, null, null, "2", "2", "2", "1", "1", "1"]}, {"col": "c5_number", "type": "REAL", "data": [24.0, 5.0, 15.0, 16.0, 7.0, 1.0, 4.0, 5.0, 3.0, 6.0, 3.0, 2.0, 1.0, null, null, 3.0, 2.0, 2.0, null, null, null, null, 2.0, 2.0, 2.0, 1.0, 1.0, 1.0]}], [{"col": "c6", "type": "TEXT", "data": ["80", "24", "39", "28", "24", "12", "11", "8", "6", "10", "6", "3", "2", "1", "1", "6", "5", "3", "1", "1", "1", "1", "2", "2", "2", "1", "1", "1"]}, {"col": "c6_number", "type": "REAL", "data": [80.0, 24.0, 39.0, 28.0, 24.0, 12.0, 11.0, 8.0, 6.0, 10.0, 6.0, 3.0, 2.0, 1.0, 1.0, 6.0, 5.0, 3.0, 1.0, 1.0, 1.0, 1.0, 2.0, 2.0, 2.0, 1.0, 1.0, 1.0]}]], "is_list": {"id": false, "agg": false, "c1": false, "c1_number": false, "c2": false, "c3": false, "c3_number": false, "c4": false, "c4_number": false, "c5": false, "c5_number": false, "c6": false, "c6_number": false}}