{"headers": ["id", "agg", "channel", "definition", "organisation", "ownership", "notes"], "types": ["id", "agg", "text", "text", "text", "text", "text"], "contents": [[{"col": "id", "type": "INTEGER", "data": [1, 2, 3, 4, 5, 6, 7, 8, 9, 10, 11, 12, 13, 14, 15, 16]}], [{"col": "agg", "type": "INTEGER", "data": [0, 0, 0, 0, 0, 0, 0, 0, 0, 0, 0, 0, 0, 0, 0, 0]}], [{"col": "c1", "type": "TEXT", "data": ["abc1", "abc2", "abc3", "abc news 24", "sbs one", "sbs two", "7", "7two", "7mate", "9", "nine hd", "go", "gem", "10", "one hd", "eleven"]}], [{"col": "c2", "type": "TEXT", "data": ["hd", "sd", "sd", "hd", "sd", "sd", "sd", "sd", "sd", "sd", "hd", "sd", "sd", "sd", "hd", "sd"]}], [{"col": "c3", "type": "TEXT", "data": ["australian broadcasting corporation", "australian broadcasting corporation", "australian broadcasting commission", "australian broadcasting commission", "special broadcasting service", "special broadcasting service", "seven queensland", "seven network", "seven network", "win television", "nine network", "nine network", "nine network", "southern cross ten", "network ten", "network ten"]}], [{"col": "c4", "type": "TEXT", "data": ["government", "government", "government", "government", "government", "government", "private", "private", "private", "private", "private", "private", "private", "private", "private", "private"]}], [{"col": "c5", "type": "TEXT", "data": [null, null, null, null, "simulcast in high definition on sbs hd", null, "regional affiliate of the seven network in brisbane", null, null, "regional affiliate of the nine network in brisbane", null, null, null, "regional affiliate of network ten", null, null]}]], "is_list": {"id": false, "agg": false, "c1": false, "c2": false, "c3": false, "c4": false, "c5": false}}