{"headers": ["id", "agg", "date", "winning team", "score", "losing team", "score", "ot", "city", "state/province", "arena", "attendance"], "types": ["id", "agg", "date", "text", "number", "text", "number", "score", "text", "text", "text", "number"], "contents": [[{"col": "id", "type": "INTEGER", "data": [1, 2, 3, 4, 5, 6, 7, 8, 9, 10, 11, 12, 13, 14, 15, 16, 17, 18, 19, 20, 21, 22, 23, 24, 25, 26]}], [{"col": "agg", "type": "INTEGER", "data": [0, 0, 0, 0, 0, 0, 0, 0, 0, 0, 0, 0, 0, 0, 0, 0, 0, 0, 0, 0, 0, 0, 0, 0, 0, 0]}], [{"col": "c1", "type": "TEXT", "data": ["october 21, 1993", "october 31, 1993", "november 3, 1993", "november 9, 1993", "november 18, 1993", "december 9, 1993", "december 23, 1993", "december 31, 1993", "january 4, 1994", "january 5, 1994", "january 6, 1994", "january 17, 1994", "january 23, 1994", "january 24, 1994", "february 2, 1994", "february 8, 1994", "february 22, 1994", "february 24, 1994", "march 4, 1994", "march 8, 1994", "march 9, 1994", "march 18, 1994", "march 23, 1994", "march 27, 1994", "april 3, 1994", "april 3, 1994"]}, {"col": "c1_number", "type": "INTEGER", "data": [21, 31, 3, 9, 18, 9, 23, 31, 4, 5, 6, 17, 23, 24, 2, 8, 22, 24, 4, 8, 9, 18, 23, 27, 3, 3]}, {"col": "c1_parsed", "type": "TEXT", "data": ["1993-10-21", "1993-10-31", "1993-11-03", "1993-11-09", "1993-11-18", "1993-12-09", "1993-12-23", "1993-12-31", "1994-01-04", "1994-01-05", "1994-01-06", "1994-01-17", "1994-01-23", "1994-01-24", "1994-02-02", "1994-02-08", "1994-02-22", "1994-02-24", "1994-03-04", "1994-03-08", "1994-03-09", "1994-03-18", "1994-03-23", "1994-03-27", "1994-04-03", "1994-04-03"]}, {"col": "c1_year", "type": "INTEGER", "data": [1993, 1993, 1993, 1993, 1993, 1993, 1993, 1993, 1994, 1994, 1994, 1994, 1994, 1994, 1994, 1994, 1994, 1994, 1994, 1994, 1994, 1994, 1994, 1994, 1994, 1994]}, {"col": "c1_month", "type": "INTEGER", "data": [10, 10, 11, 11, 11, 12, 12, 12, 1, 1, 1, 1, 1, 1, 2, 2, 2, 2, 3, 3, 3, 3, 3, 3, 4, 4]}, {"col": "c1_day", "type": "INTEGER", "data": [21, 31, 3, 9, 18, 9, 23, 31, 4, 5, 6, 17, 23, 24, 2, 8, 22, 24, 4, 8, 9, 18, 23, 27, 3, 3]}], [{"col": "c2", "type": "TEXT", "data": ["st. louis", "ny rangers", "pittsburgh", "anaheim", "ny islanders", "dallas", "vancouver", "philadelphia", "tampa bay", "montreal", "st. louis", "detroit", "vancouver", "calgary", "washington", "san jose", "florida", "detroit", "winnipeg", "chicago", "ny rangers", "buffalo", "florida", "new jersey", "pittsburgh", "los angeles"]}], [{"col": "c3", "type": "TEXT", "data": ["5", "4", "6", "4", "5", "6", "4", "4", "1", "2", "2", "6", "5", "3", "5", "4", "3", "3", "6", "3", "7", "2", "1", "5", "6", "6"]}, {"col": "c3_number", "type": "REAL", "data": [5.0, 4.0, 6.0, 4.0, 5.0, 6.0, 4.0, 4.0, 1.0, 2.0, 2.0, 6.0, 5.0, 3.0, 5.0, 4.0, 3.0, 3.0, 6.0, 3.0, 7.0, 2.0, 1.0, 5.0, 6.0, 6.0]}], [{"col": "c4", "type": "TEXT", "data": ["san jose", "new jersey", "buffalo", "dallas", "montreal", "ottawa", "calgary", "boston", "toronto", "quebec", "hartford", "tampa bay", "edmonton", "los angeles", "philadelphia", "chicago", "winnipeg", "hartford", "ottawa", "anaheim", "washington", "ny islanders", "toronto", "quebec", "boston", "edmonton"]}], [{"col": "c5", "type": "TEXT", "data": ["2", "1", "2", "2", "1", "1", "3", "3", "0", "0", "1", "3", "4", "3", "2", "3", "2", "0", "1", "0", "5", "2", "1", "2", "2", "1"]}, {"col": "c5_number", "type": "REAL", "data": [2.0, 1.0, 2.0, 2.0, 1.0, 1.0, 3.0, 3.0, 0.0, 0.0, 1.0, 3.0, 4.0, 3.0, 2.0, 3.0, 2.0, 0.0, 1.0, 0.0, 5.0, 2.0, 1.0, 2.0, 2.0, 1.0]}], [{"col": "c6", "type": "TEXT", "data": [null, null, null, null, null, null, null, null, null, null, null, null, "(ot)", "(ot)", null, null, null, null, null, null, null, "(ot)", "(ot)", null, null, null]}], [{"col": "c7", "type": "TEXT", "data": ["sacramento", "halifax", "sacramento", "phoenix", "hamilton", "minneapolis", "saskatoon", "minneapolis", "hamilton", "phoenix", "cleveland", "minneapolis", "saskatoon", "phoenix", "cleveland", "sacramento", "hamilton", "cleveland", "minneapolis", "phoenix", "halifax", "minneapolis", "hamilton", "minneapolis", "cleveland", "sacramento"]}], [{"col": "c8", "type": "TEXT", "data": ["ca", "ns", "ca", "az", "on", "mn", "sk", "mn", "on", "az", "oh", "mn", "sk", "az", "oh", "ca", "on", "oh", "mn", "az", "ns", "mn", "on", "mn", "oh", "ca"]}], [{"col": "c9", "type": "TEXT", "data": ["arco arena", "halifax metro centre", "arco arena", "america west arena", "copps coliseum", "target center", "saskplace", "target center", "copps coliseum", "america west arena", "richfield coliseum", "target center", "saskplace", "america west arena", "richfield coliseum", "arco arena", "copps coliseum", "richfield coliseum", "target center", "america west arena", "halifax metro centre", "target center", "copps coliseum", "target center", "richfield coliseum", "arco arena"]}], [{"col": "c10", "type": "TEXT", "data": ["7144", "8200", "10117", "8143", "17008", "14058", "11429", "10855", "17526", "11393", "6956", "8764", null, "14864", "8312", "14182", "6291", "11621", "6388", "13847", "9200", "8016", "17096", "6222", "17224", "10363"]}, {"col": "c10_number", "type": "REAL", "data": [7144.0, 8200.0, 10117.0, 8143.0, 17008.0, 14058.0, 11429.0, 10855.0, 17526.0, 11393.0, 6956.0, 8764.0, null, 14864.0, 8312.0, 14182.0, 6291.0, 11621.0, 6388.0, 13847.0, 9200.0, 8016.0, 17096.0, 6222.0, 17224.0, 10363.0]}]], "is_list": {"id": false, "agg": false, "c1": false, "c1_number": false, "c1_parsed": false, "c1_year": false, "c1_month": false, "c1_day": false, "c2": false, "c3": false, "c3_number": false, "c4": false, "c5": false, "c5_number": false, "c6": false, "c7": false, "c8": false, "c9": false, "c10": false, "c10_number": false}}