{"headers": ["id", "agg", "language", "number", "percentage (%)", "males", "females"], "types": ["id", "agg", "text", "number", "number", "number", "number"], "contents": [[{"col": "id", "type": "INTEGER", "data": [1, 2, 3, 4, 5, 6, 7, 8, 9, 10, 11, 12, 13]}], [{"col": "agg", "type": "INTEGER", "data": ["0", "0", "0", "0", "0", "0", "0", "0", "0", "0", "0", "0", "1"]}], [{"col": "c1", "type": "TEXT", "data": ["polish", "yiddish", "russian", "german", "ukrainian", "romanian", "latvian", "estonian", "tatar", "belarusian", "other", "persons\nthat didn't name\ntheir native language", "total"]}], [{"col": "c2", "type": "TEXT", "data": ["1420436", "317169", "87850", "77160", "15930", "2299", "1759", "1566", "1473", "1343", "4824", "54", "1931867"]}, {"col": "c2_number", "type": "REAL", "data": [1420436.0, 317169.0, 87850.0, 77160.0, 15930.0, 2299, 1759, 1566, 1473, 1343, 4824.0, 54.0, 1931867.0]}], [{"col": "c3", "type": "TEXT", "data": ["73.52", "16.41", "4.54", "3.99", "0.82", ">0.01", ">0.01", ">0.01", ">0.01", ">0.01", "0.24", ">0.01", "100"]}, {"col": "c3_number", "type": "REAL", "data": [73.52, 16.41, 4.54, 3.99, 0.82, 0.01, 0.01, 0.01, 0.01, 0.01, 0.24, 0.01, 100.0]}], [{"col": "c4", "type": "TEXT", "data": ["687210", "154603", "13551", "37984", "15623", "2293", "1738", "1555", "1437", "1234", "3289", "33", "977948"]}, {"col": "c4_number", "type": "REAL", "data": [687210.0, 154603.0, 13551.0, 37984.0, 15623.0, 2293, 1738, 1555, 1437, 1234, 3289.0, 33.0, 977948.0]}], [{"col": "c5", "type": "TEXT", "data": ["733226", "162566", "1586", "39176", "307", "6", "21", "11", "36", "109", "1535", "21", "953919"]}, {"col": "c5_number", "type": "REAL", "data": [733226.0, 162566.0, 1586, 39176.0, 307.0, 6.0, 21.0, 11.0, 36.0, 109.0, 1535, 21.0, 953919.0]}]], "is_list": {"id": false, "agg": false, "c1": false, "c2": false, "c2_number": false, "c3": false, "c3_number": false, "c4": false, "c4_number": false, "c5": false, "c5_number": false}}