{"headers": ["id", "agg", "country", "url", "opening date", "closing date"], "types": ["id", "agg", "text(text)", "text", "date", "date"], "contents": [[{"col": "id", "type": "INTEGER", "data": [1, 2, 3, 4, 5, 6, 7, 8, 9, 10, 11, 12, 13, 14, 15, 16, 17, 18, 19, 20, 21, 22, 23, 24, 25, 26, 27, 28, 29, 30, 31, 32, 33, 34, 35, 36, 37, 38, 39, 40, 41]}], [{"col": "agg", "type": "INTEGER", "data": [0, 0, 0, 0, 0, 0, 0, 0, 0, 0, 0, 0, 0, 0, 0, 0, 0, 0, 0, 0, 0, 0, 0, 0, 0, 0, 0, 0, 0, 0, 0, 0, 0, 0, 0, 0, 0, 0, 0, 0, 0]}], [{"col": "c1", "type": "TEXT", "data": ["argentina (links to habbo spain)", "australia (links to habbo english due to the merge)", "austria (links to habbo switzerland)", "belgium (links to habbo netherlands)", "brazil", "canada (links to habbo english due to the merge)", "chile (links to habbo spain)", "people's republic of china (closed/bankrupt)", "colombia (links to habbo spain)", "denmark", "ecuador (links to habbo spain)", "finland", "france", "germany", "italy", "japan (links to english)", "netherlands", "peru (links to habbo spain)", "english-language uk & ie, us, ca, au, nz, sg, ru, my, jp and ph merged into one", "romania (links to habbo english)", "turkey", "bolivia (links to habbo spain)", "malaysia (links to habbo english)", "mexico (links to habbo spain)", "netherlands", "new zealand (links to habbo english)", "norway", "philippines (links to habbo english)", "portugal (links to habbo brazil)", "russia (used to link to the habbo english)", "singapore (links to habbo english due to merge)", "paraguay (links to habbo spain)", "spain", "sweden", "switzerland (links to habbo germany due to merge)", "united states (links to habbo english due to merge)", "venezuela (links to habbo spain)", "uk & ireland (links to habbo english due to the merge)", "india (links to habbo english)", "poland (links to habbo english)", "panama (links to habbo spain)"]}, {"col": "c1_first", "type": "TEXT", "data": ["argentina", "australia", "austria", "belgium", "brazil", "canada", "chile", "people's republic of china", "colombia", "denmark", "ecuador", "finland", "france", "germany", "italy", "japan", "netherlands", "peru", "english-language uk & ie, us, ca, au, nz, sg, ru, my, jp and ph merged into one", "romania", "turkey", "bolivia", "malaysia", "mexico", "netherlands", "new zealand", "norway", "philippines", "portugal", "russia", "singapore", "paraguay", "spain", "sweden", "switzerland", "united states", "venezuela", "uk & ireland", "india", "poland", "panama"]}, {"col": "c1_second", "type": "TEXT", "data": ["links to habbo spain", "links to habbo english due to the merge", "links to habbo switzerland", "links to habbo netherlands", null, "links to habbo english due to the merge", "links to habbo spain", "closed/bankrupt", "links to habbo spain", null, "links to habbo spain", null, null, null, null, "links to english", null, "links to habbo spain", null, "links to habbo english", null, "links to habbo spain", "links to habbo english", "links to habbo spain", null, "links to habbo english", null, "links to habbo english", "links to habbo brazil", "used to link to the habbo english", "links to habbo english due to merge", "links to habbo spain", null, null, "links to habbo germany due to merge", "links to habbo english due to merge", "links to habbo spain", "links to habbo english due to the merge", "links to habbo english", "links to habbo english", "links to habbo spain"]}], [{"col": "c2", "type": "TEXT", "data": ["habbo.es", "habbo.com.au", "habbo.at", "habbo.be", "habbo.com.br\nhabbo.com", "habbo.ca", "habbo.cl", "habbo.cn", "habbo.com.co", "habbo.dk", "habbo.es", "habbo.fi", "habbo.fr", "habbo.de", "habbo.it", "habbo.jp", "habbo.nl", "habbo.com.pe", "habbo.com", "habbo.com", "habbo.com.tr", "habbo.es", "habbo.com.my", "habbo.com.mx", "habbo.nl", "habbo.co.nz", "habbo.no", "habbo.com.ph", "habbo.pt", "habbo.ru", "habbo.com.sg", "habbo.es", "habbo.es", "habbo.se", "habbo.ch", "habbo.com", "habbo.com.ve", "habbo.co.uk habbo.ie", "habbo.com", "habbo.com", "habbo.es"]}], [{"col": "c3", "type": "TEXT", "data": [null, "november 2004", "may 2006", "may 2006", "february 2006\napril 2012", "june 2004", "july 2006", "july 2006", "july 2006", "december 2004", null, "august 2000", "november 2004", "march 2004", "september 2003", "february 2003", "february 2004", null, "may 5, 2010", "february 2011", "august 2012", null, "july 2006", "july 2006", "february 2004", "august 2006", "june 2004", "october 2008", "march 2006", "september 2007", "december 2004", null, "september 2003", "december 2003", "august 2001", "september 2004", "july 2006", "january 4, 2001", "february 2011", "february 2011", null]}, {"col": "c3_number", "type": "INTEGER", "data": [null, 2004, 2006, 2006, 2006, 2004, 2006, 2006, 2006, 2004, null, 2000, 2004, 2004, 2003, 2003, 2004, null, 5, 2011, 2012, null, 2006, 2006, 2004, 2006, 2004, 2008, 2006, 2007, 2004, null, 2003, 2003, 2001, 2004, 2006, 4, 2011, 2011, null]}, {"col": "c3_parsed", "type": "TEXT", "data": [null, "2004-11", "2006-05", "2006-05", "xxxx-02", "2004-06", "2006-07", "2006-07", "2006-07", "2004-12", null, "2000-08", "2004-11", "2004-03", "2003-09", "2003-02", "2004-02", null, "2010-05-05", "2011-02", "2012-08", null, "2006-07", "2006-07", "2004-02", "2006-08", "2004-06", "2008-10", "2006-03", "2007-09", "2004-12", null, "2003-09", "2003-12", "2001-08", "2004-09", "2006-07", "2001-01-04", "2011-02", "2011-02", null]}, {"col": "c3_year", "type": "INTEGER", "data": [null, 2004, 2006, 2006, -1, 2004, 2006, 2006, 2006, 2004, null, 2000, 2004, 2004, 2003, 2003, 2004, null, 2010, 2011, 2012, null, 2006, 2006, 2004, 2006, 2004, 2008, 2006, 2007, 2004, null, 2003, 2003, 2001, 2004, 2006, 2001, 2011, 2011, null]}, {"col": "c3_month", "type": "INTEGER", "data": [null, 11, 5, 5, 2, 6, 7, 7, 7, 12, null, 8, 11, 3, 9, 2, 2, null, 5, 2, 8, null, 7, 7, 2, 8, 6, 10, 3, 9, 12, null, 9, 12, 8, 9, 7, 1, 2, 2, null]}, {"col": "c3_day", "type": "INTEGER", "data": [null, null, null, null, null, null, null, null, null, null, null, null, null, null, null, null, null, null, 5, null, null, null, null, null, null, null, null, null, null, null, null, null, null, null, null, null, null, 4, null, null, null]}], [{"col": "c4", "type": "TEXT", "data": [null, "june 2, 2010", null, null, null, "may 5, 2010", null, "august 24, 2007", null, null, null, null, null, null, null, "april 16, 2009", null, null, null, "january 2012", null, null, null, null, null, null, null, null, null, "february 6, 2009", "june 4, 2010", null, null, null, "october 4, 2010", "june 10, 2010", null, "june 10, 2010", null, "january 2012", null]}, {"col": "c4_number", "type": "INTEGER", "data": [null, 2, null, null, null, 5, null, 24, null, null, null, null, null, null, null, 16, null, null, null, 2012, null, null, null, null, null, null, null, null, null, 6, 4, null, null, null, 4, 10, null, 10, null, 2012, null]}, {"col": "c4_parsed", "type": "TEXT", "data": [null, "2010-06-02", null, null, null, "2010-05-05", null, "2007-08-24", null, null, null, null, null, null, null, "2009-04-16", null, null, null, "2012-01", null, null, null, null, null, null, null, null, null, "2009-02-06", "2010-06-04", null, null, null, "2010-10-04", "2010-06-10", null, "2010-06-10", null, "2012-01", null]}, {"col": "c4_year", "type": "INTEGER", "data": [null, 2010, null, null, null, 2010, null, 2007, null, null, null, null, null, null, null, 2009, null, null, null, 2012, null, null, null, null, null, null, null, null, null, 2009, 2010, null, null, null, 2010, 2010, null, 2010, null, 2012, null]}, {"col": "c4_month", "type": "INTEGER", "data": [null, 6, null, null, null, 5, null, 8, null, null, null, null, null, null, null, 4, null, null, null, 1, null, null, null, null, null, null, null, null, null, 2, 6, null, null, null, 10, 6, null, 6, null, 1, null]}, {"col": "c4_day", "type": "INTEGER", "data": [null, 2, null, null, null, 5, null, 24, null, null, null, null, null, null, null, 16, null, null, null, null, null, null, null, null, null, null, null, null, null, 6, 4, null, null, null, 4, 10, null, 10, null, null, null]}]], "is_list": {"id": false, "agg": false, "c1": false, "c1_first": false, "c1_second": false, "c2": false, "c3": false, "c3_number": false, "c3_parsed": false, "c3_year": false, "c3_month": false, "c3_day": false, "c4": false, "c4_number": false, "c4_parsed": false, "c4_year": false, "c4_month": false, "c4_day": false}}