{"headers": ["id", "agg", "player", "for", "against", "result", "date"], "types": ["id", "agg", "text", "text", "text", "score", "date"], "contents": [[{"col": "id", "type": "INTEGER", "data": [1, 2, 3, 4, 5, 6, 7, 8, 9, 10, 11, 12, 13, 14]}], [{"col": "agg", "type": "INTEGER", "data": [0, 0, 0, 0, 0, 0, 0, 0, 0, 0, 0, 0, 0, 0]}], [{"col": "c1", "type": "TEXT", "data": ["eric cantona", "mark robins", "john hendrie", "andy sinton", "brian deane", "teddy sheringham", "gordon strachan", "les ferdinand", "chris bart-williams", "les ferdinand", "chris sutton", "mark walters", "rod wallace", "matthew le tissier"]}], [{"col": "c2", "type": "TEXT", "data": ["leeds united", "norwich city", "middlesbrough", "queens park rangers", "sheffield united", "tottenham hotspur", "leeds united", "queens park rangers", "sheffield wednesday", "queens park rangers", "norwich city", "liverpool", "leeds united", "southampton"]}], [{"col": "c3", "type": "TEXT", "data": ["tottenham hotspur", "oldham athletic", "blackburn rovers", "everton", "ipswich town", "ipswich town", "blackburn rovers", "nottingham forest", "southampton", "everton", "leeds united", "coventry city", "coventry city", "oldham athletic"]}], [{"col": "c4", "type": "TEXT", "data": ["5-0", "3-2", "3-2", "4-2", "3-0", "4-0", "5-2", "4-3", "5-2", "5-3", "4-2", "4-0", "3-3", "4-3"]}, {"col": "c4_number", "type": "INTEGER", "data": [5, 3, 3, 4, 3, 4, 5, 4, 5, 5, 4, 4, 3, 4]}, {"col": "c4_number1", "type": "INTEGER", "data": [5, 3, 3, 4, 3, 4, 5, 4, 5, 5, 4, 4, 3, 4]}, {"col": "c4_number2", "type": "INTEGER", "data": [0, 2, 2, 2, 0, 0, 2, 3, 2, 3, 2, 0, 3, 3]}], [{"col": "c5", "type": "TEXT", "data": ["25 august 1992", "8 november 1992", "5 december 1992", "28 december 1992", "16 january 1993", "20 february 1993", "10 april 1993", "10 april 1993", "12 april 1993", "12 april 1993", "14 april 1993", "17 april 1993", "8 may 1993", "8 may 1993"]}, {"col": "c5_number", "type": "INTEGER", "data": [25, 8, 5, 28, 16, 20, 10, 10, 12, 12, 14, 17, 8, 8]}, {"col": "c5_parsed", "type": "TEXT", "data": ["1992-08-25", "1992-11-08", "1992-12-05", "1992-12-28", "1993-01-16", "1993-02-20", "1993-04-10", "1993-04-10", "1993-04-12", "1993-04-12", "1993-04-14", "1993-04-17", "1993-05-08", "1993-05-08"]}, {"col": "c5_year", "type": "INTEGER", "data": [1992, 1992, 1992, 1992, 1993, 1993, 1993, 1993, 1993, 1993, 1993, 1993, 1993, 1993]}, {"col": "c5_month", "type": "INTEGER", "data": [8, 11, 12, 12, 1, 2, 4, 4, 4, 4, 4, 4, 5, 5]}, {"col": "c5_day", "type": "INTEGER", "data": [25, 8, 5, 28, 16, 20, 10, 10, 12, 12, 14, 17, 8, 8]}]], "is_list": {"id": false, "agg": false, "c1": false, "c2": false, "c3": false, "c4": false, "c4_number": false, "c4_number1": false, "c4_number2": false, "c5": false, "c5_number": false, "c5_parsed": false, "c5_year": false, "c5_month": false, "c5_day": false}}