{"headers": ["id", "agg", "incumbent", "reason for vacancy", "appointed successor", "date of appointment", "elected successor", "date of election"], "types": ["id", "agg", "text", "text", "text", "date", "text", "date"], "contents": [[{"col": "id", "type": "INTEGER", "data": [1, 2, 3, 4, 5, 6, 7, 8, 9, 10, 11, 12]}], [{"col": "agg", "type": "INTEGER", "data": [0, 0, 0, 0, 0, 0, 0, 0, 0, 0, 0, 0]}], [{"col": "c1", "type": "TEXT", "data": ["l. b. lindsay", "john hailey", "sol hasbrouck", "harry fritchman", "j. w. robinson", "herbert f. lemp", "james p. pope", "byron e. hyatt", "h. w. whillock", "austin walker\nsam s. griffin", "dirk kempthorne", "h. brent coles"]}], [{"col": "c2", "type": "TEXT", "data": ["disqualified, never took office", "never took office", "resigned november 5, 1885", "resigned may 25, 1912", "recalled june 1, 1916", "died may 6, 1927", "resigned february 13, 1933", "died november 11, 1936", "resigned may 11, 1942", "died october 31, 1945\nresigned february 25, 1946", "resigned january 5, 1993", "resigned february 15, 2003"]}], [{"col": "c3", "type": "TEXT", "data": ["henry e. prickett", "charles himrod", "james w. huston", "arthur hodges", "s. h. hays", "walter f. hansen", "ross cady", "j. l. edlefsen", "austin walker", "sam s. griffin\nh. w. whillock", "h. brent coles", "carolyn terteling-payne"]}], [{"col": "c4", "type": "TEXT", "data": ["november 19, 1867", "july 10, 1871", "december 28, 1885", "may 25, 1912", "june 6, 1916", "may 6, 1927", "february 13, 1933", "november 11, 1936", "may 11, 1942", "october 31, 1945\nfebruary 25, 1946", "january 5, 1993", "february 18, 2003"]}, {"col": "c4_number", "type": "INTEGER", "data": [19, 10, 28, 25, 6, 6, 13, 11, 11, 31, 5, 18]}, {"col": "c4_parsed", "type": "TEXT", "data": ["1867-11-19", "1871-07-10", "1885-12-28", "1912-05-25", "1916-06-06", "1927-05-06", "1933-02-13", "1936-11-11", "1942-05-11", "xxxx-10-31", "1993-01-05", "2003-02-18"]}, {"col": "c4_year", "type": "INTEGER", "data": [1867, 1871, 1885, 1912, 1916, 1927, 1933, 1936, 1942, -1, 1993, 2003]}, {"col": "c4_month", "type": "INTEGER", "data": [11, 7, 12, 5, 6, 5, 2, 11, 5, 10, 1, 2]}, {"col": "c4_day", "type": "INTEGER", "data": [19, 10, 28, 25, 6, 6, 13, 11, 11, 31, 5, 18]}], [{"col": "c5", "type": "TEXT", "data": ["thomas b. hart", "george h. twitchell", "peter j. pefley", "arthur hodges", "s. h. hays", "james p. pope", "j. j. mccue", "j. l. edlefsen", "austin walker", "potter p. howard", "h. brent coles", "david h. bieter"]}], [{"col": "c6", "type": "TEXT", "data": ["january 1868", "july 8, 1872", "july 1887", "april 1, 1913", "april 1917", "april 1929", "april 1933", "april 1937", "april 1943", "april 1947", "november 1993", "november 2003"]}, {"col": "c6_number", "type": "INTEGER", "data": [1868, 8, 1887, 1, 1917, 1929, 1933, 1937, 1943, 1947, 1993, 2003]}, {"col": "c6_parsed", "type": "TEXT", "data": ["1868-01", "1872-07-08", "1887-07", "1913-04-01", "1917-04", "1929-04", "1933-04", "1937-04", "1943-04", "1947-04", "1993-11", "2003-11"]}, {"col": "c6_year", "type": "INTEGER", "data": [1868, 1872, 1887, 1913, 1917, 1929, 1933, 1937, 1943, 1947, 1993, 2003]}, {"col": "c6_month", "type": "INTEGER", "data": [1, 7, 7, 4, 4, 4, 4, 4, 4, 4, 11, 11]}, {"col": "c6_day", "type": "INTEGER", "data": [null, 8, null, 1, null, null, null, null, null, null, null, null]}]], "is_list": {"id": false, "agg": false, "c1": false, "c2": false, "c3": false, "c4": false, "c4_number": false, "c4_parsed": false, "c4_year": false, "c4_month": false, "c4_day": false, "c5": false, "c6": false, "c6_number": false, "c6_parsed": false, "c6_year": false, "c6_month": false, "c6_day": false}}