{"headers": ["id", "agg", "call sign", "frequency", "city of license", "licensee", "format"], "types": ["id", "agg", "text", "unitnum", "text", "text", "text"], "contents": [[{"col": "id", "type": "INTEGER", "data": [1, 2, 3, 4, 5, 6, 7, 8, 9, 10, 11, 12, 13, 14, 15, 16, 17, 18, 19, 20, 21, 22, 23, 24, 25, 26, 27, 28, 29, 30, 31, 32, 33, 34, 35, 36, 37, 38, 39, 40, 41, 42, 43, 44, 45, 46, 47, 48, 49, 50, 51, 52, 53, 54, 55, 56, 57, 58, 59, 60, 61, 62, 63, 64, 65, 66, 67, 68, 69, 70, 71, 72, 73, 74, 75, 76, 77, 78, 79, 80, 81, 82, 83, 84, 85, 86, 87, 88, 89, 90, 91, 92, 93, 94, 95, 96, 97, 98, 99, 100, 101, 102, 103, 104, 105, 106, 107, 108, 109, 110, 111, 112, 113, 114, 115, 116, 117, 118, 119, 120, 121, 122, 123, 124, 125, 126]}], [{"col": "agg", "type": "INTEGER", "data": [0, 0, 0, 0, 0, 0, 0, 0, 0, 0, 0, 0, 0, 0, 0, 0, 0, 0, 0, 0, 0, 0, 0, 0, 0, 0, 0, 0, 0, 0, 0, 0, 0, 0, 0, 0, 0, 0, 0, 0, 0, 0, 0, 0, 0, 0, 0, 0, 0, 0, 0, 0, 0, 0, 0, 0, 0, 0, 0, 0, 0, 0, 0, 0, 0, 0, 0, 0, 0, 0, 0, 0, 0, 0, 0, 0, 0, 0, 0, 0, 0, 0, 0, 0, 0, 0, 0, 0, 0, 0, 0, 0, 0, 0, 0, 0, 0, 0, 0, 0, 0, 0, 0, 0, 0, 0, 0, 0, 0, 0, 0, 0, 0, 0, 0, 0, 0, 0, 0, 0, 0, 0, 0, 0, 0, 0]}], [{"col": "c1", "type": "TEXT", "data": ["kabu", "kacl", "kaoc", "kauj", "kbep-lp", "kbfr", "kbmk", "kbmr", "kbto", "kbyz", "kcad", "kcjb", "kcnd", "kdak", "kddr", "kdix", "kdkt", "kdlr", "kdpr", "kdsr", "kdsu", "kdvi", "kdvl", "kdxn", "kegk", "keya", "keyz", "kfaa", "kfbn", "kfgo", "kfjm", "kfnw", "kfnw-fm", "kfyr", "khnd", "khrt", "khrt-fm", "kizz", "kjit-lp", "kjkj", "kjkr", "kjnd-fm", "kjtw", "kkbo", "kkct", "kklq", "kkxl", "kkxl-fm", "klbe-lp", "klbf", "kltc", "kltq", "kluu", "klxx", "kmav-fm", "kmha", "kmjo", "kmpr", "kmsr", "kmxa-fm", "kndc", "kndh", "kndk", "kndk-fm", "kndl", "kndr", "knds-lp", "kndw", "knox", "knri", "kobt-lp", "kovc", "koww-lp", "kpar-lp", "kpfx", "kpha", "kpok", "kppd", "kppr", "kppw", "kprj", "kqdj", "kqdj-fm", "kqdy", "kqlx", "kqlx-fm", "kqlz", "kqwb", "kqzz", "krrz", "krvx", "krwk", "ksaf-lp", "ksih", "ksjb", "ksjz", "ksls", "ksss", "ktgo", "ktwj", "ktzu", "kund-fm", "kusb", "kvox", "kwgo", "kwtl", "kxdi", "kxgt", "kxmr", "kxpo", "kxrv", "kynu", "kytz", "kyyx", "kyyy", "kyyz", "kzdr", "kzgf", "kzpr", "kzrx", "kztk", "kzzj", "kzzq", "kzzy", "wday", "wday-fm"]}], [{"col": "c2", "type": "TEXT", "data": ["90.7 fm", "98.7 fm", "105.1 fm", "100.9 fm", "93.7 fm", "91.7 fm", "88.3 fm", "1130 am", "101.9 fm", "96.5 fm", "99.1 fm", "910 am", "90.5 fm", "1600 am", "1220 am", "1230 am", "1410 am", "1240 am", "89.9 fm", "101.1 fm", "91.9 fm", "89.9 fm", "102.5 fm", "105.7 fm", "106.9 fm", "88.5 fm", "660 am", "89.5 fm", "88.7 fm", "790 am", "90.7 fm", "1200 am", "97.9 fm", "550 am", "1470 am", "1320 am", "106.9 fm", "93.7 fm", "106.7 fm", "107.5 fm", "88.1 fm", "90.7 fm", "89.9 fm", "105.9 fm", "97.5 fm", "100.7 fm", "1440 am", "92.9 fm", "100.7 fm", "89.1 fm", "1460 am", "97.9 fm", "89.1 fm", "1270 am", "105.5 fm", "91.3 fm", "104.7 fm", "88.9 fm", "1520 am", "99.9 fm", "1490 am", "102.3 fm", "1080 am", "95.7 fm", "100.7 fm", "104.7 fm", "96.3 fm", "91.7 fm", "1310 am", "89.7 fm", "101.3 fm", "1490 am", "98.1 fm", "103.7 fm", "107.9 fm", "91.3 fm", "1340 am", "91.7 fm", "89.5 fm", "88.7 fm", "91.5 fm", "1400 am", "101.1 fm", "94.5 fm", "890 am", "106.1 fm", "95.7 fm", "1660 am", "96.7 fm", "1390 am", "103.1 fm", "101.9 fm", "104.1 fm", "90.1 fm", "600 am", "93.3 fm", "90.7 fm", "101.5 fm", "1090 am", "90.9 fm", "94.9 fm", "89.3 fm", "103.3 fm", "740 am", "102.9 fm", "1370 am", "93.9 fm", "98.3 fm", "710 am", "1340 am", "107.5 fm", "95.5 fm", "106.7 fm", "97.1 fm", "92.9 fm", "96.1 fm", "92.7 fm", "94.7 fm", "105.3 fm", "92.1 fm", "103.9 fm", "1450 am", "101.9 fm", "103.5 fm", "970 am", "93.7 fm"]}, {"col": "c2_number", "type": "REAL", "data": [90.7, 98.7, 105.1, 100.9, 93.7, 91.7, 88.3, 1130, 101.9, 96.5, 99.1, 910.0, 90.5, 1600, 1220, 1230, 1410, 1240, 89.9, 101.1, 91.9, 89.9, 102.5, 105.7, 106.9, 88.5, 660.0, 89.5, 88.7, 790.0, 90.7, 1200, 97.9, 550.0, 1470, 1320, 106.9, 93.7, 106.7, 107.5, 88.1, 90.7, 89.9, 105.9, 97.5, 100.7, 1440, 92.9, 100.7, 89.1, 1460, 97.9, 89.1, 1270, 105.5, 91.3, 104.7, 88.9, 1520, 99.9, 1490, 102.3, 1080, 95.7, 100.7, 104.7, 96.3, 91.7, 1310, 89.7, 101.3, 1490, 98.1, 103.7, 107.9, 91.3, 1340, 91.7, 89.5, 88.7, 91.5, 1400, 101.1, 94.5, 890.0, 106.1, 95.7, 1660, 96.7, 1390, 103.1, 101.9, 104.1, 90.1, 600.0, 93.3, 90.7, 101.5, 1090, 90.9, 94.9, 89.3, 103.3, 740.0, 102.9, 1370, 93.9, 98.3, 710.0, 1340, 107.5, 95.5, 106.7, 97.1, 92.9, 96.1, 92.7, 94.7, 105.3, 92.1, 103.9, 1450, 101.9, 103.5, 970.0, 93.7]}], [{"col": "c3", "type": "TEXT", "data": ["fort totten", "bismarck", "cavalier", "grafton", "bismarck", "bismarck", "bismarck", "bismarck", "bottineau", "bismarck", "dickinson", "minot", "bismarck", "carrington", "oakes", "dickinson", "beulah", "devils lake", "dickinson", "williston", "fargo", "devils lake", "devils lake", "south heart", "wahpeton", "belcourt", "williston", "horace", "fargo", "fargo", "grand forks", "west fargo", "fargo", "bismarck", "harvey", "minot", "minot", "minot", "bismarck", "grand forks", "jamestown", "williston", "jamestown", "flasher", "bismarck", "harwood", "grand forks", "grand forks", "bismarck", "lincoln", "dickinson", "beulah", "jamestown", "bismarck-mandan", "mayville", "four bears", "hope", "minot", "mayville", "minot", "hettinger", "hettinger", "langdon", "langdon", "berthold", "mandan", "fargo", "williston", "grand forks", "bismarck", "grand forks", "valley city", "burlington", "dickinson", "fargo", "mandan", "bowman", "devils lake", "williston", "williston", "jamestown", "jamestown", "valley city", "bismarck", "lisbon", "lisbon", "new england", "west fargo", "devils lake", "minot", "wimbledon", "fargo", "minot", "belcourt", "jamestown", "jamestown", "dickinson", "bismarck", "tioga", "moffit-lincoln", "velva", "grand forks", "hazelton", "fargo", "burlington", "grand forks", "belfield", "carrington", "bismarck", "grafton", "cannon ball", "jamestown", "walhalla", "minot", "bismarck", "williston", "kindred", "grand forks", "minot", "dickinson", "arthur", "rugby", "richardton", "devils lake", "fargo", "fargo"]}], [{"col": "c4", "type": "TEXT", "data": ["dakota circle tipi, inc", "townsquare media bismarck license, llc", "simmons broadcasting", "simmons broadcasting", "bismarck educational prayer association", "family stations, inc", "educational media foundation", "cc licenses, llc", "programmers broadcasting", "townsquare media bismarck license, llc", "cc licenses, llc", "cc licenses, llc", "prairie public broadcasting, inc", "two rivers broadcasting", "sioux valley broadcasting", "starrdak, inc", "digital syndicate network", "double z broadcasting", "prairie public broadcasting, inc", "williston community broadcasting corp. d/b/a kdsr(fm)", "north dakota state university", "american family association", "double z broadcasting", "totally amped llc", "smahh communications ii, inc", "keya, inc", "ccr-williston iv, llc", "selah corporation", "fargo baptist church", "midwest communications, inc", "university of north dakota", "northwestern college", "northwestern college", "citicasters licenses, inc", "three way broadcasting", "faith broadcasting", "faith broadcasting", "cc licenses, llc", "he will provide radio", "citicasters licenses, inc", "jamestown college", "hi-line radio fellowship, inc", "american family association", "radio bismarck mandan, llc", "townsquare media bismarck license, llc", "educational media foundation", "citicasters licenses, inc", "citicasters licenses, inc", "new song community church", "educational media foundation", "cc licenses, llc", "synergy broadcast north dakota, llc", "educational media foundation", "townsquare media bismarck license, llc", "kmsr, inc", "fort berthold communications enterprises", "midwest communications, inc", "prairie public broadcasting, inc", "kmsr, inc", "cc licenses, llc", "schweitzer media", "midnation media llc", "kndk, inc", "kndk, inc", "educational media foundation", "central dakota enterprises", "alliance for the arts and humanities", "american family association", "leighton enterprises, inc", "educational media foundation", "grand forks christian broadcasting", "sioux valley broadcasting", "pointe of view institute", "higher plain media", "l&l licensee, llc", "real presence radio", "tri-state communications", "prairie public broadcasting, inc", "prairie public broadcasting, inc", "prairie public broadcasting, inc", "prairie public broadcasting, inc", "two rivers broadcasting", "sioux valley broadcasting", "cc licenses, llc", "great plains integrated marketing, inc", "great plains integrated marketing, inc", "synergy broadcast north dakota, llc", "l&l licensee, llc", "two rivers broadcasting, inc", "aloha station trust, llc", "james river broadcasting", "midwest communications, inc", "true light broadcasting, inc", "radio maria, inc", "chesterman communications of jamestown, inc", "chesterman communications of jamestown, inc", "bethesda christian broadcasting", "cc licenses, llc", "bakken beacon media llc", "bismarck adventist education station", "programmers broadcasting", "university of north dakota", "townsquare media bismarck license, llc", "midwest communications, inc", "programmers broadcasting", "real presence radio", "williston community broadcasting corporation", "two rivers broadcasting", "cc licenses, llc", "simmons broadcasting", "radio bismarck-mandan", "two rivers broadcasting", "simmons broadcasting", "cc licenses, llc", "citicasters licenses, inc", "ccr-williston iv, llc", "mediactive, llc", "leighton enterprises, inc", "cc licenses, llc", "cc licenses, llc", "vision media, inc", "rugby broadcasters, inc", "real presence radio", "double z broadcasting", "forum communications", "midwest communications, inc"]}], [{"col": "c5", "type": "TEXT", "data": ["educational", "classic hits", "country", "oldies", null, "contemporary christian", "contemporary christian", "classic country", "country", "classic rock", "country", "classic country", "variety", "country", "country", "classic hits", "all sports", "classic country", "variety", "adult hits", "variety", "religious", "classic hits", null, "classic hits", "country", "news talk information", "contemporary christian", "religious", "news talk information", "adult album alternative", "religious", "contemporary christian", "news talk information", "classic rock", "southern gospel", "contemporary christian", "pop contemporary hit radio", null, "active rock", null, null, "religious", "country", "pop contemporary hit radio", "contemporary christian", "all sports", "pop contemporary hit radio", null, "southern gospel", "classic country", null, null, "news talk information", "country", "variety", "adult contemporary", "variety", "all sports", "adult contemporary", "country", null, "news talk information", "classic rock", null, "contemporary christian", null, "contemporary christian", "news talk information", "contemporary christian", null, "country", null, null, "classic rock", null, "country", "variety", "variety", "variety", "variety", "country", "pop contemporary hit radio", "country", "news talk information", "country", null, "oldies", "hot adult contemporary", "oldies", "album oriented rock", "mainstream rock", null, null, "classic country", "hot ac", null, "active rock", "news talk information", null, "classic rock", "variety", "country", "all sports", "adult contemporary", "religious", null, "classic hits", "all sports", "country", "classic hits", "new country", "hot adult contemporary", "country", "pop contemporary hit radio", "new country", "classic hits", "pop contemporary hit radio", "album oriented rock", "album oriented rock", "new country", "country", null, "country", "news talk information", "pop contemporary hit radio"]}]], "is_list": {"id": false, "agg": false, "c1": false, "c2": false, "c2_number": false, "c3": false, "c4": false, "c5": false}}