{"headers": ["id", "agg", "title", "year", "platforms", "developer", "publisher", "notes"], "types": ["id", "agg", "text", "number", "<c, text>", "text", "text", "text"], "contents": [[{"col": "id", "type": "INTEGER", "data": [1, 2, 3, 4, 5, 6, 7, 8]}], [{"col": "agg", "type": "INTEGER", "data": [0, 0, 0, 0, 0, 0, 0, 0]}], [{"col": "c1", "type": "TEXT", "data": ["american mcgee's grimm", "dexiq", "american mcgee presents akaneiro", "american mcgee's crooked house", "alice: madness returns", "bighead bash", "crazy fairies", "akaneiro: demon hunters"]}], [{"col": "c2", "type": "TEXT", "data": ["2008", "2009", "2010", "2010", "2011", "2012", "2012", "2013"]}, {"col": "c2_number", "type": "INTEGER", "data": [2008, 2009, 2010, 2010, 2011, 2012, 2012, 2013]}], [{"col": "c3", "type": "TEXT", "data": ["pc", "ipad, iphone, ipod", "ipad", "ipad, iphone, ipod", "playstation 3, xbox 360, pc", null, "mobile, facebook", "browsers, tegra-powered tablets"]}, {"col": "c3_list", "type": "LIST TEXT", "data": [["pc"], ["ipad", "iphone", "ipod"], ["ipad"], ["ipad", "iphone", "ipod"], ["playstation 3", "xbox 360", "pc"], [], ["mobile", "facebook"], ["browsers", "tegra-powered tablets"]]}, {"col": "c3_length", "type": "INTEGER", "data": [1, 3, 1, 3, 3, 0, 2, 2]}], [{"col": "c4", "type": "TEXT", "data": ["spicy horse", "spicy pony", "spicy pony", "spicy pony", "spicy horse", "spicy horse", "spicy horse", "spicy horse"]}], [{"col": "c5", "type": "TEXT", "data": ["gametap", null, null, null, "electronic arts", null, null, "spicy horse"]}], [{"col": "c6", "type": "TEXT", "data": ["episodic mcgee takes on various grimm tales", "puzzle game", "little red riding hood in japan", "puzzle game", "sequel to american mcgee's alice", "side scrolling/battle multiplayer. (unreleased)", "currently in the closed beta stage. (unreleased)", "a japanese/mcgee take on little red riding hood"]}]], "is_list": {"id": false, "agg": false, "c1": false, "c2": false, "c2_number": false, "c3": false, "c3_list": true, "c3_length": false, "c4": false, "c5": false, "c6": false}}