{"headers": ["id", "agg", "year", "vote %", "place", "seats", "place", "cabinet"], "types": ["id", "agg", "number", "number", "rank", "number", "rank", "text"], "contents": [[{"col": "id", "type": "INTEGER", "data": [1, 2, 3, 4, 5, 6, 7, 8, 9, 10, 11, 12, 13, 14, 15, 16]}], [{"col": "agg", "type": "INTEGER", "data": [0, 0, 0, 0, 0, 0, 0, 0, 0, 0, 0, 0, 0, 0, 0, 0]}], [{"col": "c1", "type": "TEXT", "data": ["1945", "1948", "1951", "1954", "1959", "1964", "1968", "1974", "1979", "1984", "1989", "1994", "1999", "2004", "2009", "2013"]}, {"col": "c1_number", "type": "INTEGER", "data": [1945, 1948, 1951, 1954, 1959, 1964, 1968, 1974, 1979, 1984, 1989, 1994, 1999, 2004, 2009, 2013]}], [{"col": "c2", "type": "TEXT", "data": [null, null, null, "42.4", "36.9", "33.3", "35.2", "27.6", "34.5", "34.9", "32.4", "30.3", "30.1", "36.1", "38", "33.6"]}, {"col": "c2_number", "type": "REAL", "data": [null, null, null, 42.4, 36.9, 33.3, 35.2, 27.6, 34.5, 34.9, 32.4, 30.3, 30.1, 36.1, 38.0, 33.6]}], [{"col": "c3", "type": "TEXT", "data": [null, null, null, "1st", "1st", "2nd", "1st", "2nd", "1st", "1st", "1st", "1st", "1st", "1st", "1st", "1st"]}, {"col": "c3_number", "type": "REAL", "data": [null, null, null, 1.0, 1.0, 2.0, 1.0, 2.0, 1.0, 1.0, 1.0, 1.0, 1.0, 1.0, 1.0, 1.0]}], [{"col": "c4", "type": "TEXT", "data": ["25", "22", "21", "26", "21", "22", "21", "18", "24", "25", "22", "21", "19", "24", "26", "23"]}, {"col": "c4_number", "type": "REAL", "data": [25.0, 22.0, 21.0, 26.0, 21.0, 22.0, 21.0, 18.0, 24.0, 25.0, 22.0, 21.0, 19.0, 24.0, 26.0, 23.0]}], [{"col": "c5", "type": "TEXT", "data": ["1st", "1st", "1st", "1st", "1st", "1st", "1st", "1st", "1st", "1st", "1st", "1st", "1st", "1st", "1st", "1st"]}, {"col": "c5_number", "type": "REAL", "data": [1.0, 1.0, 1.0, 1.0, 1.0, 1.0, 1.0, 1.0, 1.0, 1.0, 1.0, 1.0, 1.0, 1.0, 1.0, 1.0]}], [{"col": "c6", "type": "TEXT", "data": ["yes", "yes", "yes", "yes", "yes", "yes", "yes", "no", "yes", "yes", "yes", "yes", "yes", "yes", "yes", "no"]}]], "is_list": {"id": false, "agg": false, "c1": false, "c1_number": false, "c2": false, "c2_number": false, "c3": false, "c3_number": false, "c4": false, "c4_number": false, "c5": false, "c5_number": false, "c6": false}}