{"headers": ["id", "agg", "call sign", "frequency", "city of license", "licensee", "format"], "types": ["id", "agg", "text", "unitnum", "address", "text", "<f,text>"], "contents": [[{"col": "id", "type": "INTEGER", "data": [1, 2, 3, 4, 5, 6, 7, 8, 9, 10, 11, 12, 13, 14, 15, 16, 17, 18, 19, 20, 21, 22, 23, 24, 25]}], [{"col": "agg", "type": "INTEGER", "data": [0, 0, 0, 0, 0, 0, 0, 0, 0, 0, 0, 0, 0, 0, 0, 0, 0, 0, 0, 0, 0, 0, 0, 0, 0]}], [{"col": "c1", "type": "TEXT", "data": ["kmsa", "kmgj", "kkvt", "klfv", "kmoz-fm", "kgjn-lp", "kjol", "kcic", "kbkl", "kafm", "kexo", "knzz", "kmxy", "kprn", "ktmm", "kaai", "kmzk (fm)", "kekb", "krzx", "kzks", "knoz", "ktun", "kknn", "kstr-fm", "kubc"]}], [{"col": "c2", "type": "TEXT", "data": ["91.3 fm", "93.1 fm", "100.7 fm", "90.3 fm", "92.3 fm", "106.7 fm", "620 am", "88.5 fm", "107.9 fm", "88.1 fm", "1230 am", "1100 am", "104.3 fm", "89.5 fm", "1340 am", "98.5 fm", "106.9 fm", "99.9 fm", "106.1 fm", "105.3 fm", "97.7 fm", "93.5 fm", "95.1 fm", "96.1 fm", "580 am"]}, {"col": "c2_number", "type": "REAL", "data": [91.3, 93.1, 100.7, 90.3, 92.3, 106.7, 620.0, 88.5, 107.9, 88.1, 1230, 1100, 104.3, 89.5, 1340, 98.5, 106.9, 99.9, 106.1, 105.3, 97.7, 93.5, 95.1, 96.1, 580.0]}], [{"col": "c3", "type": "TEXT", "data": ["grand junction", "grand junction", "grand junction", "grand junction", "grand junction", "grand junction", "grand junction", "grand junction", "grand junction", "grand junction", "grand junction", "grand junction", "grand junction", "grand junction", "grand junction", "palisade, colorado", "clifton", "fruita", "redlands", "rifle, colorado", "orchard mesa", "new castle, colorado", "delta, colorado", "montrose, colorado", "montrose, colorado"]}, {"col": "c3_address", "type": "LIST TEXT", "data": [["grand junction"], ["grand junction"], ["grand junction"], ["grand junction"], ["grand junction"], ["grand junction"], ["grand junction"], ["grand junction"], ["grand junction"], ["grand junction"], ["grand junction"], ["grand junction"], ["grand junction"], ["grand junction"], ["grand junction"], ["palisade", "colorado"], ["clifton"], ["fruita"], ["redlands"], ["rifle", "colorado"], ["orchard mesa"], ["new castle", "colorado"], ["delta", "colorado"], ["montrose", "colorado"], ["montrose", "colorado"]]}], [{"col": "c4", "type": "TEXT", "data": ["colorado mesa university", "mbc grand broadcasting, inc", "mbc grand broadcasting, inc", "educational media foundation", "mbc grand broadcasting, inc", "colorado, state of, telecom servs", "united ministries", "pear park baptist schools", "townsquare media group", "grand valley public radio co, inc", "townsquare media group", "mbc grand broadcasting, inc", "townsquare media group", "public broadcasting of colorado, inc", "mbc grand broadcasting, inc", "educational media foundation", "charles d. hall", "townsquare media group", "cochise media licenses llc", "western slope communications", "paul varecha", "wildcat communications", "townsquare media group", "mbc grand broadcasting", "cherry creek radio"]}], [{"col": "c5", "type": "TEXT", "data": ["aaa", "top 40 (chr)/contemporary hit radio", "country", "christian contemporary", "adult hits", "news talk information", "christian contemporary", "religious", "oldies", "variety", "regional mexican/talk", "news/talk", "hot adult contemporary", "public/news/talk", "sports/talk", "christian rock", null, "country", null, "classic hits", "all-news radio", "spanish hits", "active rock", "classic rock", "news/talk"]}, {"col": "c5_list", "type": "LIST TEXT", "data": [["aaa"], ["top 40 (chr)", "contemporary hit radio"], ["country"], ["christian contemporary"], ["adult hits"], ["news talk information"], ["christian contemporary"], ["religious"], ["oldies"], ["variety"], ["regional mexican", "talk"], ["news", "talk"], ["hot adult contemporary"], ["public", "news", "talk"], ["sports", "talk"], ["christian rock"], [], ["country"], [], ["classic hits"], ["all-news radio"], ["spanish hits"], ["active rock"], ["classic rock"], ["news", "talk"]]}, {"col": "c5_length", "type": "INTEGER", "data": [1, 2, 1, 1, 1, 1, 1, 1, 1, 1, 2, 2, 1, 3, 2, 1, 0, 1, 0, 1, 1, 1, 1, 1, 2]}]], "is_list": {"id": false, "agg": false, "c1": false, "c2": false, "c2_number": false, "c3": false, "c3_address": true, "c4": false, "c5": false, "c5_list": true, "c5_length": false}}