{"headers": ["id", "agg", "name", "rank - 2000", "number", "country of origin", "england - 2001"], "types": ["id", "agg", "text", "number", "number", "<c, text>", "text"], "contents": [[{"col": "id", "type": "INTEGER", "data": [1, 2, 3, 4, 5, 6, 7, 8, 9, 10]}], [{"col": "agg", "type": "INTEGER", "data": [0, 0, 0, 0, 0, 0, 0, 0, 0, 0]}], [{"col": "c1", "type": "TEXT", "data": ["smith", "johnson", "williams", "brown", "jones", "miller", "davis", "garcia", "rodriguez", "wilson"]}], [{"col": "c2", "type": "TEXT", "data": ["1", "2", "3", "4", "5", "6", "7", "8", "9", "10"]}, {"col": "c2_number", "type": "REAL", "data": [1.0, 2.0, 3.0, 4.0, 5.0, 6.0, 7.0, 8.0, 9.0, 10.0]}], [{"col": "c3", "type": "TEXT", "data": ["2376207", "1857160", "1534042", "1380145", "1362755", "1127803", "1072335", "858289", "804240", "783051"]}, {"col": "c3_number", "type": "REAL", "data": [2376207.0, 1857160.0, 1534042.0, 1380145.0, 1362755.0, 1127803.0, 1072335.0, 858289.0, 804240.0, 783051.0]}], [{"col": "c4", "type": "TEXT", "data": ["england, scotland", "england", "england, wales", "england, ireland, scotland", "england, wales", "england, ireland, or scotland (miller can be the anglicized version of mueller/muller - a surname from germany)", "england, wales", "spain", "spain", "england, scotland"]}, {"col": "c4_list", "type": "LIST TEXT", "data": [["england", "scotland"], ["england"], ["england", "wales"], ["england", "ireland", "scotland"], ["england", "wales"], ["england", "ireland", "or scotland (miller can be the anglicized version of mueller/muller - a surname from germany)"], ["england", "wales"], ["spain"], ["spain"], ["england", "scotland"]]}, {"col": "c4_length", "type": "INTEGER", "data": [2, 1, 2, 3, 2, 3, 2, 1, 1, 2]}], [{"col": "c5", "type": "TEXT", "data": ["smith", "jones", "taylor", "brown", "williams", "wilson", "johnson", "davies", "robinson", "wright"]}]], "is_list": {"id": false, "agg": false, "c1": false, "c2": false, "c2_number": false, "c3": false, "c3_number": false, "c4": false, "c4_list": true, "c4_length": false, "c5": false}}