{"headers": ["id", "agg", "county", "obama%", "obama#", "mccain%", "mccain#", "total"], "types": ["id", "agg", "text", "percentage", "number", "percentage", "number", "number"], "contents": [[{"col": "id", "type": "INTEGER", "data": [1, 2, 3, 4, 5, 6, 7, 8, 9, 10, 11, 12, 13, 14, 15, 16, 17, 18, 19, 20, 21, 22, 23, 24, 25, 26, 27, 28, 29, 30, 31, 32, 33, 34, 35, 36, 37, 38, 39, 40, 41, 42, 43, 44, 45, 46, 47, 48, 49, 50, 51, 52, 53, 54, 55, 56, 57, 58, 59, 60, 61, 62, 63, 64, 65, 66, 67, 68, 69, 70, 71, 72, 73, 74, 75, 76, 77, 78, 79, 80, 81, 82, 83, 84, 85, 86, 87, 88, 89, 90, 91, 92, 93, 94, 95, 96, 97, 98, 99, 100, 101, 102, 103, 104, 105, 106, 107, 108, 109, 110, 111, 112, 113, 114, 115]}], [{"col": "agg", "type": "INTEGER", "data": [0, 0, 0, 0, 0, 0, 0, 0, 0, 0, 0, 0, 0, 0, 0, 0, 0, 0, 0, 0, 0, 0, 0, 0, 0, 0, 0, 0, 0, 0, 0, 0, 0, 0, 0, 0, 0, 0, 0, 0, 0, 0, 0, 0, 0, 0, 0, 0, 0, 0, 0, 0, 0, 0, 0, 0, 0, 0, 0, 0, 0, 0, 0, 0, 0, 0, 0, 0, 0, 0, 0, 0, 0, 0, 0, 0, 0, 0, 0, 0, 0, 0, 0, 0, 0, 0, 0, 0, 0, 0, 0, 0, 0, 0, 0, 0, 0, 0, 0, 0, 0, 0, 0, 0, 0, 0, 0, 0, 0, 0, 0, 0, 0, 0, 0]}], [{"col": "c1", "type": "TEXT", "data": ["adair", "andrew", "atchison", "audrain", "barry", "barton", "bates", "benton", "bollinger", "boone", "buchanan", "butler", "caldwell", "callaway", "camden", "cape girardeau", "carroll", "carter", "cass", "cedar", "chariton", "christian", "clark", "clay", "clinton", "cole", "cooper", "crawford", "dade", "dallas", "daviess", "dekalb", "dent", "douglas", "dunklin", "franklin", "gasconade", "gentry", "greene", "grundy", "harrison", "henry", "hickory", "holt", "howard", "howell", "iron", "jackson", "jasper", "jefferson", "johnson", "knox", "laclede", "lafayette", "lawrence", "lewis", "lincoln", "linn", "livingston", "macon", "madison", "maries", "marion", "mcdonald", "mercer", "miller", "mississippi", "moniteau", "monroe", "montgomery", "morgan", "new madrid", "newton", "nodaway", "oregon", "osage", "ozark", "pemiscot", "perry", "pettis", "phelps", "pike", "platte", "polk", "pulaski", "putnam", "ralls", "randolph", "ray", "reynolds", "ripley", "saline", "schuyler", "scotland", "scott", "shannon", "shelby", "st. charles", "st. clair", "st. francois", "st. louis city", "st. louis county", "ste. genevieve", "stoddard", "stone", "sullivan", "taney", "texas", "vernon", "warren", "washington", "wayne", "webster", "worth", "wright"]}], [{"col": "c2", "type": "TEXT", "data": ["49.3%", "38.8%", "34.1%", "41.8%", "32.2%", "24.8%", "40.4%", "38.7%", "29.8%", "56.1%", "50.1%", "31.0%", "40.6%", "40.8%", "35.6%", "33.0%", "34.2%", "34.8%", "40.1%", "32.9%", "43.5%", "31.9%", "46.9%", "49.7%", "44.3%", "36.4%", "37.9%", "39.4%", "29.2%", "35.2%", "38.2%", "36.9%", "30.6%", "32.7%", "39.2%", "43.7%", "37.8%", "38.6%", "42.0%", "34.5%", "33.9%", "44.4%", "43.2%", "30.9%", "42.9%", "34.3%", "51.4%", "62.8%", "33.2%", "51.3%", "43.8%", "38.5%", "32.4%", "42.2%", "31.2%", "41.5%", "44.2%", "45.7%", "37.9%", "37.8%", "41.3%", "35.9%", "37.9%", "30.9%", "30.7%", "31.3%", "42.5%", "31.8%", "40.2%", "40.6%", "39.5%", "42.3%", "29.7%", "44.7%", "40.6%", "27.4%", "36.3%", "43.4%", "35.2%", "38.6%", "38.7%", "45.0%", "46.7%", "33.7%", "35.5%", "30.4%", "40.6%", "38.2%", "48.4%", "44.3%", "34.5%", "48.7%", "40.5%", "38.8%", "35.1%", "44.1%", "34.0%", "45.1%", "38.8%", "47.7%", "84.4%", "60.0%", "57.2%", "29.8%", "31.1%", "42.2%", "31.2%", "32.1%", "38.8%", "43.6%", "50.0%", "37.2%", "35.3%", "37.7%", "30.7%"]}, {"col": "c2_number", "type": "REAL", "data": [49.3, 38.8, 34.1, 41.8, 32.2, 24.8, 40.4, 38.7, 29.8, 56.1, 50.1, 31.0, 40.6, 40.8, 35.6, 33.0, 34.2, 34.8, 40.1, 32.9, 43.5, 31.9, 46.9, 49.7, 44.3, 36.4, 37.9, 39.4, 29.2, 35.2, 38.2, 36.9, 30.6, 32.7, 39.2, 43.7, 37.8, 38.6, 42.0, 34.5, 33.9, 44.4, 43.2, 30.9, 42.9, 34.3, 51.4, 62.8, 33.2, 51.3, 43.8, 38.5, 32.4, 42.2, 31.2, 41.5, 44.2, 45.7, 37.9, 37.8, 41.3, 35.9, 37.9, 30.9, 30.7, 31.3, 42.5, 31.8, 40.2, 40.6, 39.5, 42.3, 29.7, 44.7, 40.6, 27.4, 36.3, 43.4, 35.2, 38.6, 38.7, 45.0, 46.7, 33.7, 35.5, 30.4, 40.6, 38.2, 48.4, 44.3, 34.5, 48.7, 40.5, 38.8, 35.1, 44.1, 34.0, 45.1, 38.8, 47.7, 84.4, 60.0, 57.2, 29.8, 31.1, 42.2, 31.2, 32.1, 38.8, 43.6, 50.0, 37.2, 35.3, 37.7, 30.7]}], [{"col": "c3", "type": "TEXT", "data": ["5735", "3345", "1000", "4434", "4630", "1455", "3271", "3629", "1690", "47062", "19164", "5316", "1814", "7850", "7773", "12208", "1535", "984", "19844", "2060", "1799", "11883", "1572", "53761", "4545", "13959", "2996", "3911", "1184", "2656", "1400", "1692", "2056", "2140", "4540", "21256", "2899", "1235", "56181", "1580", "1287", "4869", "2171", "802", "2036", "5736", "2213", "210824", "15730", "53467", "9480", "759", "5218", "6902", "5097", "1837", "10234", "2638", "2435", "2784", "2042", "1599", "4703", "2454", "519", "3553", "2247", "2084", "1703", "2347", "3565", "3370", "7450", "4493", "1811", "1907", "1661", "3029", "3005", "6932", "7394", "3487", "21459", "4553", "5249", "695", "2041", "3984", "5241", "1417", "1795", "4712", "775", "793", "6258", "1637", "1114", "84183", "1886", "11540", "132925", "333123", "4979", "3899", "5029", "1173", "6683", "3410", "3381", "6705", "4711", "2243", "5685", "427", "2557"]}, {"col": "c3_number", "type": "REAL", "data": [5735.0, 3345.0, 1000, 4434.0, 4630.0, 1455, 3271.0, 3629.0, 1690, 47062.0, 19164.0, 5316.0, 1814, 7850.0, 7773.0, 12208.0, 1535, 984.0, 19844.0, 2060, 1799, 11883.0, 1572, 53761.0, 4545.0, 13959.0, 2996, 3911.0, 1184, 2656, 1400, 1692, 2056, 2140, 4540.0, 21256.0, 2899, 1235, 56181.0, 1580, 1287, 4869.0, 2171, 802.0, 2036, 5736.0, 2213, 210824.0, 15730.0, 53467.0, 9480.0, 759.0, 5218.0, 6902.0, 5097.0, 1837, 10234.0, 2638, 2435, 2784, 2042, 1599, 4703.0, 2454, 519.0, 3553.0, 2247, 2084, 1703, 2347, 3565.0, 3370.0, 7450.0, 4493.0, 1811, 1907, 1661, 3029.0, 3005.0, 6932.0, 7394.0, 3487.0, 21459.0, 4553.0, 5249.0, 695.0, 2041, 3984.0, 5241.0, 1417, 1795, 4712.0, 775.0, 793.0, 6258.0, 1637, 1114, 84183.0, 1886, 11540.0, 132925.0, 333123.0, 4979.0, 3899.0, 5029.0, 1173, 6683.0, 3410.0, 3381.0, 6705.0, 4711.0, 2243, 5685.0, 427.0, 2557]}], [{"col": "c4", "type": "TEXT", "data": ["50.7%", "61.2%", "65.9%", "58.2%", "67.8%", "75.2%", "59.6%", "61.3%", "70.2%", "43.9%", "49.9%", "69.0%", "59.4%", "59.2%", "64.4%", "67.0%", "65.8%", "65.2%", "59.9%", "67.1%", "56.5%", "68.1%", "53.1%", "50.3%", "55.7%", "63.6%", "62.1%", "60.6%", "70.8%", "64.8%", "61.8%", "63.1%", "69.4%", "67.3%", "60.8%", "56.3%", "62.2%", "61.4%", "58.0%", "65.5%", "66.1%", "55.6%", "56.8%", "69.1%", "57.1%", "65.7%", "48.6%", "37.2%", "66.8%", "48.7%", "56.2%", "61.5%", "67.6%", "57.8%", "68.8%", "58.5%", "55.8%", "54.3%", "62.1%", "62.2%", "58.7%", "64.1%", "62.1%", "69.1%", "69.3%", "68.7%", "57.5%", "68.2%", "59.8%", "59.4%", "60.5%", "57.7%", "70.3%", "55.3%", "59.4%", "72.6%", "63.7%", "56.6%", "64.8%", "61.4%", "61.3%", "55.0%", "53.3%", "66.3%", "64.5%", "69.6%", "59.4%", "61.8%", "51.6%", "55.7%", "65.5%", "51.3%", "59.5%", "61.2%", "64.9%", "55.9%", "66.0%", "54.9%", "61.2%", "52.3%", "15.6%", "40.0%", "42.8%", "70.2%", "68.9%", "57.8%", "68.8%", "67.9%", "61.2%", "56.4%", "50.0%", "62.8%", "64.7%", "62.3%", "69.3%"]}, {"col": "c4_number", "type": "REAL", "data": [50.7, 61.2, 65.9, 58.2, 67.8, 75.2, 59.6, 61.3, 70.2, 43.9, 49.9, 69.0, 59.4, 59.2, 64.4, 67.0, 65.8, 65.2, 59.9, 67.1, 56.5, 68.1, 53.1, 50.3, 55.7, 63.6, 62.1, 60.6, 70.8, 64.8, 61.8, 63.1, 69.4, 67.3, 60.8, 56.3, 62.2, 61.4, 58.0, 65.5, 66.1, 55.6, 56.8, 69.1, 57.1, 65.7, 48.6, 37.2, 66.8, 48.7, 56.2, 61.5, 67.6, 57.8, 68.8, 58.5, 55.8, 54.3, 62.1, 62.2, 58.7, 64.1, 62.1, 69.1, 69.3, 68.7, 57.5, 68.2, 59.8, 59.4, 60.5, 57.7, 70.3, 55.3, 59.4, 72.6, 63.7, 56.6, 64.8, 61.4, 61.3, 55.0, 53.3, 66.3, 64.5, 69.6, 59.4, 61.8, 51.6, 55.7, 65.5, 51.3, 59.5, 61.2, 64.9, 55.9, 66.0, 54.9, 61.2, 52.3, 15.6, 40.0, 42.8, 70.2, 68.9, 57.8, 68.8, 67.9, 61.2, 56.4, 50.0, 62.8, 64.7, 62.3, 69.3]}], [{"col": "c5", "type": "TEXT", "data": ["5891", "5279", "1936", "6167", "9758", "4414", "4833", "5759", "3972", "36849", "19110", "11805", "2654", "11389", "14074", "24768", "2955", "1840", "29695", "4194", "2339", "25382", "1782", "54516", "5709", "24385", "4902", "6007", "2864", "4895", "2263", "2889", "4655", "4405", "7044", "27355", "4763", "1964", "77683", "3006", "2512", "6095", "2850", "1794", "2708", "10982", "2090", "124687", "31667", "50804", "12183", "1212", "10875", "9442", "11263", "2594", "12924", "3140", "3993", "4586", "2897", "2853", "7705", "5499", "1169", "7797", "3034", "4467", "2533", "3428", "5451", "4593", "17637", "5568", "2652", "5062", "2918", "3954", "5527", "11018", "11706", "4268", "24460", "8956", "9552", "1591", "2987", "6457", "5593", "1780", "3407", "4962", "1139", "1249", "11563", "2075", "2166", "102550", "2981", "12660", "24662", "221705", "3732", "9172", "11147", "1607", "14736", "7215", "5334", "8675", "4706", "3784", "10431", "707", "5784"]}, {"col": "c5_number", "type": "REAL", "data": [5891.0, 5279.0, 1936, 6167.0, 9758.0, 4414.0, 4833.0, 5759.0, 3972.0, 36849.0, 19110.0, 11805.0, 2654, 11389.0, 14074.0, 24768.0, 2955, 1840, 29695.0, 4194.0, 2339, 25382.0, 1782, 54516.0, 5709.0, 24385.0, 4902.0, 6007.0, 2864, 4895.0, 2263, 2889, 4655.0, 4405.0, 7044.0, 27355.0, 4763.0, 1964, 77683.0, 3006.0, 2512, 6095.0, 2850, 1794, 2708, 10982.0, 2090, 124687.0, 31667.0, 50804.0, 12183.0, 1212, 10875.0, 9442.0, 11263.0, 2594, 12924.0, 3140.0, 3993.0, 4586.0, 2897, 2853, 7705.0, 5499.0, 1169, 7797.0, 3034.0, 4467.0, 2533, 3428.0, 5451.0, 4593.0, 17637.0, 5568.0, 2652, 5062.0, 2918, 3954.0, 5527.0, 11018.0, 11706.0, 4268.0, 24460.0, 8956.0, 9552.0, 1591, 2987, 6457.0, 5593.0, 1780, 3407.0, 4962.0, 1139, 1249, 11563.0, 2075, 2166, 102550.0, 2981, 12660.0, 24662.0, 221705.0, 3732.0, 9172.0, 11147.0, 1607, 14736.0, 7215.0, 5334.0, 8675.0, 4706.0, 3784.0, 10431.0, 707.0, 5784.0]}], [{"col": "c6", "type": "TEXT", "data": ["11626", "8624", "2936", "10601", "14388", "5869", "8104", "9388", "5662", "83911", "38274", "17121", "4468", "19239", "21847", "36976", "4490", "2824", "49539", "6254", "4138", "37265", "3354", "108277", "10254", "38344", "7898", "9918", "4048", "7551", "3663", "4581", "6711", "6545", "11584", "48611", "7662", "3199", "133864", "4586", "3799", "10964", "5021", "2596", "4744", "16718", "4303", "335511", "47397", "104271", "21663", "1971", "16093", "16344", "16360", "4431", "23158", "5778", "6428", "7370", "4939", "4452", "12408", "7953", "1688", "11350", "5281", "6551", "4236", "5775", "9016", "7963", "25087", "10061", "4463", "6969", "4579", "6983", "8532", "17950", "19100", "7755", "45919", "13509", "14801", "2286", "5028", "10441", "10834", "3197", "5202", "9674", "1914", "2042", "17821", "3712", "3280", "186733", "4867", "24200", "157587", "554828", "8711", "13071", "16176", "2780", "21419", "10625", "8715", "15380", "9417", "6027", "16116", "1134", "8341"]}, {"col": "c6_number", "type": "REAL", "data": [11626.0, 8624.0, 2936, 10601.0, 14388.0, 5869.0, 8104.0, 9388.0, 5662.0, 83911.0, 38274.0, 17121.0, 4468.0, 19239.0, 21847.0, 36976.0, 4490.0, 2824, 49539.0, 6254.0, 4138.0, 37265.0, 3354.0, 108277.0, 10254.0, 38344.0, 7898.0, 9918.0, 4048.0, 7551.0, 3663.0, 4581.0, 6711.0, 6545.0, 11584.0, 48611.0, 7662.0, 3199.0, 133864.0, 4586.0, 3799.0, 10964.0, 5021.0, 2596, 4744.0, 16718.0, 4303.0, 335511.0, 47397.0, 104271.0, 21663.0, 1971, 16093.0, 16344.0, 16360.0, 4431.0, 23158.0, 5778.0, 6428.0, 7370.0, 4939.0, 4452.0, 12408.0, 7953.0, 1688, 11350.0, 5281.0, 6551.0, 4236.0, 5775.0, 9016.0, 7963.0, 25087.0, 10061.0, 4463.0, 6969.0, 4579.0, 6983.0, 8532.0, 17950.0, 19100.0, 7755.0, 45919.0, 13509.0, 14801.0, 2286, 5028.0, 10441.0, 10834.0, 3197.0, 5202.0, 9674.0, 1914, 2042, 17821.0, 3712.0, 3280.0, 186733.0, 4867.0, 24200.0, 157587.0, 554828.0, 8711.0, 13071.0, 16176.0, 2780, 21419.0, 10625.0, 8715.0, 15380.0, 9417.0, 6027.0, 16116.0, 1134, 8341.0]}]], "is_list": {"id": false, "agg": false, "c1": false, "c2": false, "c2_number": false, "c3": false, "c3_number": false, "c4": false, "c4_number": false, "c5": false, "c5_number": false, "c6": false, "c6_number": false}}