{"headers": ["id", "agg", "rank", "player", "from", "transfer fee\n(\u20ac millions)", "year"], "types": ["id", "agg", "number", "text", "text", "number(text)", "number"], "contents": [[{"col": "id", "type": "INTEGER", "data": [1, 2, 3, 4, 5, 6, 7]}], [{"col": "agg", "type": "INTEGER", "data": [0, 0, 0, 0, 0, 0, 0]}], [{"col": "c1", "type": "TEXT", "data": ["1", "2", "3", "4", "5", "6", "7"]}, {"col": "c1_number", "type": "REAL", "data": [1.0, 2.0, 3.0, 4.0, 5.0, 6.0, 7.0]}], [{"col": "c2", "type": "TEXT", "data": ["neymar", "cesc fabregas", "alexis sanchez", "javier mascherano", "alex song", "jordi alba", "adriano"]}], [{"col": "c3", "type": "TEXT", "data": ["santos fc", "arsenal", "udinese", "liverpool", "arsenal", "valencia", "sevilla"]}], [{"col": "c4", "type": "TEXT", "data": ["86", "29+5(variables)", "26+11(add ons)", "26.8", "19", "14", "13.5"]}, {"col": "c4_first", "type": "TEXT", "data": ["86", "29+5", "26+11", "26.8", "19", "14", "13.5"]}, {"col": "c4_second", "type": "TEXT", "data": [null, "variables", "add ons", null, null, null, null]}, {"col": "c4_first_number", "type": "REAL", "data": [86.0, 29, 26, 26.8, 19.0, 14.0, 13.5]}], [{"col": "c5", "type": "TEXT", "data": ["2013", "2011", "2011", "2010", "2012", "2012", "2010"]}, {"col": "c5_number", "type": "INTEGER", "data": [2013, 2011, 2011, 2010, 2012, 2012, 2010]}]], "is_list": {"id": false, "agg": false, "c1": false, "c1_number": false, "c2": false, "c3": false, "c4": false, "c4_first": false, "c4_second": false, "c4_first_number": false, "c5": false, "c5_number": false}}