{"headers": ["id", "agg", "match no.", "match type", "team europe", "score", "team usa", "progressive total"], "types": ["id", "agg", "number", "text", "text", "score", "text", "score"], "contents": [[{"col": "id", "type": "INTEGER", "data": [1, 2, 3, 4, 5, 6, 7, 8]}], [{"col": "agg", "type": "INTEGER", "data": [0, 0, 0, 0, 0, 0, 0, 0]}], [{"col": "c1", "type": "TEXT", "data": ["25", "26", "27", "28", "29", "30", "31", "32"]}, {"col": "c1_number", "type": "REAL", "data": [25.0, 26.0, 27.0, 28.0, 29.0, 30.0, 31.0, 32.0]}], [{"col": "c2", "type": "TEXT", "data": ["singles", "singles", "singles", "singles", "singles", "baker", "singles", "singles"]}], [{"col": "c3", "type": "TEXT", "data": ["mika koivuniemi", "osku palermaa", "paul moor", "tore torgersen", "tomas leandersson", "team europe", "tore torgersen", "osku palermaa"]}], [{"col": "c4", "type": "TEXT", "data": ["217 - 279", "217 - 244", "210 - 199", "206 - 275", "176 - 258", "202 - 203", "202 - 264", "196 - 235"]}, {"col": "c4_number", "type": "INTEGER", "data": [217, 217, 210, 206, 176, 202, 202, 196]}, {"col": "c4_number1", "type": "INTEGER", "data": [217, 217, 210, 206, 176, 202, 202, 196]}, {"col": "c4_number2", "type": "INTEGER", "data": [279, 244, 199, 275, 258, 203, 264, 235]}], [{"col": "c5", "type": "TEXT", "data": ["chris barnes", "tommy jones", "tim mack", "doug kent", "bill hoffman", "team usa", "chris barnes", "tommy jones"]}], [{"col": "c6", "type": "TEXT", "data": ["14 - 11", "14 - 12", "15 - 12", "15 - 13", "15 - 14", "15 - 15", "15 - 16", "15 - 17"]}, {"col": "c6_number", "type": "INTEGER", "data": [14, 14, 15, 15, 15, 15, 15, 15]}, {"col": "c6_number1", "type": "INTEGER", "data": [14, 14, 15, 15, 15, 15, 15, 15]}, {"col": "c6_number2", "type": "INTEGER", "data": [11, 12, 12, 13, 14, 15, 16, 17]}]], "is_list": {"id": false, "agg": false, "c1": false, "c1_number": false, "c2": false, "c3": false, "c4": false, "c4_number": false, "c4_number1": false, "c4_number2": false, "c5": false, "c6": false, "c6_number": false, "c6_number1": false, "c6_number2": false}}