{"headers": ["id", "agg", "player", "no.", "nationality", "position", "years for jazz", "school/club team"], "types": ["id", "agg", "text", "number", "text", "<f, text>", "timespan", "text(text)"], "contents": [[{"col": "id", "type": "INTEGER", "data": [1, 2, 3, 4, 5, 6, 7, 8]}], [{"col": "agg", "type": "INTEGER", "data": [0, 0, 0, 0, 0, 0, 0, 0]}], [{"col": "c1", "type": "TEXT", "data": ["jim farmer", "derrick favors", "kyrylo fesenko", "derek fisher", "greg foster", "bernie fryer", "todd fuller", "terry furlow"]}], [{"col": "c2", "type": "TEXT", "data": ["30", "15", "44", "2", "44", "25", "52", "25"]}, {"col": "c2_number", "type": "REAL", "data": [30.0, 15.0, 44.0, 2.0, 44.0, 25.0, 52.0, 25.0]}], [{"col": "c3", "type": "TEXT", "data": ["united states", "united states", "ukraine", "united states", "united states", "united states", "united states", "united states"]}], [{"col": "c4", "type": "TEXT", "data": ["guard", "forward", "center", "guard", "center/forward", "guard", "center", "guard/forward"]}, {"col": "c4_list", "type": "LIST TEXT", "data": [["guard"], ["forward"], ["center"], ["guard"], ["center", "forward"], ["guard"], ["center"], ["guard", "forward"]]}, {"col": "c4_length", "type": "INTEGER", "data": [1, 1, 1, 1, 2, 1, 1, 2]}], [{"col": "c5", "type": "TEXT", "data": ["1988-89", "2011-present", "2007-11", "2006-2007", "1995-99", "1975-76", "1998-99", "1979-80"]}, {"col": "c5_minimum_number", "type": "INTEGER", "data": [1988, 2011, 2007, 2006, 1995, 1975, 1998, 1979]}, {"col": "c5_minimum_parsed", "type": "TEXT", "data": [1988, "2011", 2007, "2006", 1995, 1975, 1998, 1979]}, {"col": "c5_minimum_year", "type": "INTEGER", "data": [1988, 2011, 2007, 2006, 1995, 1975, 1998, 1979]}, {"col": "c5_maximum_number", "type": "INTEGER", "data": [1989, null, 2011, 2007, 1999, 1976, 1999, 1980]}, {"col": "c5_maximum_parsed", "type": "TEXT", "data": [1989, "present_ref", 2011, "2007", 1999, 1976, 1999, 1980]}, {"col": "c5_maximum_year", "type": "INTEGER", "data": [1989, 2014, 2011, 2007, 1999, 1976, 1999, 1980]}], [{"col": "c6", "type": "TEXT", "data": ["alabama", "georgia tech", "cherkasy monkeys (ukraine)", "arkansas-little rock", "utep", "byu", "north carolina state", "michigan state"]}, {"col": "c6_first", "type": "TEXT", "data": ["alabama", "georgia tech", "cherkasy monkeys", "arkansas-little rock", "utep", "byu", "north carolina state", "michigan state"]}, {"col": "c6_second", "type": "TEXT", "data": [null, null, "ukraine", null, null, null, null, null]}]], "is_list": {"id": false, "agg": false, "c1": false, "c2": false, "c2_number": false, "c3": false, "c4": false, "c4_list": true, "c4_length": false, "c5": false, "c5_minimum_number": false, "c5_minimum_parsed": false, "c5_minimum_year": false, "c5_maximum_number": false, "c5_maximum_parsed": false, "c5_maximum_year": false, "c6": false, "c6_first": false, "c6_second": false}}