{"headers": ["id", "agg", "color & icon", "name", "name", "mark", "first section\nopened", "last ex-\ntension", "length", "stations"], "types": ["id", "agg", "<t, text>", "text", "text", "text", "number", "number", "unitnum(unitnum)", "number"], "contents": [[{"col": "id", "type": "INTEGER", "data": [1, 2, 3, 4, 5, 6, 7, 8, 9, 10, 11, 12]}], [{"col": "agg", "type": "INTEGER", "data": [0, 0, 0, 0, 0, 0, 0, 0, 0, 0, 0, 0]}], [{"col": "c1", "type": "TEXT", "data": ["yellow", "purple", "purple", "purple & white", "blue", "blue", "blue", "blue", "red", "pink", "pink", "pink"]}, {"col": "c1_list", "type": "LIST TEXT", "data": [["yellow"], ["purple"], ["purple"], ["purple", "white"], ["blue"], ["blue"], ["blue"], ["blue"], ["red"], ["pink"], ["pink"], ["pink"]]}, {"col": "c1_length", "type": "INTEGER", "data": [1, 1, 1, 2, 1, 1, 1, 1, 1, 1, 1, 1]}], [{"col": "c2", "type": "TEXT", "data": ["line 1", "line 2", "line 4", "line 2", "via trackage rights", "line 3", "via trackage rights", "via trackage rights", "line 6", "via trackage rights", "via trackage rights", "line 7"]}], [{"col": "c3", "type": "TEXT", "data": ["higashiyama line", "meijo line", "meijo line", "meiko line", "meitetsu inuyama line", "tsurumai line", "meitetsu toyota line", "meitetsu mikawa line", "sakura-dori line", "meitetsu komaki line", "meitetsu komaki line", "kamiiida line"]}], [{"col": "c4", "type": "TEXT", "data": ["h", "m", "m", "e", null, "t", null, null, "s", null, null, "k"]}], [{"col": "c5", "type": "TEXT", "data": ["1957", "1965", "1974", "1971", "1993", "1977", "1979", null, "1989", "2003", "2003", "2003"]}, {"col": "c5_number", "type": "INTEGER", "data": [1957, 1965, 1974, 1971, 1993, 1977, 1979, null, 1989, 2003, 2003, 2003]}], [{"col": "c6", "type": "TEXT", "data": ["1982", "1971", "2004", null, null, "1993", null, null, "2011", null, null, null]}, {"col": "c6_number", "type": "INTEGER", "data": [1982, 1971, 2004, null, null, 1993, null, null, 2011, null, null, null]}], [{"col": "c7", "type": "TEXT", "data": ["20.6 km (12.8 mi)", "8.9 km (5.5 mi)", "17.5 km (10.9 mi)", "6.0 km (3.7 mi)", "21.4 km (13.3 mi)", "20.4 km (12.7 mi)", "15.2 km (9.4 mi)", "1.4 km (0.87 mi)", "19.1 km (11.9 mi)", "18.3 km (11.4 mi)", "2.3 km (1.4 mi)", "0.8 km (0.50 mi)"]}, {"col": "c7_first", "type": "TEXT", "data": ["20.6 km", "8.9 km", "17.5 km", "6.0 km", "21.4 km", "20.4 km", "15.2 km", "1.4 km", "19.1 km", "18.3 km", "2.3 km", "0.8 km"]}, {"col": "c7_second", "type": "TEXT", "data": ["12.8 mi", "5.5 mi", "10.9 mi", "3.7 mi", "13.3 mi", "12.7 mi", "9.4 mi", "0.87 mi", "11.9 mi", "11.4 mi", "1.4 mi", "0.50 mi"]}, {"col": "c7_first_number", "type": "REAL", "data": [20.6, 8.9, 17.5, 6.0, 21.4, 20.4, 15.2, 1.4, 19.1, 18.3, 2.3, 0.8]}, {"col": "c7_second_number", "type": "REAL", "data": [12.8, 5.5, 10.9, 3.7, 13.3, 12.7, 9.4, 0.87, 11.9, 11.4, 1.4, 0.5]}], [{"col": "c8", "type": "TEXT", "data": ["22", "12", "17", "7", "13", "20", "8", "2", "21", "13", "2", "2"]}, {"col": "c8_number", "type": "REAL", "data": [22.0, 12.0, 17.0, 7.0, 13.0, 20.0, 8.0, 2.0, 21.0, 13.0, 2.0, 2.0]}]], "is_list": {"id": false, "agg": false, "c1": false, "c1_list": true, "c1_length": false, "c2": false, "c3": false, "c4": false, "c5": false, "c5_number": false, "c6": false, "c6_number": false, "c7": false, "c7_first": false, "c7_second": false, "c7_first_number": false, "c7_second_number": false, "c8": false, "c8_number": false}}