{"headers": ["id", "agg", "no.", "title (latin)", "title (english translation)", "subject", "date"], "types": ["id", "agg", "number", "text", "text", "text", "date"], "contents": [[{"col": "id", "type": "INTEGER", "data": [1, 2, 3, 4, 5, 6, 7, 8, 9, 10, 11, 12]}], [{"col": "agg", "type": "INTEGER", "data": [0, 0, 0, 0, 0, 0, 0, 0, 0, 0, 0, 0]}], [{"col": "c1", "type": "TEXT", "data": ["1", "2", "3", "4", "5", "6", "7", "8", "9", "10", "11", "12"]}, {"col": "c1_number", "type": "REAL", "data": [1.0, 2.0, 3.0, 4.0, 5.0, 6.0, 7.0, 8.0, 9.0, 10.0, 11.0, 12.0]}], [{"col": "c2", "type": "TEXT", "data": ["ad beatissimi apostolorum", "humani generis redemptionem", "quod iam diu", "in hac tanta", "paterno iam diu", "pacem, dei munus pulcherrimum", "spiritus paraclitus", "principi apostolorum petro", "annus iam plenus", "sacra propediem", "in praeclara summorum", "fausto appetente die"]}], [{"col": "c3", "type": "TEXT", "data": ["to the chair of the prince of the apostles", "redemption of the human race", null, null, null, "peace, the beautiful gift of god", "the spirit, the paraclete", "to peter, prince of the apostles", null, null, null, null]}], [{"col": "c4", "type": "TEXT", "data": ["appealing for peace", "on preaching the word of god", "on the future peace conference", "on st. boniface", "on the children of central europe", "on peace and christian reconciliation", "on st. jerome", "on st. ephram the syrian", "on children in central europe", "on the third order of st. francis", "on dante", "on st. dominic"]}], [{"col": "c5", "type": "TEXT", "data": ["1 november 1914", "15 june 1917", "1 december 1918", "14 may 1919", "24 november 1919", "23 may 1920", "15 september 1920", "5 october 1920", "1 december 1920", "6 january 1921", "30 april 1921", "29 june 1921"]}, {"col": "c5_number", "type": "INTEGER", "data": [1, 15, 1, 14, 24, 23, 15, 5, 1, 6, 30, 29]}, {"col": "c5_parsed", "type": "TEXT", "data": ["1914-11-01", "1917-06-15", "1918-12-01", "1919-05-14", "1919-11-24", "1920-05-23", "1920-09-15", "1920-10-05", "1920-12-01", "1921-01-06", "1921-04-30", "1921-06-29"]}, {"col": "c5_year", "type": "INTEGER", "data": [1914, 1917, 1918, 1919, 1919, 1920, 1920, 1920, 1920, 1921, 1921, 1921]}, {"col": "c5_month", "type": "INTEGER", "data": [11, 6, 12, 5, 11, 5, 9, 10, 12, 1, 4, 6]}, {"col": "c5_day", "type": "INTEGER", "data": [1, 15, 1, 14, 24, 23, 15, 5, 1, 6, 30, 29]}]], "is_list": {"id": false, "agg": false, "c1": false, "c1_number": false, "c2": false, "c3": false, "c4": false, "c5": false, "c5_number": false, "c5_parsed": false, "c5_year": false, "c5_month": false, "c5_day": false}}