{"headers": ["id", "agg", "year", "total", "romanians", "hungarians", "roma"], "types": ["id", "agg", "number", "number", "percentage", "percentage", "percentage"], "contents": [[{"col": "id", "type": "INTEGER", "data": [1, 2, 3, 4, 5, 6, 7, 8, 9, 10, 11, 12, 13, 14]}], [{"col": "agg", "type": "INTEGER", "data": [0, 0, 0, 0, 0, 0, 0, 0, 0, 0, 0, 0, 0, 0]}], [{"col": "c1", "type": "TEXT", "data": ["1850", "1880", "1890", "1900", "1910", "1920", "1930", "1941", "1956", "1966", "1977", "1992", "2002", "2011"]}, {"col": "c1_number", "type": "INTEGER", "data": [1850, 1880, 1890, 1900, 1910, 1920, 1930, 1941, 1956, 1966, 1977, 1992, 2002, 2011]}], [{"col": "c2", "type": "TEXT", "data": ["4,541", "4,636", "5,499", "5,553", "6,234", "5,887", "6,456", "6,981", "6,649", "6,991", "7,089", "5,723", "5,506", "4,574"]}, {"col": "c2_number", "type": "REAL", "data": [4541.0, 4636.0, 5499.0, 5553.0, 6234.0, 5887.0, 6456.0, 6981.0, 6649.0, 6991.0, 7089.0, 5723.0, 5506.0, 4574.0]}], [{"col": "c3", "type": "TEXT", "data": ["69.3%", "63.0%", "62.7%", "64.3%", "64.6%", "71.6%", "70.5%", "78.3%", "74.7%", "80.9%", "78.1%", "74.1%", "74.4%", "70.7%"]}, {"col": "c3_number", "type": "REAL", "data": [69.3, 63.0, 62.7, 64.3, 64.6, 71.6, 70.5, 78.3, 74.7, 80.9, 78.1, 74.1, 74.4, 70.7]}], [{"col": "c4", "type": "TEXT", "data": ["23.9%", "30.2%", "31.6%", "29.7%", "30.4%", "27.9%", "22.8%", "19.4%", "19.0%", "17.3%", "16.9%", "14.2%", "12.0%", "11.2%"]}, {"col": "c4_number", "type": "REAL", "data": [23.9, 30.2, 31.6, 29.7, 30.4, 27.9, 22.8, 19.4, 19.0, 17.3, 16.9, 14.2, 12.0, 11.2]}], [{"col": "c5", "type": "TEXT", "data": ["6.5%", null, null, null, null, null, "2.6%", null, "6.0%", "1.7%", "4.9%", "11.6%", "13.6%", "17.9%"]}, {"col": "c5_number", "type": "REAL", "data": [6.5, null, null, null, null, null, 2.6, null, 6.0, 1.7, 4.9, 11.6, 13.6, 17.9]}]], "is_list": {"id": false, "agg": false, "c1": false, "c1_number": false, "c2": false, "c2_number": false, "c3": false, "c3_number": false, "c4": false, "c4_number": false, "c5": false, "c5_number": false}}