{"headers": ["id", "agg", "tournament", "2004", "2005", "2006", "2007", "2008", "2009", "2010", "2011", "2012", "2013", "2014", "w-l"], "types": ["id", "agg", "text", "text", "text", "text", "text", "text", "text", "text", "text", "text", "text", "text", "score"], "contents": [[{"col": "id", "type": "INTEGER", "data": [1, 2, 3, 4, 5, 6, 7, 8, 9, 10, 11, 12, 13, 14, 15, 16, 17, 18]}], [{"col": "agg", "type": "INTEGER", "data": [0, 0, 0, 0, 0, 0, 0, 0, 0, 0, 0, 0, 0, 0, 0, 0, 0, 0]}], [{"col": "c1", "type": "TEXT", "data": ["australian open", "french open", "wimbledon", "us open", "win-loss", "indian wells masters", "miami masters", "monte-carlo masters", "rome masters", "madrid masters", "canada masters", "cincinnati masters", "shanghai masters", "paris masters", "hamburg masters", "win-loss", "titles-finals", "year end ranking"]}], [{"col": "c2", "type": "TEXT", "data": ["a", "2r", "a", "a", "1-1", "a", "a", "a", "a", "a", "a", "a", "not masters series", "a", "a", "0-0", "0-0", "129"]}], [{"col": "c3", "type": "TEXT", "data": ["2r", "1r", "2r", "1r", "2-4", "a", "a", "1r", "a", "a", "a", "a", "not masters series", "a", "a", "0-1", "0-0", "91"]}], [{"col": "c4", "type": "TEXT", "data": ["2r", "1r", "2r", "1r", "2-4", "a", "a", "a", "a", "a", "a", "a", "not masters series", "a", "2r", "1-1", "0-0", "68"]}], [{"col": "c5", "type": "TEXT", "data": ["2r", "2r", "1r", "1r", "2-4", "3r", "2r", "3r", "a", "lq", "a", "lq", "not masters series", "lq", "1r", "4-4", "0-0", "90"]}], [{"col": "c6", "type": "TEXT", "data": ["3r", "2r", "3r", "2r", "6-4", "2r", "1r", "lq", "a", "lq", "a", "a", "not masters series", "lq", "a", "1-2", "0-0", "62"]}], [{"col": "c7", "type": "TEXT", "data": ["2r", "1r", "2r", "2r", "3-4", "1r", "1r", "a", "lq", "1r", "1r", "3r", "1r", "a", "not masters series", "2-6", "1-1", "41"]}], [{"col": "c8", "type": "TEXT", "data": ["1r", "2r", "1r", "2r", "2-4", "4r", "2r", "1r", "3r", "3r", "a", "a", "qf", "a", "not masters series", "11-6", "1-2", "33"]}], [{"col": "c9", "type": "TEXT", "data": ["3r", "3r", "2r", "2r", "6-4", "2r", "2r", "2r", "1r", "3r", "a", "1r", "2r", "2r", "not masters series", "5-8", "0-0", "39"]}], [{"col": "c10", "type": "TEXT", "data": ["1r", "1r", "2r", "2r", "2-4", "3r", "2r", "a", "2r", "2r", "a", "a", "q2", "1r", "not masters series", "5-5", "0-0", "76"]}], [{"col": "c11", "type": "TEXT", "data": ["1r", "1r", "1r", "1r", "0-4", "a", "a", "a", "a", "1r", "a", "a", "a", "1r", "not masters series", "0-2", "0-2", "62"]}], [{"col": "c12", "type": "TEXT", "data": ["2r", null, null, null, "1-1", "a", null, null, null, null, null, null, null, null, null, null, null, null]}], [{"col": "c13", "type": "TEXT", "data": ["9-10", "6-10", "7-9", "5-9", "27-38", "8-6", "3-6", "2-3", "3-3", "5-5", "0-1", "2-2", "4-3", "1-3", "1-2", "29-35", "2-5", null]}, {"col": "c13_number", "type": "INTEGER", "data": [9, 6, 7, 5, 27, 8, 3, 2, 3, 5, 0, 2, 4, 1, 1, 29, 2, null]}, {"col": "c13_number1", "type": "INTEGER", "data": [9, 6, 7, 5, 27, 8, 3, 2, 3, 5, 0, 2, 4, 1, 1, 29, 2, null]}, {"col": "c13_number2", "type": "INTEGER", "data": [10, 10, 9, 9, 38, 6, 6, 3, 3, 5, 1, 2, 3, 3, 2, 35, 5, null]}]], "is_list": {"id": false, "agg": false, "c1": false, "c2": false, "c3": false, "c4": false, "c5": false, "c6": false, "c7": false, "c8": false, "c9": false, "c10": false, "c11": false, "c12": false, "c13": false, "c13_number": false, "c13_number1": false, "c13_number2": false}}