{"headers": ["id", "agg", "name", "college", "years", "reign"], "types": ["id", "agg", "text", "text", "timespan", "text"], "contents": [[{"col": "id", "type": "INTEGER", "data": [1, 2, 3, 4, 5, 6, 7, 8, 9, 10, 11, 12]}], [{"col": "agg", "type": "INTEGER", "data": [0, 0, 0, 0, 0, 0, 0, 0, 0, 0, 0, 0]}], [{"col": "c1", "type": "TEXT", "data": ["seretse khama", "jigme khesar namgyal wangchuck", "abdullah ii of jordan", "sultan ahmad shah", "tuanku abdul halim", "tuanku jaafar", "william ii of the netherlands", "harald v of norway", "olav v of norway", "vajiravhud", "andrew bertie", "george tupou v"]}], [{"col": "c2", "type": "TEXT", "data": ["balliol", "magdalen", "pembroke", "worcester", "wadham", "balliol", null, "balliol", "balliol", "christ church", "christ church", null]}], [{"col": "c3", "type": "TEXT", "data": ["1945", "2000-?", null, "1948-?", "-1954", null, null, "1960-1962", "1924-1926", "1900-1901", null, null]}, {"col": "c3_minimum_number", "type": "INTEGER", "data": [1945, 2000, null, 1948, 1954, null, null, 1960, 1924, 1900, null, null]}, {"col": "c3_minimum_parsed", "type": "TEXT", "data": ["1945", "2000", null, "1948", "1954", null, null, "1960", "1924", "1900", null, null]}, {"col": "c3_minimum_year", "type": "INTEGER", "data": [1945, 2000, null, 1948, 1954, null, null, 1960, 1924, 1900, null, null]}, {"col": "c3_maximum_number", "type": "INTEGER", "data": [1945, 2000, null, 1948, 1954, null, null, 1962, 1926, 1901, null, null]}, {"col": "c3_maximum_parsed", "type": "TEXT", "data": ["1945", "2000", null, "1948", "1954", null, null, "1962", "1926", "1901", null, null]}, {"col": "c3_maximum_year", "type": "INTEGER", "data": [1945, 2000, null, 1948, 1954, null, null, 1962, 1926, 1901, null, null]}], [{"col": "c4", "type": "TEXT", "data": ["king of the bagammangwato people (1925); afterwards first president of botswana (1966-1980)", "king of bhutan (2006 onwards)", "king of jordan (1999 onwards)", "king of malaysia (1979-1984) and sultan of pahang (1979 onwards)", "king of malaysia (1970-1975) and sultan of kedah (1958 onwards)", "king of malaysia (1994-1999) and yang di-pertuan besar of negeri sembilan (1968 onwards)", "king of the netherlands and grand duke of luxembourg (1840-1849)", "king of norway (1991 onwards)", "king of norway (1957-1991)", "king of siam (1910-1925)", "prince and grand master of the sovereign military order of malta (1988-2008)", "king of tonga (2006-2012)"]}]], "is_list": {"id": false, "agg": false, "c1": false, "c2": false, "c3": false, "c3_minimum_number": false, "c3_minimum_parsed": false, "c3_minimum_year": false, "c3_maximum_number": false, "c3_maximum_parsed": false, "c3_maximum_year": false, "c4": false}}