{"headers": ["id", "agg", "rnd.", "pick #", "nfl team", "player", "pos.", "college", "conf.", "notes"], "types": ["id", "agg", "number", "number", "text", "text", "text", "text(text)", "text", "text"], "contents": [[{"col": "id", "type": "INTEGER", "data": [1, 2, 3, 4, 5, 6, 7, 8, 9, 10, 11, 12, 13, 14, 15, 16, 17, 18, 19, 20, 21, 22, 23, 24, 25, 26, 27, 28, 29, 30, 31, 32, 33, 34, 35, 36, 37, 38, 39, 40, 41, 42, 43, 44, 45, 46, 47, 48, 49, 50, 51, 52, 53, 54, 55, 56, 57, 58, 59, 60, 61, 62, 63, 64, 65, 66, 67, 68, 69, 70, 71, 72, 73, 74, 75, 76, 77, 78, 79, 80, 81, 82, 83, 84, 85, 86, 87, 88, 89, 90, 91, 92, 93, 94, 95, 96, 97, 98, 99, 100, 101, 102, 103, 104, 105, 106, 107, 108, 109, 110, 111, 112, 113, 114, 115, 116, 117, 118, 119, 120, 121, 122, 123, 124, 125, 126, 127, 128, 129, 130, 131, 132, 133, 134, 135, 136, 137, 138, 139, 140, 141, 142, 143, 144, 145, 146, 147, 148, 149, 150, 151, 152, 153, 154, 155, 156, 157, 158, 159, 160, 161, 162, 163, 164, 165, 166, 167, 168, 169, 170, 171, 172, 173, 174, 175, 176, 177, 178, 179, 180, 181, 182, 183, 184, 185, 186, 187, 188, 189, 190, 191, 192, 193, 194, 195, 196, 197, 198, 199, 200, 201, 202, 203, 204, 205, 206, 207, 208, 209, 210, 211, 212, 213, 214, 215, 216, 217, 218, 219, 220, 221, 222, 223, 224, 225, 226, 227, 228, 229, 230, 231, 232, 233, 234, 235, 236, 237, 238, 239, 240, 241, 242, 243, 244, 245, 246, 247, 248, 249, 250, 251, 252, 253, 254, 255, 256, 257, 258, 259, 260, 261, 262, 263]}], [{"col": "agg", "type": "INTEGER", "data": [0, 0, 0, 0, 0, 0, 0, 0, 0, 0, 0, 0, 0, 0, 0, 0, 0, 0, 0, 0, 0, 0, 0, 0, 0, 0, 0, 0, 0, 0, 0, 0, 0, 0, 0, 0, 0, 0, 0, 0, 0, 0, 0, 0, 0, 0, 0, 0, 0, 0, 0, 0, 0, 0, 0, 0, 0, 0, 0, 0, 0, 0, 0, 0, 0, 0, 0, 0, 0, 0, 0, 0, 0, 0, 0, 0, 0, 0, 0, 0, 0, 0, 0, 0, 0, 0, 0, 0, 0, 0, 0, 0, 0, 0, 0, 0, 0, 0, 0, 0, 0, 0, 0, 0, 0, 0, 0, 0, 0, 0, 0, 0, 0, 0, 0, 0, 0, 0, 0, 0, 0, 0, 0, 0, 0, 0, 0, 0, 0, 0, 0, 0, 0, 0, 0, 0, 0, 0, 0, 0, 0, 0, 0, 0, 0, 0, 0, 0, 0, 0, 0, 0, 0, 0, 0, 0, 0, 0, 0, 0, 0, 0, 0, 0, 0, 0, 0, 0, 0, 0, 0, 0, 0, 0, 0, 0, 0, 0, 0, 0, 0, 0, 0, 0, 0, 0, 0, 0, 0, 0, 0, 0, 0, 0, 0, 0, 0, 0, 0, 0, 0, 0, 0, 0, 0, 0, 0, 0, 0, 0, 0, 0, 0, 0, 0, 0, 0, 0, 0, 0, 0, 0, 0, 0, 0, 0, 0, 0, 0, 0, 0, 0, 0, 0, 0, 0, 0, 0, 0, 0, 0, 0, 0, 0, 0, 0, 0, 0, 0, 0, 0, 0, 0, 0, 0, 0, 0, 0, 0, 0, 0, 0, 0]}], [{"col": "c1", "type": "TEXT", "data": ["1", "1", "1", "1", "1", "1", "1", "1", "1", "1", "1", "1", "1", "1", "1", "1", "1", "1", "1", "1", "1", "1", "1", "1", "1", "1", "1", "1", "1", "1", "1", "1", "2", "2", "2", "2", "2", "2", "2", "2", "2", "2", "2", "2", "2", "2", "2", "2", "2", "2", "2", "2", "2", "2", "2", "2", "2", "2", "2", "2", "2", "2", "2", "2", "2", "3", "3", "3", "3", "3", "3", "3", "3", "3", "3", "3", "3", "3", "3", "3", "3", "3", "3", "3", "3", "3", "3", "3", "3", "3", "3", "3", "3", "3", "3", "3", "3", "3", "3", "3", "4", "4", "4", "4", "4", "4", "4", "4", "4", "4", "4", "4", "4", "4", "4", "4", "4", "4", "4", "4", "4", "4", "4", "4", "4", "4", "4", "4", "4", "4", "4", "4", "4", "4", "4", "4", "4", "5", "5", "5", "5", "5", "5", "5", "5", "5", "5", "5", "5", "5", "5", "5", "5", "5", "5", "5", "5", "5", "5", "5", "5", "5", "5", "5", "5", "5", "5", "5", "5", "5", "5", "5", "5", "5", "6", "6", "6", "6", "6", "6", "6", "6", "6", "6", "6", "6", "6", "6", "6", "6", "6", "6", "6", "6", "6", "6", "6", "6", "6", "6", "6", "6", "6", "6", "6", "6", "6", "6", "6", "6", "6", "6", "6", "7", "7", "7", "7", "7", "7", "7", "7", "7", "7", "7", "7", "7", "7", "7", "7", "7", "7", "7", "7", "7", "7", "7", "7", "7", "7", "7", "7", "7", "7", "7", "7", "7", "7", "7", "7", "7", "7", "7", "7", "7", "7", "7", "7", "7", "7", "7", "7", "7", "7"]}, {"col": "c1_number", "type": "REAL", "data": [1.0, 1.0, 1.0, 1.0, 1.0, 1.0, 1.0, 1.0, 1.0, 1.0, 1.0, 1.0, 1.0, 1.0, 1.0, 1.0, 1.0, 1.0, 1.0, 1.0, 1.0, 1.0, 1.0, 1.0, 1.0, 1.0, 1.0, 1.0, 1.0, 1.0, 1.0, 1.0, 2.0, 2.0, 2.0, 2.0, 2.0, 2.0, 2.0, 2.0, 2.0, 2.0, 2.0, 2.0, 2.0, 2.0, 2.0, 2.0, 2.0, 2.0, 2.0, 2.0, 2.0, 2.0, 2.0, 2.0, 2.0, 2.0, 2.0, 2.0, 2.0, 2.0, 2.0, 2.0, 2.0, 3.0, 3.0, 3.0, 3.0, 3.0, 3.0, 3.0, 3.0, 3.0, 3.0, 3.0, 3.0, 3.0, 3.0, 3.0, 3.0, 3.0, 3.0, 3.0, 3.0, 3.0, 3.0, 3.0, 3.0, 3.0, 3.0, 3.0, 3.0, 3.0, 3.0, 3.0, 3.0, 3.0, 3.0, 3.0, 4.0, 4.0, 4.0, 4.0, 4.0, 4.0, 4.0, 4.0, 4.0, 4.0, 4.0, 4.0, 4.0, 4.0, 4.0, 4.0, 4.0, 4.0, 4.0, 4.0, 4.0, 4.0, 4.0, 4.0, 4.0, 4.0, 4.0, 4.0, 4.0, 4.0, 4.0, 4.0, 4.0, 4.0, 4.0, 4.0, 4.0, 5.0, 5.0, 5.0, 5.0, 5.0, 5.0, 5.0, 5.0, 5.0, 5.0, 5.0, 5.0, 5.0, 5.0, 5.0, 5.0, 5.0, 5.0, 5.0, 5.0, 5.0, 5.0, 5.0, 5.0, 5.0, 5.0, 5.0, 5.0, 5.0, 5.0, 5.0, 5.0, 5.0, 5.0, 5.0, 5.0, 5.0, 6.0, 6.0, 6.0, 6.0, 6.0, 6.0, 6.0, 6.0, 6.0, 6.0, 6.0, 6.0, 6.0, 6.0, 6.0, 6.0, 6.0, 6.0, 6.0, 6.0, 6.0, 6.0, 6.0, 6.0, 6.0, 6.0, 6.0, 6.0, 6.0, 6.0, 6.0, 6.0, 6.0, 6.0, 6.0, 6.0, 6.0, 6.0, 6.0, 7.0, 7.0, 7.0, 7.0, 7.0, 7.0, 7.0, 7.0, 7.0, 7.0, 7.0, 7.0, 7.0, 7.0, 7.0, 7.0, 7.0, 7.0, 7.0, 7.0, 7.0, 7.0, 7.0, 7.0, 7.0, 7.0, 7.0, 7.0, 7.0, 7.0, 7.0, 7.0, 7.0, 7.0, 7.0, 7.0, 7.0, 7.0, 7.0, 7.0, 7.0, 7.0, 7.0, 7.0, 7.0, 7.0, 7.0, 7.0, 7.0, 7.0]}], [{"col": "c2", "type": "TEXT", "data": ["1", "2", "3", "4", "5", "6", "7", "8", "9", "10", "11", "12", "13", "14", "15", "16", "17", "18", "19", "20", "21", "22", "23", "24", "25", "26", "27", "28", "29", "30", "31", "32", "33", "34", "35", "36", "37", "38", "39", "40", "41", "42", "43", "44", "45", "46", "47", "48", "49", "50", "51", "52", "53", "54", "55", "56", "57", "58", "59", "60", "61", "62", "63", "64", "65", "66", "67", "68", "69", "70", "71", "72", "73", "74", "75", "76", "77", "78", "79", "80", "81", "82", "83", "84", null, "85", "86", "87", "88", "89", "90", "91", null, "92", "93", "94", "95", "96", "97", "98", "99", "100", "101", "102", "103", "104", "105", "106", "107", "108", "109", "110", "111", "112", "113", "114", "115", "116", "117", "118", "119", "120", "121", "122", "123", "124", "125", "126", "127", "128", "129", "130", "131", "132", "133", "134", "135", "136", "137", "138", "139", "140", "141", "142", "143", "144", "145", "146", "147", "148", "149", "150", "151", "152", "153", "154", "155", "156", "157", "158", "159", "160", "161", "162", "163", "164", "165", "166", "167", "168", "169", "170", "171", "172", "173", "174", "175", "176", "177", "178", "179", "180", "181", "182", "183", "184", "185", "186", "187", "188", "189", "190", "191", "192", "193", "194", "195", "196", "197", "198", "199", "200", "201", "202", "203", "204", "205", "206", "207", "208", "209", "210", "211", "212", "213", "214", "215", "216", "217", "218", "219", "220", "221", "222", "223", "224", "225", "226", "227", "228", "229", "230", "231", "232", "233", "234", "235", "236", "237", "238", "239", "240", "241", "242", "243", "244", "245", "246", "247", "248", "249", "250", "251", "252", "253", "254", "255", "256", "257", "258", "259", "260", "261"]}, {"col": "c2_number", "type": "REAL", "data": [1.0, 2.0, 3.0, 4.0, 5.0, 6.0, 7.0, 8.0, 9.0, 10.0, 11.0, 12.0, 13.0, 14.0, 15.0, 16.0, 17.0, 18.0, 19.0, 20.0, 21.0, 22.0, 23.0, 24.0, 25.0, 26.0, 27.0, 28.0, 29.0, 30.0, 31.0, 32.0, 33.0, 34.0, 35.0, 36.0, 37.0, 38.0, 39.0, 40.0, 41.0, 42.0, 43.0, 44.0, 45.0, 46.0, 47.0, 48.0, 49.0, 50.0, 51.0, 52.0, 53.0, 54.0, 55.0, 56.0, 57.0, 58.0, 59.0, 60.0, 61.0, 62.0, 63.0, 64.0, 65.0, 66.0, 67.0, 68.0, 69.0, 70.0, 71.0, 72.0, 73.0, 74.0, 75.0, 76.0, 77.0, 78.0, 79.0, 80.0, 81.0, 82.0, 83.0, 84.0, null, 85.0, 86.0, 87.0, 88.0, 89.0, 90.0, 91.0, null, 92.0, 93.0, 94.0, 95.0, 96.0, 97.0, 98.0, 99.0, 100.0, 101.0, 102.0, 103.0, 104.0, 105.0, 106.0, 107.0, 108.0, 109.0, 110.0, 111.0, 112.0, 113.0, 114.0, 115.0, 116.0, 117.0, 118.0, 119.0, 120.0, 121.0, 122.0, 123.0, 124.0, 125.0, 126.0, 127.0, 128.0, 129.0, 130.0, 131.0, 132.0, 133.0, 134.0, 135.0, 136.0, 137.0, 138.0, 139.0, 140.0, 141.0, 142.0, 143.0, 144.0, 145.0, 146.0, 147.0, 148.0, 149.0, 150.0, 151.0, 152.0, 153.0, 154.0, 155.0, 156.0, 157.0, 158.0, 159.0, 160.0, 161.0, 162.0, 163.0, 164.0, 165.0, 166.0, 167.0, 168.0, 169.0, 170.0, 171.0, 172.0, 173.0, 174.0, 175.0, 176.0, 177.0, 178.0, 179.0, 180.0, 181.0, 182.0, 183.0, 184.0, 185.0, 186.0, 187.0, 188.0, 189.0, 190.0, 191.0, 192.0, 193.0, 194.0, 195.0, 196.0, 197.0, 198.0, 199.0, 200.0, 201.0, 202.0, 203.0, 204.0, 205.0, 206.0, 207.0, 208.0, 209.0, 210.0, 211.0, 212.0, 213.0, 214.0, 215.0, 216.0, 217.0, 218.0, 219.0, 220.0, 221.0, 222.0, 223.0, 224.0, 225.0, 226.0, 227.0, 228.0, 229.0, 230.0, 231.0, 232.0, 233.0, 234.0, 235.0, 236.0, 237.0, 238.0, 239.0, 240.0, 241.0, 242.0, 243.0, 244.0, 245.0, 246.0, 247.0, 248.0, 249.0, 250.0, 251.0, 252.0, 253.0, 254.0, 255.0, 256.0, 257.0, 258.0, 259.0, 260.0, 261.0]}], [{"col": "c3", "type": "TEXT", "data": ["houston texans", "carolina panthers", "detroit lions", "buffalo bills", "san diego chargers", "kansas city chiefs", "minnesota vikings", "dallas cowboys", "jacksonville jaguars", "cincinnati bengals", "indianapolis colts", "arizona cardinals", "new orleans saints", "new york giants", "tennessee titans", "cleveland browns", "oakland raiders", "atlanta falcons", "denver broncos", "green bay packers", "new england patriots", "new york jets", "oakland raiders", "baltimore ravens", "new orleans saints", "philadelphia eagles", "san francisco 49ers", "seattle seahawks", "chicago bears", "pittsburgh steelers", "st. louis rams", "washington redskins", "houston texans", "carolina panthers", "detroit lions", "buffalo bills", "dallas cowboys", "minnesota vikings", "san diego chargers", "jacksonville jaguars", "cincinnati bengals", "indianapolis colts", "kansas city chiefs", "new orleans saints", "tennessee titans", "new york giants", "cleveland browns", "san diego chargers", "arizona cardinals", "houston texans", "denver broncos", "baltimore ravens", "oakland raiders", "seattle seahawks", "oakland raiders", "washington redskins", "new york jets", "philadelphia eagles", "philadelphia eagles", "seattle seahawks", "buffalo bills", "pittsburgh steelers", "dallas cowboys", "st. louis rams", "new england patriots", "houston texans", "cincinnati bengals", "detroit lions", "san francisco 49ers", "minnesota vikings", "san diego chargers", "chicago bears", "carolina panthers", "indianapolis colts", "dallas cowboys", "cleveland browns", "tennessee titans", "new york giants", "washington redskins", "atlanta falcons", "arizona cardinals", "new orleans saints", "houston texans", "st. louis rams", "denver broncos", "seattle seahawks", "tampa bay buccaneers", "washington redskins", "new york jets", "jacksonville jaguars", "miami dolphins", "philadelphia eagles", "san francisco 49ers", "green bay packers", "chicago bears", "pittsburgh steelers", "st. louis rams", "denver broncos", "buffalo bills", "arizona cardinals", "houston texans", "carolina panthers", "cleveland browns", "san francisco 49ers", "san diego chargers", "chicago bears", "minnesota vikings", "indianapolis colts", "kansas city chiefs", "jacksonville jaguars", "cincinnati bengals", "tennessee titans", "cleveland browns", "baltimore ravens", "arizona cardinals", "miami dolphins", "tennessee titans", "atlanta falcons", "new england patriots", "jacksonville jaguars", "tampa bay buccaneers", "seattle seahawks", "new york jets", "cleveland browns", "baltimore ravens", "philadelphia eagles", "new orleans saints", "new england patriots", "san francisco 49ers", "pittsburgh steelers", "dallas cowboys", "st. louis rams", "denver broncos", "minnesota vikings", "tennessee titans", "detroit lions", "green bay packers", "houston texans", "carolina panthers", "detroit lions", "buffalo bills", "chicago bears", "cleveland browns", "san diego chargers", "kansas city chiefs", "denver broncos", "carolina panthers", "seattle seahawks", "oakland raiders", "atlanta falcons", "arizona cardinals", "new orleans saints", "tennessee titans", "new york giants", "houston texans", "new york jets", "baltimore ravens", "green bay packers", "tampa bay buccaneers", "atlanta falcons", "washington redskins", "washington redskins", "miami dolphins", "philadelphia eagles", "san francisco 49ers", "green bay packers", "chicago bears", "pittsburgh steelers", "st. louis rams", "dallas cowboys", "seattle seahawks", "miami dolphins", "seattle seahawks", "san francisco 49ers", "houston texans", "carolina panthers", "detroit lions", "buffalo bills", "minnesota vikings", "san diego chargers", "dallas cowboys", "jacksonville jaguars", "cincinnati bengals", "indianapolis colts", "indianapolis colts", "atlanta falcons", "arizona cardinals", "new orleans saints", "tennessee titans", "new york giants", "oakland raiders", "houston texans", "denver broncos", "washington redskins", "tampa bay buccaneers", "seattle seahawks", "baltimore ravens", "new orleans saints", "oakland raiders", "philadelphia eagles", "chicago bears", "green bay packers", "san francisco 49ers", "pittsburgh steelers", "chicago bears", "indianapolis colts", "st. louis rams", "baltimore ravens", "baltimore ravens", "dallas cowboys", "baltimore ravens", "chicago bears", "dallas cowboys", "pittsburgh steelers", "carolina panthers", "detroit lions", "buffalo bills", "san diego chargers", "atlanta falcons", "minnesota vikings", "cincinnati bengals", "indianapolis colts", "kansas city chiefs", "jacksonville jaguars", "arizona cardinals", "new orleans saints", "tennessee titans", "new york giants", "cleveland browns", "denver broncos", "houston texans", "washington redskins", "denver broncos", "seattle seahawks", "tampa bay buccaneers", "washington redskins", "oakland raiders", "baltimore ravens", "new england patriots", "philadelphia eagles", "san francisco 49ers", "tennessee titans", "miami dolphins", "pittsburgh steelers", "st. louis rams", "atlanta falcons", "new york giants", "jacksonville jaguars", "jacksonville jaguars", "san francisco 49ers", "buffalo bills", "tampa bay buccaneers", "buffalo bills", "detroit lions", "new england patriots", "tampa bay buccaneers", "tampa bay buccaneers", "san francisco 49ers", "washington redskins", "carolina panthers", "detroit lions", "buffalo bills", "houston texans"]}], [{"col": "c4", "type": "TEXT", "data": ["david carr", "julius peppers", "joey harrington", "mike williams", "quentin jammer", "ryan sims", "bryant mckinnie", "roy williams", "john henderson", "levi jones", "dwight freeney", "wendell bryant", "donte stallworth", "jeremy shockey", "albert haynesworth", "william green", "phillip buchanon", "t. j. duckett", "ashley lelie", "javon walker", "daniel graham", "bryan thomas", "napoleon harris", "ed reed", "charles grant", "lito sheppard", "mike rumph", "jerramy stevens", "marc colombo", "kendall simmons", "robert thomas", "patrick ramsey", "jabar gaffney", "deshaun foster", "kalimba edwards", "josh reed", "andre gurode", "raonall smith", "toniu fonoti", "mike pearson", "lamont thompson", "larry tripplett", "eddie freeman", "lecharles bentley", "tank williams", "tim carter", "andre davis", "reche caldwell", "levar fisher", "chester pitts", "clinton portis", "anthony weaver", "langston walker", "maurice morris", "doug jolley", "ladell betts", "jon mcgraw", "michael lewis", "sheldon brown", "anton palepoi", "ryan denney", "antwaan randle el", "antonio bryant", "travis fisher", "deion branch", "fred weary", "matt schobel", "andre goodman", "saleem rasheed", "willie offord", "ben leber", "roosevelt williams", "will witherspoon", "joseph jefferson", "derek ross", "melvin fowler", "rocky calmus", "jeff hatch", "rashad bauman", "will overstreet", "josh mccown", "james allen", "charles hill", "lamar gordon", "forfeited due to a salary cap violation", "kris richard", "marquise walker", "cliff russell", "chris baker", "akin ayodele", "seth mckinney", "brian westbrook", "forfeited due to a salary cap violation", "marques anderson", "terrence metcalf", "chris hope", "eric crouch", "dorsett davis", "coy wire", "dennis johnson", "jonathan wells", "dante wesley", "kevin bentley", "jeff chandler", "justin peelle", "alex brown", "brian williams", "david thornton", "omar easy", "david garrard", "travis dorsch", "mike echols", "ben taylor", "dave zastudil", "nate dwyer", "randy mcmichael", "tony beckham", "martin bibla", "rohan davey", "chris luzar", "travis stephens", "terreal bierria", "alan harper", "darnell sanders", "ron johnson", "scott peters", "keyuo craver", "jarvis green", "kevin curtis", "larry foote", "jamar martin", "travis scott", "sam brandon", "ed ta'amu", "rocky boiman", "john taylor", "najeh davenport", "jarrod baxter", "randy fasani", "john owens", "justin bannan", "bobby gray", "andra davis", "terry charles", "scott fujita", "herb haygood", "kyle johnson", "rocky bernard", "kenyon coleman", "kevin mccadam", "jason mcaddley", "mel mitchell", "jake schifino", "nick greisen", "ramon walker", "jonathan goodwin", "terry jones", "aaron kampman", "jermaine phillips", "kurt kittner", "andre lott", "robert royal", "omare lowe", "freddie milons", "brandon doman", "craig nall", "bryan knight", "verron haynes", "courtland bullard", "pete hunter", "ryan hannam", "sam simmons", "matt hill", "josh shaw", "demarcus faggins", "keith heinrich", "chris cash", "kevin thomas", "nick rogers", "matt anderle", "tyson walter", "clenton ballard", "marquand manuel", "david pugh", "james lewis", "kahlil hill", "josh scobey", "j. t. o'sullivan", "justin hartwig", "wesly mallard", "keyon nash", "howard green", "jeb putzier", "reggie coleman", "john stamper", "craig jarrett", "lamont brightful", "john gilmore", "larry ned", "tyreo harrison", "adrian peterson", "mike houghton", "mark anelli", "lee mays", "jamin elliott", "brian allen", "steve bellisari", "javin hunter", "chester taylor", "deveren johnson", "chad williams", "bryan fletcher", "bob slowikowski", "lavar glover", "pete campion", "luke staley", "mike pucillo", "seth burford", "michael coleman", "chad beasley", "joey evans", "josh mallard", "maurice rodriguez", "kendall newson", "mike banks", "derrius monroe", "darrell hill", "daryl jones", "joaquin gonzalez", "chris young", "greg \"stylez g.\" white", "jeff grau", "monsanto pope", "jeff kelly", "tim wansley", "greg scott", "ronald curry", "wes pate", "antwoine womack", "raheem brock", "eric heitmann", "carlos hall", "leonard henry", "brett keisel", "chris massey", "kevin shaffer", "quincy monk", "steve smith", "hayden epstein", "kyle kosier", "rodney wright", "tracey wistrom", "jarrett ferguson", "matt murphy", "david givens", "aaron lockett", "zack quaccia", "teddy gaines", "rock cartwright", "brad franklin", "victor rogers", "dominique stevenson", "ahmad miller"]}], [{"col": "c5", "type": "TEXT", "data": ["qb", "de", "qb", "ot", "cb", "dt", "ot", "ss", "dt", "ot", "de", "dt", "wr", "te", "dt", "rb", "cb", "rb", "wr", "wr", "te", "de", "lb", "fs", "de", "cb", "cb", "te", "ot", "g", "lb", "qb", "wr", "rb", "de", "wr", "c", "lb", "g", "ot", "fs", "dt", "de", "c", "ss", "wr", "wr", "wr", "lb", "g", "rb", "de", "g", "rb", "te", "rb", "s", "s", "cb", "de", "de", "wr", "wr", "cb", "wr", "g", "te", "cb", "lb", "ss", "lb", "cb", "lb", "ss", "cb", "c", "lb", "ot", "cb", "lb", "qb", "lb", "nt", "fb", "forfeited due to a salary cap violation", "cb", "wr", "wr", "te", "lb", "c", "rb", "forfeited due to a salary cap violation", "fs", "g", "fs", "wr", "dt", "ss", "de", "rb", "cb", "lb", "k", "te", "de", "db", "lb", "fb", "qb", "k", "cb", "lb", "p", "dt", "te", "cb", "g", "qb", "te", "rb", "ss", "nt", "te", "wr", "c", "cb", "de", "db", "lb", "fb", "g", "ss", "g", "lb", "de", "rb", "fb", "qb", "te", "dt", "s", "lb", "wr", "lb", "wr", "fb", "dt", "de", "s", "wr", "s", "wr", "lb", "s", "g", "te", "de", "s", "qb", "s", "te", "s", "wr", "qb", "qb", "lb", "rb", "lb", "cb", "te", "wr", "ot", "dt", "cb", "te", "cb", "cb", "lb", "ot", "c", "dt", "s", "dt", "db", "wr", "rb", "qb", "c", "lb", "db", "dt", "te", "ot", "de", "p", "cb", "te", "rb", "lb", "rb", "ot", "te", "wr", "wr", "rb", "qb", "wr", "rb", "wr", "s", "te", "te", "db", "g", "rb", "c", "qb", "wr", "ot", "de", "de", "lb", "wr", "te", "de", "wr", "wr", "ot", "s", "de", "c", "dt", "qb", "cb", "de", "wr", "qb", "rb", "de", "c", "de", "rb", "de", "fb", "ot", "lb", "db", "k", "ot", "wr", "te", "rb", "te", "wr", "wr", "c", "db", "rb", "cb", "ot", "lb", "dt"]}], [{"col": "c6", "type": "TEXT", "data": ["fresno state", "north carolina", "oregon", "texas", "texas", "north carolina", "miami (fl)", "oklahoma", "tennessee", "arizona state", "syracuse", "wisconsin", "tennessee", "miami (fl)", "tennessee", "boston college", "miami (fl)", "michigan state", "hawai\u02bbi", "florida state", "colorado", "uab", "northwestern", "miami (fl)", "georgia", "florida", "miami (fl)", "washington", "boston college", "auburn", "ucla", "tulane", "florida", "ucla", "south carolina", "lsu", "colorado", "washington state", "nebraska", "florida", "washington state", "washington", "uab", "ohio state", "stanford", "auburn", "virginia tech", "florida", "nc state", "san diego state", "miami (fl)", "notre dame", "california", "oregon", "byu", "iowa", "kansas state", "colorado", "south carolina", "unlv", "byu", "indiana", "pittsburgh", "ucf", "louisville", "tennessee", "tcu", "south carolina", "alabama", "south carolina", "kansas state", "tuskegee", "georgia", "western kentucky", "ohio state", "maryland", "oklahoma", "penn", "oregon", "tennessee", "sam houston state", "oregon state", "maryland", "north dakota state", "forfeited due to a salary cap violation", "usc", "michigan", "utah", "michigan state", "purdue", "texas a&m", "villanova", "forfeited due to a salary cap violation", "ucla", "mississippi", "florida state", "nebraska", "mississippi state", "stanford", "kentucky", "ohio state", "arkansas-pine bluff", "northwestern", "florida", "oregon", "florida", "nc state", "north carolina", "penn state", "east carolina", "purdue", "wisconsin", "virginia tech", "ohio", "kansas", "georgia", "uw-stout", "miami (fl)", "lsu", "virginia", "tennessee", "georgia", "fresno state", "ohio state", "minnesota", "arizona state", "nebraska", "lsu", "texas tech", "michigan", "ohio state", "arizona state", "unlv", "utah", "notre dame", "montana state", "miami (fl)", "new mexico", "stanford", "notre dame", "colorado", "louisiana tech", "florida", "portland state", "california", "michigan state", "syracuse", "texas a&m", "ucla", "virginia tech", "alabama", "western kentucky", "akron", "wisconsin", "pittsburgh", "michigan", "alabama", "iowa", "georgia", "illinois", "tennessee", "lsu", "washington", "alabama", "byu", "northwestern state", "pittsburgh", "georgia", "ohio state", "virginia union", "northern iowa", "northwestern", "boise state", "michigan state", "kansas state", "sam houston state", "usc", "unlv", "georgia tech", "minnesota", "ohio state", "southwest texas state", "florida", "virginia tech", "miami (fl)", "iowa", "kansas state", "uc davis", "kansas", "oregon", "albany state", "lsu", "boise state", "tennessee", "south carolina", "michigan state", "eastern washington", "penn state", "san diego state", "notre dame", "georgia southern", "san diego state", "wisconsin", "utep", "delaware", "stanford", "ohio state", "notre dame", "toledo", "sacred heart", "southern miss", "ucla", "virginia tech", "cincinnati", "north dakota state", "byu", "auburn", "cal poly slo", "widener", "virginia tech", "north carolina", "georgia", "fresno state", "middle tenn. state", "iowa state", "virginia tech", "northern illinois", "miami (fl)", "miami (fl)", "georgia tech", "minnesota", "ucla", "virginia", "southern miss", "georgia", "hampton", "north carolina", "stephen f. austin", "virginia", "temple", "stanford", "arkansas", "east carolina", "byu", "marshall", "tulsa", "north carolina", "oregon", "michigan", "arizona state", "fresno state", "nebraska", "virginia tech", "maryland", "notre dame", "kansas state", "stanford", "tennessee", "kansas state", "louisiana-lafayette", "colorado", "tennessee", "unlv"]}, {"col": "c6_first", "type": "TEXT", "data": ["fresno state", "north carolina", "oregon", "texas", "texas", "north carolina", "miami", "oklahoma", "tennessee", "arizona state", "syracuse", "wisconsin", "tennessee", "miami", "tennessee", "boston college", "miami", "michigan state", "hawai\u02bbi", "florida state", "colorado", "uab", "northwestern", "miami", "georgia", "florida", "miami", "washington", "boston college", "auburn", "ucla", "tulane", "florida", "ucla", "south carolina", "lsu", "colorado", "washington state", "nebraska", "florida", "washington state", "washington", "uab", "ohio state", "stanford", "auburn", "virginia tech", "florida", "nc state", "san diego state", "miami", "notre dame", "california", "oregon", "byu", "iowa", "kansas state", "colorado", "south carolina", "unlv", "byu", "indiana", "pittsburgh", "ucf", "louisville", "tennessee", "tcu", "south carolina", "alabama", "south carolina", "kansas state", "tuskegee", "georgia", "western kentucky", "ohio state", "maryland", "oklahoma", "penn", "oregon", "tennessee", "sam houston state", "oregon state", "maryland", "north dakota state", "forfeited due to a salary cap violation", "usc", "michigan", "utah", "michigan state", "purdue", "texas a&m", "villanova", "forfeited due to a salary cap violation", "ucla", "mississippi", "florida state", "nebraska", "mississippi state", "stanford", "kentucky", "ohio state", "arkansas-pine bluff", "northwestern", "florida", "oregon", "florida", "nc state", "north carolina", "penn state", "east carolina", "purdue", "wisconsin", "virginia tech", "ohio", "kansas", "georgia", "uw-stout", "miami", "lsu", "virginia", "tennessee", "georgia", "fresno state", "ohio state", "minnesota", "arizona state", "nebraska", "lsu", "texas tech", "michigan", "ohio state", "arizona state", "unlv", "utah", "notre dame", "montana state", "miami", "new mexico", "stanford", "notre dame", "colorado", "louisiana tech", "florida", "portland state", "california", "michigan state", "syracuse", "texas a&m", "ucla", "virginia tech", "alabama", "western kentucky", "akron", "wisconsin", "pittsburgh", "michigan", "alabama", "iowa", "georgia", "illinois", "tennessee", "lsu", "washington", "alabama", "byu", "northwestern state", "pittsburgh", "georgia", "ohio state", "virginia union", "northern iowa", "northwestern", "boise state", "michigan state", "kansas state", "sam houston state", "usc", "unlv", "georgia tech", "minnesota", "ohio state", "southwest texas state", "florida", "virginia tech", "miami", "iowa", "kansas state", "uc davis", "kansas", "oregon", "albany state", "lsu", "boise state", "tennessee", "south carolina", "michigan state", "eastern washington", "penn state", "san diego state", "notre dame", "georgia southern", "san diego state", "wisconsin", "utep", "delaware", "stanford", "ohio state", "notre dame", "toledo", "sacred heart", "southern miss", "ucla", "virginia tech", "cincinnati", "north dakota state", "byu", "auburn", "cal poly slo", "widener", "virginia tech", "north carolina", "georgia", "fresno state", "middle tenn. state", "iowa state", "virginia tech", "northern illinois", "miami", "miami", "georgia tech", "minnesota", "ucla", "virginia", "southern miss", "georgia", "hampton", "north carolina", "stephen f. austin", "virginia", "temple", "stanford", "arkansas", "east carolina", "byu", "marshall", "tulsa", "north carolina", "oregon", "michigan", "arizona state", "fresno state", "nebraska", "virginia tech", "maryland", "notre dame", "kansas state", "stanford", "tennessee", "kansas state", "louisiana-lafayette", "colorado", "tennessee", "unlv"]}, {"col": "c6_second", "type": "TEXT", "data": [null, null, null, null, null, null, "fl", null, null, null, null, null, null, "fl", null, null, "fl", null, null, null, null, null, null, "fl", null, null, "fl", null, null, null, null, null, null, null, null, null, null, null, null, null, null, null, null, null, null, null, null, null, null, null, "fl", null, null, null, null, null, null, null, null, null, null, null, null, null, null, null, null, null, null, null, null, null, null, null, null, null, null, null, null, null, null, null, null, null, null, null, null, null, null, null, null, null, null, null, null, null, null, null, null, null, null, null, null, null, null, null, null, null, null, null, null, null, null, null, null, null, null, "fl", null, null, null, null, null, null, null, null, null, null, null, null, null, null, null, null, null, null, "fl", null, null, null, null, null, null, null, null, null, null, null, null, null, null, null, null, null, null, null, null, null, null, null, null, null, null, null, null, null, null, null, null, null, null, null, null, null, null, null, null, null, null, null, null, null, null, null, "fl", null, null, null, null, null, null, null, null, null, null, null, null, null, null, null, null, null, null, null, null, null, null, null, null, null, null, null, null, null, null, null, null, null, null, null, null, null, null, null, null, null, null, "fl", "fl", null, null, null, null, null, null, null, null, null, null, null, null, null, null, null, null, null, null, null, null, null, null, null, null, null, null, null, null, null, null, null, null, null, null]}], [{"col": "c7", "type": "TEXT", "data": ["wac", "acc", "pac-10", "big 12", "big 12", "acc", "big east", "big 12", "sec", "pac-10", "big east", "big ten", "sec", "big east", "sec", "big east", "big east", "big ten", "wac", "acc", "big 12", "c-usa", "big ten", "big east", "sec", "sec", "big east", "pac-10", "big east", "sec", "pac-10", "c-usa", "sec", "pac-10", "sec", "sec", "big 12", "pac-10", "big 12", "sec", "pac-10", "pac-10", "c-usa", "big ten", "pac-10", "sec", "big east", "sec", "acc", "mwc", "big east", "ind", "pac-10", "pac-10", "mwc", "big ten", "big 12", "big 12", "sec", "mwc", "mwc", "big ten", "big east", "ind", "c-usa", "sec", "c-usa", "sec", "sec", "sec", "big 12", "siac", "sec", "gateway", "big ten", "acc", "big 12", "ivy", "pac-10", "sec", "southland", "pac-10", "acc", "nciac", "forfeited due to a salary cap violation", "pac-10", "big ten", "mwc", "big ten", "big ten", "big 12", "a-10", "forfeited due to a salary cap violation", "pac-10", "sec", "acc", "big 12", "sec", "pac-10", "sec", "big ten", "swac", "big ten", "sec", "pac-10", "sec", "acc", "acc", "big ten", "c-usa", "big ten", "big ten", "big east", "mac", "big 12", "sec", "wiac", "big east", "sec", "acc", "sec", "sec", "wac", "big ten", "big ten", "pac-10", "big 12", "sec", "big 12", "big ten", "big ten", "pac-10", "mwc", "mwc", "ind", "big sky", "big east", "mwc", "pac-10", "ind", "big 12", "wac", "sec", "big sky", "pac-10", "big ten", "big east", "big 12", "pac-10", "big east", "sec", "gateway", "mac", "big ten", "big east", "big ten", "sec", "big ten", "sec", "big ten", "sec", "sec", "pac-10", "sec", "mwc", "southland", "big east", "sec", "big ten", "ciaa", "gateway", "big ten", "wac", "big ten", "big 12", "southland", "pac-10", "mwc", "acc", "big ten", "big ten", "southland", "sec", "big east", "big east", "big ten", "big 12", "div. ii ind", "big 12", "pac-10", "siac", "sec", "wac", "sec", "sec", "big ten", "big sky", "big ten", "mwc", "ind", "socon", "mwc", "big ten", "wac", "a-10", "pac-10", "big ten", "ind", "mac", "nec", "c-usa", "pac-10", "big east", "c-usa", "nciac", "mwc", "sec", "ind", "middle atlantic", "big east", "acc", "sec", "wac", "sun belt", "big 12", "big east", "mac", "big east", "big east", "acc", "big ten", "pac-10", "acc", "c-usa", "sec", "meac", "acc", "southland", "acc", "big east", "pac-10", "sec", "c-usa", "mwc", "mac", "wac", "acc", "pac-10", "big ten", "pac-10", "wac", "big 12", "big east", "acc", "ind", "big 12", "pac-10", "sec", "big 12", "sun belt", "big 12", "sec", "mwc"]}], [{"col": "c8", "type": "TEXT", "data": ["pre-signed", null, null, null, null, "from dallas", null, "from kansas city", null, null, null, null, null, "from tennessee", "from n.y. giants", null, "from atlanta", "from washington via oakland", null, "from seattle", "from tampa bay via oakland and washington", null, null, null, "from miami", null, null, "from green bay", null, null, null, "from new england", null, null, null, null, null, null, null, null, null, null, null, null, null, null, null, "from atlanta", null, null, null, "from washington", "from tampa bay", null, null, "from baltimore", null, null, "from miami", "from green bay", "from san francisco", null, "from chicago", null, null, null, "from carolina", null, "from buffalo", null, null, "from dallas", "from cincinnati", null, "from kansas city", "from jacksonville", null, null, "from cleveland via jacksonville", null, null, null, null, "from washington via kansas city", "forfeited due to a salary cap violation", null, null, "from baltimore", null, "from oakland via washington", null, null, "forfeited due to a salary cap violation", null, null, null, "2001 heisman trophy winner", "from new england viawashington and baltimore", null, null, null, null, "from detroit", "from buffalo", null, "from dallas", null, null, null, null, null, "from n.y. giants", null, "from atlanta via denver", null, "from new orleans", null, "from houston", "from denver", "from washington", null, null, null, "from oakland", null, null, "from miami", "from green bay", null, null, "from chicago", null, "from new england", null, null, null, null, null, null, null, null, "from dallas", "from minnesota", null, null, "from jacksonville via new england", "from cincinnati", "from indianapolis", "from cleveland", null, null, null, null, null, null, "from washington", "from denver", "from seattle", null, "from oakland", "from baltimore", "n.y. jets", null, null, null, null, null, null, null, "from new england", null, null, null, null, null, null, null, null, null, null, null, null, null, null, "from kansas city via st. louis", null, null, null, null, null, "from cleveland", null, null, null, null, null, null, "from ny jets", null, null, "from miami", null, null, null, null, null, null, null, null, null, null, null, null, "from houston", null, null, null, null, "from dallas", null, null, null, null, null, null, null, null, null, null, "from atlanta", null, null, null, null, null, "from n.y. jets via new england", null, null, "from miami via dallas", null, null, "from green bay", "from chicago", null, null, null, null, null, null, null, null, null, null, null, null, null, null, null, null, null, null, null, null]}]], "is_list": {"id": false, "agg": false, "c1": false, "c1_number": false, "c2": false, "c2_number": false, "c3": false, "c4": false, "c5": false, "c6": false, "c6_first": false, "c6_second": false, "c7": false, "c8": false}}