{"headers": ["id", "agg", "week", "date", "opponent", "result", "game site", "nfl recap", "attendance"], "types": ["id", "agg", "number", "date", "text", "score", "text", "number", "number"], "contents": [[{"col": "id", "type": "INTEGER", "data": [1, 2, 3, 4, 5, 6, 7, 8, 9, 10, 11, 12, 13, 14, 15, 16]}], [{"col": "agg", "type": "INTEGER", "data": [0, 0, 0, 0, 0, 0, 0, 0, 0, 0, 0, 0, 0, 0, 0, 0]}], [{"col": "c1", "type": "TEXT", "data": ["1", "2", "3", "4", "5", "6", "7", "8", "9", "10", "11", "12", "13", "14", "15", "16"]}, {"col": "c1_number", "type": "REAL", "data": [1.0, 2.0, 3.0, 4.0, 5.0, 6.0, 7.0, 8.0, 9.0, 10.0, 11.0, 12.0, 13.0, 14.0, 15.0, 16.0]}], [{"col": "c2", "type": "TEXT", "data": ["september 8, 1986", "september 14, 1986", "september 21, 1986", "september 29, 1986", "october 5, 1986", "october 12, 1986", "october 19, 1986", "october 26, 1986", "november 2, 1986", "november 9, 1986", "november 16, 1986", "november 23, 1986", "november 27, 1986", "december 7, 1986", "december 14, 1986", "december 21, 1986"]}, {"col": "c2_number", "type": "INTEGER", "data": [8, 14, 21, 29, 5, 12, 19, 26, 2, 9, 16, 23, 27, 7, 14, 21]}, {"col": "c2_parsed", "type": "TEXT", "data": ["1986-09-08", "1986-09-14", "1986-09-21", "1986-09-29", "1986-10-05", "1986-10-12", "1986-10-19", "1986-10-26", "1986-11-02", "1986-11-09", "1986-11-16", "1986-11-23", "1986-11-27", "1986-12-07", "1986-12-14", "1986-12-21"]}, {"col": "c2_year", "type": "INTEGER", "data": [1986, 1986, 1986, 1986, 1986, 1986, 1986, 1986, 1986, 1986, 1986, 1986, 1986, 1986, 1986, 1986]}, {"col": "c2_month", "type": "INTEGER", "data": [9, 9, 9, 9, 10, 10, 10, 10, 11, 11, 11, 11, 11, 12, 12, 12]}, {"col": "c2_day", "type": "INTEGER", "data": [8, 14, 21, 29, 5, 12, 19, 26, 2, 9, 16, 23, 27, 7, 14, 21]}], [{"col": "c3", "type": "TEXT", "data": ["new york giants", "at detroit lions", "atlanta falcons", "at st. louis cardinals", "at denver broncos", "washington redskins", "at philadelphia eagles", "st. louis cardinals", "at new york giants", "los angeles raiders", "at san diego chargers", "at washington redskins", "seattle seahawks", "at los angeles rams", "philadelphia eagles", "chicago bears"]}, {"col": "c3_raw", "type": "TEXT", "data": ["new york giants", "detroit lions", "atlanta falcons", "st. louis cardinals", "denver broncos", "washington redskins", "philadelphia eagles", "st. louis cardinals", "new york giants", "los angeles raiders", "san diego chargers", "washington redskins", "seattle seahawks", "los angeles rams", "philadelphia eagles", "chicago bears"]}, {"col": "c3_home", "type": "TEXT", "data": ["home", "away", "home", "away", "away", "home", "away", "home", "away", "home", "away", "away", "home", "away", "home", "home"]}], [{"col": "c4", "type": "TEXT", "data": ["w 31-28", "w 31-7", "l 35-37", "w 31-7", "l 14-29", "w 30-6", "w 17-14", "w 37-6", "l 14-17", "l 13-17", "w 24-21", "l 14-41", "l 14-31", "l 10-29", "l 21-23", "l 10-24"]}, {"col": "c4_result", "type": "TEXT", "data": ["w", "w", "l", "w", "l", "w", "w", "w", "l", "l", "w", "l", "l", "l", "l", "l"]}, {"col": "c4_number", "type": "INTEGER", "data": [31, 31, 35, 31, 14, 30, 17, 37, 14, 13, 24, 14, 14, 10, 21, 10]}, {"col": "c4_number1", "type": "INTEGER", "data": [31, 31, 35, 31, 14, 30, 17, 37, 14, 13, 24, 14, 14, 10, 21, 10]}, {"col": "c4_number2", "type": "INTEGER", "data": [28, 7, 37, 7, 29, 6, 14, 6, 17, 17, 21, 41, 31, 29, 23, 24]}], [{"col": "c5", "type": "TEXT", "data": ["texas stadium", "pontiac silverdome", "texas stadium", "busch memorial stadium", "mile high stadium", "texas stadium", "veterans stadium", "texas stadium", "giants stadium", "texas stadium", "jack murphy stadium", "rfk stadium", "texas stadium", "anaheim stadium", "texas stadium", "texas stadium"]}], [{"col": "c6", "type": "EMPTY", "data": ["", "", "", "", "", "", "", "", "", "", "", "", "", "", "", ""]}], [{"col": "c7", "type": "TEXT", "data": ["59,804", "73,812", "62,880", "49,077", "76,082", "63,264", "68,572", "60,756", "74,871", "61,706", "55,622", "55,642", "58,020", "64,949", "46,117", "57,256"]}, {"col": "c7_number", "type": "REAL", "data": [59804.0, 73812.0, 62880.0, 49077.0, 76082.0, 63264.0, 68572.0, 60756.0, 74871.0, 61706.0, 55622.0, 55642.0, 58020.0, 64949.0, 46117.0, 57256.0]}]], "is_list": {"id": false, "agg": false, "c1": false, "c1_number": false, "c2": false, "c2_number": false, "c2_parsed": false, "c2_year": false, "c2_month": false, "c2_day": false, "c3": false, "c3_raw": false, "c3_home": false, "c4": false, "c4_result": false, "c4_number": false, "c4_number1": false, "c4_number2": false, "c5": false, "c6": false, "c7": false, "c7_number": false}}