{"headers": ["id", "agg", "first issued", "design", "slogan", "serial format", "serials issued", "notes"], "types": ["id", "agg", "timespan(text)", "text", "text", "<n, text>", "<n, text>", "text"], "contents": [[{"col": "id", "type": "INTEGER", "data": [1, 2, 3, 4, 5, 6, 7, 8]}], [{"col": "agg", "type": "INTEGER", "data": [0, 0, 0, 0, 0, 0, 0, 0]}], [{"col": "c1", "type": "TEXT", "data": ["1957-65 (odd years only)", "1958-66 (even years only)", "1967", "1969", "1972", "1976", "1977", "1985"]}, {"col": "c1_first", "type": "TEXT", "data": ["1957-65", "1958-66", "1967", "1969", "1972", "1976", "1977", "1985"]}, {"col": "c1_second", "type": "TEXT", "data": ["odd years only", "even years only", null, null, null, null, null, null]}, {"col": "c1_first_minimum_number", "type": "INTEGER", "data": [1957, 1958, 1967, 1969, 1972, 1976, 1977, 1985]}, {"col": "c1_first_minimum_parsed", "type": "TEXT", "data": [1957, 1958, "1967", "1969", "1972", "1976", "1977", "1985"]}, {"col": "c1_first_minimum_year", "type": "INTEGER", "data": [1957, 1958, 1967, 1969, 1972, 1976, 1977, 1985]}, {"col": "c1_first_maximum_number", "type": "INTEGER", "data": [1965, 1966, 1967, 1969, 1972, 1976, 1977, 1985]}, {"col": "c1_first_maximum_parsed", "type": "TEXT", "data": [1965, 1966, "1967", "1969", "1972", "1976", "1977", "1985"]}, {"col": "c1_first_maximum_year", "type": "INTEGER", "data": [1965, 1966, 1967, 1969, 1972, 1976, 1977, 1985]}], [{"col": "c2", "type": "TEXT", "data": ["embossed white on forest green with uncolored border line; vermont embossed in plain block letters centered below numbers, with last two digits of registration year in similar font at bottom right", "embossed forest green on white with uncolored border line; vermont embossed in plain block letters centered below numbers, with last two digits of registration year in similar font at bottom right", "embossed white on green with border line; vermont embossed in plain block letters centered below numbers, with last two digits of registration year in similar font at bottom right", "embossed white on green with border line; vermont embossed in plain block letters centered below numbers; registration sticker at bottom right corner", "embossed white on green with border line; vermont embossed in plain block letters centered above numbers; registration sticker at bottom left corner", "embossed white on green with border line; vermont embossed in plain block letters centered below numbers; white circle embossed to lower left; registration sticker at lower right", "embossed white on green with beveled edge and white rectangular box around numbers; vermont in white stylized font screened above white box, with white sugar maple in upper left corner; registration sticker at lower right corner", "embossed white on green with beveled edge and white rectangular box around numbers; vermont in white stylized font screened above white box, with white sugar maple in upper left corner; registration sticker at lower right corner"]}], [{"col": "c3", "type": "TEXT", "data": ["see embossed in same letters as vermont, at lower left", "see embossed in same letters as vermont, at lower left", "none", "see embossed in lower left corner", "see embossed in top left corner", "green mountains embossed in thin block letters centered above numbers", "green mountain state screened in white plain serifed font centered below white box", "green mountain state screened in white plain serifed font centered below white box"]}], [{"col": "c4", "type": "TEXT", "data": ["12345 (rounded numbers)", "12345 (rounded numbers)\na1234 (1962 only)", "1234\na-1234\n1234-a", "1234\na-1234\n1234-a", "a-1234\n1234-a\nab-123\na123b", "a-1234\n1234-a\nab123\n123ab", "123a4 (rounded numbers)", "1a234\n123a4\n1ab23\n12ab3\nabc 123\n123a456 (more rectangular numbers than previous set)"]}, {"col": "c4_list", "type": "LIST TEXT", "data": [["12345 (rounded numbers)"], ["12345 (rounded numbers)", "a1234 (1962 only)"], ["1234", "a-1234", "1234-a"], ["1234", "a-1234", "1234-a"], ["a-1234", "1234-a", "ab-123", "a123b"], ["a-1234", "1234-a", "ab123", "123ab"], ["123a4 (rounded numbers)"], ["1a234", "123a4", "1ab23", "12ab3", "abc 123", "123a456 (more rectangular numbers than previous set)"]]}, {"col": "c4_length", "type": "INTEGER", "data": [1, 2, 3, 3, 4, 4, 1, 6]}], [{"col": "c5", "type": "TEXT", "data": [null, null, null, null, null, null, null, "1a100 to 9y999\n100a1 to 999y9\n1aa00 to ?f?99\n00aa1 to 99??9\naab 100 to present\n100a100 to present"]}, {"col": "c5_list", "type": "LIST TEXT", "data": [[], [], [], [], [], [], [], ["1a100 to 9y999", "100a1 to 999y9", "1aa00 to ?f?99", "00aa1 to 99??9", "aab 100 to present", "100a100 to present"]]}, {"col": "c5_length", "type": "INTEGER", "data": [0, 0, 0, 0, 0, 0, 0, 6]}], [{"col": "c6", "type": "TEXT", "data": ["alternated with white plates from 1957 to 1966", "alternated with forest green plates from 1957 to 1966", "color changed from forest green to the kelly green used today", "see returned to plate", null, null, null, "the \"1aa\" series never reached 1ga\ncurrently, the letters i, j, o, q, u, v and z are not in regular use.\nthe \"100a100\" series are new truck plates issued starting in mid-2009"]}]], "is_list": {"id": false, "agg": false, "c1": false, "c1_first": false, "c1_second": false, "c1_first_minimum_number": false, "c1_first_minimum_parsed": false, "c1_first_minimum_year": false, "c1_first_maximum_number": false, "c1_first_maximum_parsed": false, "c1_first_maximum_year": false, "c2": false, "c3": false, "c4": false, "c4_list": true, "c4_length": false, "c5": false, "c5_list": true, "c5_length": false, "c6": false}}