{"headers": ["id", "agg", "judge", "court", "began active\nservice", "ended active\nservice", "ended senior\nstatus"], "types": ["id", "agg", "text", "<n,text>", "date", "date", "date"], "contents": [[{"col": "id", "type": "INTEGER", "data": [1, 2, 3, 4, 5, 6, 7, 8, 9, 10, 11, 12, 13, 14, 15, 16, 17, 18, 19, 20, 21, 22, 23, 24, 25, 26, 27, 28, 29, 30, 31, 32, 33, 34, 35, 36, 37, 38, 39, 40, 41, 42, 43, 44, 45, 46, 47, 48, 49, 50, 51, 52, 53, 54, 55, 56, 57, 58, 59, 60, 61, 62, 63, 64, 65, 66, 67, 68, 69, 70, 71, 72, 73, 74, 75, 76, 77, 78, 79, 80, 81, 82, 83, 84, 85, 86, 87, 88, 89, 90, 91, 92, 93, 94, 95, 96, 97, 98, 99, 100, 101, 102, 103, 104, 105, 106, 107, 108, 109, 110, 111, 112, 113, 114, 115, 116, 117, 118, 119, 120, 121, 122, 123, 124, 125, 126, 127, 128, 129, 130, 131, 132, 133, 134, 135, 136, 137, 138, 139, 140, 141, 142, 143, 144, 145, 146, 147, 148, 149, 150, 151, 152, 153, 154, 155, 156, 157, 158, 159, 160, 161, 162, 163, 164, 165, 166, 167, 168, 169, 170, 171, 172, 173, 174, 175, 176, 177, 178, 179, 180, 181, 182, 183, 184, 185, 186, 187, 188, 189, 190, 191, 192, 193, 194, 195, 196, 197, 198, 199, 200, 201, 202, 203, 204, 205, 206, 207, 208, 209, 210, 211, 212, 213, 214, 215, 216, 217, 218, 219, 220, 221, 222, 223, 224, 225, 226, 227, 228, 229, 230, 231, 232, 233, 234, 235, 236, 237, 238, 239, 240, 241, 242, 243, 244, 245, 246, 247, 248, 249, 250, 251, 252, 253, 254, 255, 256, 257, 258, 259, 260, 261, 262, 263, 264, 265, 266, 267, 268, 269, 270, 271, 272, 273, 274, 275, 276, 277, 278, 279, 280, 281, 282, 283, 284, 285, 286, 287, 288, 289, 290]}], [{"col": "agg", "type": "INTEGER", "data": [0, 0, 0, 0, 0, 0, 0, 0, 0, 0, 0, 0, 0, 0, 0, 0, 0, 0, 0, 0, 0, 0, 0, 0, 0, 0, 0, 0, 0, 0, 0, 0, 0, 0, 0, 0, 0, 0, 0, 0, 0, 0, 0, 0, 0, 0, 0, 0, 0, 0, 0, 0, 0, 0, 0, 0, 0, 0, 0, 0, 0, 0, 0, 0, 0, 0, 0, 0, 0, 0, 0, 0, 0, 0, 0, 0, 0, 0, 0, 0, 0, 0, 0, 0, 0, 0, 0, 0, 0, 0, 0, 0, 0, 0, 0, 0, 0, 0, 0, 0, 0, 0, 0, 0, 0, 0, 0, 0, 0, 0, 0, 0, 0, 0, 0, 0, 0, 0, 0, 0, 0, 0, 0, 0, 0, 0, 0, 0, 0, 0, 0, 0, 0, 0, 0, 0, 0, 0, 0, 0, 0, 0, 0, 0, 0, 0, 0, 0, 0, 0, 0, 0, 0, 0, 0, 0, 0, 0, 0, 0, 0, 0, 0, 0, 0, 0, 0, 0, 0, 0, 0, 0, 0, 0, 0, 0, 0, 0, 0, 0, 0, 0, 0, 0, 0, 0, 0, 0, 0, 0, 0, 0, 0, 0, 0, 0, 0, 0, 0, 0, 0, 0, 0, 0, 0, 0, 0, 0, 0, 0, 0, 0, 0, 0, 0, 0, 0, 0, 0, 0, 0, 0, 0, 0, 0, 0, 0, 0, 0, 0, 0, 0, 0, 0, 0, 0, 0, 0, 0, 0, 0, 0, 0, 0, 0, 0, 0, 0, 0, 0, 0, 0, 0, 0, 0, 0, 0, 0, 0, 0, 0, 0, 0, 0, 0, 0, 0, 0, 0, 0, 0, 0, 0, 0, 0, 0, 0, 0, 0, 0, 0, 0, 0, 0, 0, 0, 0, 0, 0, 0]}], [{"col": "c1", "type": "TEXT", "data": ["william marsh acker jr", "raymond l. acosta", "james henry alesia", "wayne edward alley", "frank x. altimari", "joseph fletcher anderson, jr", "richard joseph arcara", "morris s. arnold", "lewis thornton babcock", "bobby ray baldock", "william henry barbour, jr", "sarah evans barker", "maryanne trump barry", "d. brook bartlett", "alice m. batchelder", "richard howard battey", "clarence arlen beam", "robert holmes bell", "samuel h. bell", "neal brooks biggers jr", "franklin s. billings, jr", "john winslow bissell", "walter evan black jr", "terrence boyle", "rudi m. brewster", "robert c. broomfield", "garrett e. brown jr", "paul neeley brown", "william docker browning", "robert jensen bryan", "frank william bullock jr", "charles randolph butler jr", "james c. cacheris", "william w. caldwell", "william g. cambridge", "jack tarpley camp jr", "gene carter", "miriam goldman cedarbaum", "constantine george cholakis", "howell cobb", "kenneth conboy", "suzanne b. conlon", "patrick anthony conmy", "john edwards conway", "john c. coughenour", "robert cowen", "emmett ripley cox", "robert everett coyle", "sam a. crow", "samuel ray cummings", "thomas john curran", "conrad k. cyr", "richard j. daronco", "glen h. davidson", "john davies", "raymond j. dearie", "carolyn r. dimmick", "peter collins dorsey", "david singleton doty", "robert g. doumar", "david dudley dowd jr", "joel fredrick dubina", "jan e. dubois", "brian barnett duff", "patrick j. duggan", "john malcolm duhe jr", "william lee dwyer", "robert allan edgar", "t. s. ellis, iii", "david alan ezra", "joseph james farnan, jr", "patricia c. fawsett", "martin leach-cross feldman", "ferdinand francis fernandez", "a. joe fish", "duross fitzpatrick", "sidney a. fitzwater", "harold michael fong", "karl spillman forester", "j. owen forrester", "james carroll fox", "bernard a. friedman", "jose a. fuste", "richard arthur gadbois jr", "paul v. gadola", "edward j. garcia", "emilio m. garza", "robert s. gawthrop iii", "lloyd d. george", "walter j. gex iii", "julia smith gibbons", "john r. gibson", "i. leo glasser", "james l. graham", "john thomas greene, jr", "george f. gunn, jr", "barbara kloka hackett", "cynthia holcomb hall", "sam blakeley hall jr", "elizabeth virginia hallanan", "clyde h. hamilton", "david rasmussen hansen", "john r. hargrove, sr", "edward francis harrington", "stanley s. harris", "william thomas hart", "hayden wilson head, jr", "karen l. henderson", "thomas aquinas higgins", "claude m. hilton", "ricardo hinojosa", "david hittner", "thomas f. hogan", "james f. holderman", "hezekiah russel holland", "alex t. howard, jr", "malcolm jones howard", "kenneth m. hoyt", "lynn nettleton hughes", "thomas gray hull", "harry lindley hupp", "herbert j. hutton", "james m. ideman", "j. lawrence irving", "thomas penfield jackson", "james howard jarvis ii", "delwen lowell jensen", "alan bond johnson", "john bailey jones", "robert leon jordan", "michael stephen kanne", "marvin katz", "alan cooke kay", "john f. keenan", "william duffy keller", "james mcgirr kelly", "robert f. kelly", "jackson l. kiser", "andrew kleinfeld", "edward r. korman", "edwin michael kosik", "elizabeth a. kovachevich", "shirley wohl kram", "alvin i. krenzler", "george la plata", "hector manuel laffitte", "ronald rene lagueux", "sim lake", "royce c. lamberth", "david g. larimer", "edward leavy", "alfred james lechner, jr", "tom stewart lee", "william charles lee", "charles a. legge", "harry daniel leinenweber", "peter k. leisure", "john spencer letts", "ronald s.w. lew", "john c. lifland", "stephen n. limbaugh, sr", "f. a. little, jr", "marcel livaudais, jr", "joseph j. longobardi", "charles c. lovell", "rodolfo lozano", "edmund v. ludwig", "eugene f. lynch", "paul a. magnuson", "robert b. maloney", "carol los mansmann", "stanley marcus", "george michael marovich", "malcolm f. marsh", "thomas james mcavoy", "alan angus mcdonald", "howard d. mckibben", "larry j. mckinney", "joseph m. mclaughlin", "a. j. mcnamara", "richard b. mcquade jr", "glenn everell mencer", "henry alvan mentz jr", "ronald edward meredith", "michael m. mihm", "herbert theodore milburn", "robert lowell miller jr", "richard henry mills", "roger miner", "james tyne moody", "john h. moore ii", "j. frederick motz", "michael mukasey", "lenore carrero nesbitt", "alan harris nevas", "paul v. niemeyer", "john albert nordberg", "charles ronald norgle, sr", "james robertson nowlin", "thomas newman o'neill, jr", "james aubrey parker", "robert p. patterson, jr", "maurice m. paul", "layn r. phillips", "jaime pieras jr", "paul edward plunkett", "nicholas h. politan", "john carbone porfilio", "john william potter", "robert daniel potter", "edward c. prado", "philip martin pro", "edward rafeedie", "reena raggi", "william j. rea", "stephen m. reasoner", "lowell a. reed, jr", "george hughes revercomb", "john skylstead rhoades, sr", "ross thompson roberts", "joseph h. rodriguez", "james m. rosenbaum", "paul gerhardt rosenblatt", "jane richards roth", "ilana rovner", "david lynn russell", "harold lyman ryan", "pamela ann rymer", "kenneth ryskamp", "david sam", "richard a. schell", "anthony joseph scirica", "thomas e. scott, jr", "bruce m. selya", "david b. sentelle", "john c. shabaz", "g. kendall sharp", "charles ralph simpson iii", "frederic n. smalkin", "d. brooks smith", "fern m. smith", "george curtis smith", "walter scott smith, jr", "james r. spencer", "stanley sporkin", "john e. sprizzo", "joseph peter stadtmueller", "william lloyd standish", "louis l. stanton", "joseph edward stevens, jr", "william donald stiehl", "alicemarie huber stotler", "roger gordon strand", "lyle elmer strom", "richard fred suhrheinrich", "michael anthony telesca", "dickran m. tevrizian jr", "norwood carlton tilley, jr", "john daniel tinder", "james dale todd", "ernest c. torres", "jerome turner", "franklin stuart van antwerpen", "roger vinson", "richard lesley voorhees", "john p. vukasin jr", "jay waldman", "john m. walker, jr", "donald ellsworth walter", "hugh franklin waters", "rodney scott webb", "herman jacob weber", "leonard d. wexler", "dean whipple", "henry rupert wilhoit, jr", "william walter wilkins", "ann claire williams", "stephen victor wilson", "henry travillion wingate", "mark lawrence wolf", "alfred m. wolin", "charles robert wolle", "kimba wood", "douglas preston woodlock", "george e. woods", "william g. young", "james zagel", "lawrence paul zatkoff", "thomas samuel zilly", "william j. zloch"]}], [{"col": "c2", "type": "TEXT", "data": ["n.d. ala", "d.p.r", "n.d. ill", "w.d. okla", "e.d.n.y", "d.s.c", "w.d.n.y", "w.d. ark", "d. colo", "d.n.m", "s.d. miss", "s.d. ind", "d.n.j", "w.d. mo", "n.d. ohio", "d.s.d", "d. neb", "w.d. mich", "n.d. ohio", "n.d. miss", "d. vt", "d.n.j", "d. md", "e.d.n.c", "s.d. cal", "d. ariz", "d.n.j", "e.d. tex", "d. ariz", "w.d. wash", "m.d.n.c", "s.d. ala", "e.d. va", "m.d. pa", "d. neb", "n.d. ga", "d. me", "s.d.n.y", "n.d.n.y", "e.d. tex", "s.d.n.y", "n.d. ill", "d.n.d", "d.n.m", "w.d. wash", "d.n.j", "s.d. ala", "e.d. cal", "d. kan", "n.d. tex", "e.d. wis", "d. me", "s.d.n.y", "n.d. miss", "c.d. cal", "e.d.n.y", "w.d. wash", "d. conn", "d. minn", "e.d. va", "n.d. ohio", "m.d. ala", "e.d. pa", "n.d. ill", "e.d. mich", "w.d. la", "w.d. wash", "e.d. tenn", "e.d. va", "d. haw", "d. del", "m.d. fla", "e.d. la", "c.d. cal", "n.d. tex", "m.d. ga", "n.d. tex", "d. haw", "e.d. ky", "n.d. ga", "e.d.n.c", "e.d. mich", "d.p.r", "c.d. cal", "e.d. mich", "e.d. cal", "w.d. tex", "e.d. pa", "d. nev", "s.d. miss", "w.d. tenn", "w.d. mo", "e.d.n.y", "s.d. ohio", "d. utah", "e.d. mo", "e.d. mich", "c.d. cal", "e.d. tex", "s.d.w.va", "d.s.c", "n.d. iowa", "d. md", "d. mass", "d.d.c", "n.d. ill", "s.d. tex", "d.s.c", "m.d. tenn", "e.d. va", "s.d. tex", "s.d. tex", "d.d.c", "n.d. ill", "d. alaska", "s.d. ala", "e.d.n.c", "s.d. tex", "s.d. tex", "e.d. tenn", "c.d. cal", "e.d. pa", "c.d. cal", "s.d. cal", "d.d.c", "e.d. tenn", "n.d. cal", "d. wyo", "d.s.d", "e.d. tenn", "n.d. ind", "e.d. pa", "d. haw", "s.d.n.y", "c.d. cal", "e.d. pa", "e.d. pa", "w.d. va", "d. alaska", "e.d.n.y", "m.d. pa", "m.d. fla", "s.d.n.y", "n.d. ohio", "e.d. mich", "d.p.r", "d.r.i", "s.d. tex", "d.d.c", "w.d.n.y", "d. or", "d.n.j", "s.d. miss", "n.d. ind", "n.d. cal", "n.d. ill", "s.d.n.y", "c.d. cal", "c.d. cal", "d.n.j", "w.d. mo.\ne.d. mo", "w.d. la", "e.d. la", "d. del", "d. mont", "n.d. ind", "e.d. pa", "n.d. cal", "d. minn", "n.d. tex", "w.d. pa", "s.d. fla", "n.d. ill", "d. or", "n.d.n.y", "e.d. wash", "d. nev", "s.d. ind", "e.d.n.y", "e.d. la", "n.d. ohio", "w.d. pa", "e.d. la", "w.d. ky", "c.d. ill", "e.d. tenn", "n.d. ind", "c.d. ill", "n.d.n.y", "n.d. ind", "m.d. fla", "d. md", "s.d.n.y", "s.d. fla", "d. conn", "d. md", "n.d. ill", "n.d. ill", "w.d. tex", "e.d. pa", "d.n.m", "s.d.n.y", "n.d. fla", "w.d. okla", "d.p.r", "n.d. ill", "d.n.j", "d. colo", "n.d. ohio", "w.d.n.c", "w.d. tex", "d. nev", "c.d. cal", "e.d.n.y", "c.d. cal", "e.d. ark", "e.d. pa", "d.d.c", "s.d. cal", "w.d. mo", "d.n.j", "d. minn", "d. ariz", "d. del", "n.d. ill", "w.d. okla.\nn.d. okla.\ne.d. okla", "d. idaho", "c.d. cal", "s.d. fla", "d. utah", "e.d. tex", "e.d. pa", "s.d. fla", "d.r.i", "w.d.n.c", "w.d. wis", "m.d. fla", "w.d. ky", "d. md", "w.d. pa", "n.d. cal", "s.d. ohio", "w.d. tex", "e.d. va", "d.d.c", "s.d.n.y", "e.d. wis", "w.d. pa", "s.d.n.y", "w.d. mo.\ne.d. mo", "s.d. ill", "c.d. cal", "d. ariz", "d. neb", "e.d. mich", "w.d.n.y", "c.d. cal", "m.d.n.c", "s.d. ind", "w.d. tenn", "d.r.i", "w.d. tenn", "e.d. pa", "n.d. fla", "w.d.n.c", "n.d. cal", "e.d. pa", "s.d.n.y", "w.d. la", "w.d. ark", "d.n.d", "s.d. ohio", "e.d.n.y", "w.d. mo", "e.d. ky", "d.s.c", "n.d. ill", "c.d. cal", "s.d. miss", "d. mass", "d.n.j", "s.d. iowa", "s.d.n.y", "d. mass", "e.d. mich", "d. mass", "n.d. ill", "e.d. mich", "w.d. wash", "s.d. fla"]}, {"col": "c2_list", "type": "LIST TEXT", "data": [["n.d. ala"], ["d.p.r"], ["n.d. ill"], ["w.d. okla"], ["e.d.n.y"], ["d.s.c"], ["w.d.n.y"], ["w.d. ark"], ["d. colo"], ["d.n.m"], ["s.d. miss"], ["s.d. ind"], ["d.n.j"], ["w.d. mo"], ["n.d. ohio"], ["d.s.d"], ["d. neb"], ["w.d. mich"], ["n.d. ohio"], ["n.d. miss"], ["d. vt"], ["d.n.j"], ["d. md"], ["e.d.n.c"], ["s.d. cal"], ["d. ariz"], ["d.n.j"], ["e.d. tex"], ["d. ariz"], ["w.d. wash"], ["m.d.n.c"], ["s.d. ala"], ["e.d. va"], ["m.d. pa"], ["d. neb"], ["n.d. ga"], ["d. me"], ["s.d.n.y"], ["n.d.n.y"], ["e.d. tex"], ["s.d.n.y"], ["n.d. ill"], ["d.n.d"], ["d.n.m"], ["w.d. wash"], ["d.n.j"], ["s.d. ala"], ["e.d. cal"], ["d. kan"], ["n.d. tex"], ["e.d. wis"], ["d. me"], ["s.d.n.y"], ["n.d. miss"], ["c.d. cal"], ["e.d.n.y"], ["w.d. wash"], ["d. conn"], ["d. minn"], ["e.d. va"], ["n.d. ohio"], ["m.d. ala"], ["e.d. pa"], ["n.d. ill"], ["e.d. mich"], ["w.d. la"], ["w.d. wash"], ["e.d. tenn"], ["e.d. va"], ["d. haw"], ["d. del"], ["m.d. fla"], ["e.d. la"], ["c.d. cal"], ["n.d. tex"], ["m.d. ga"], ["n.d. tex"], ["d. haw"], ["e.d. ky"], ["n.d. ga"], ["e.d.n.c"], ["e.d. mich"], ["d.p.r"], ["c.d. cal"], ["e.d. mich"], ["e.d. cal"], ["w.d. tex"], ["e.d. pa"], ["d. nev"], ["s.d. miss"], ["w.d. tenn"], ["w.d. mo"], ["e.d.n.y"], ["s.d. ohio"], ["d. utah"], ["e.d. mo"], ["e.d. mich"], ["c.d. cal"], ["e.d. tex"], ["s.d.w.va"], ["d.s.c"], ["n.d. iowa"], ["d. md"], ["d. mass"], ["d.d.c"], ["n.d. ill"], ["s.d. tex"], ["d.s.c"], ["m.d. tenn"], ["e.d. va"], ["s.d. tex"], ["s.d. tex"], ["d.d.c"], ["n.d. ill"], ["d. alaska"], ["s.d. ala"], ["e.d.n.c"], ["s.d. tex"], ["s.d. tex"], ["e.d. tenn"], ["c.d. cal"], ["e.d. pa"], ["c.d. cal"], ["s.d. cal"], ["d.d.c"], ["e.d. tenn"], ["n.d. cal"], ["d. wyo"], ["d.s.d"], ["e.d. tenn"], ["n.d. ind"], ["e.d. pa"], ["d. haw"], ["s.d.n.y"], ["c.d. cal"], ["e.d. pa"], ["e.d. pa"], ["w.d. va"], ["d. alaska"], ["e.d.n.y"], ["m.d. pa"], ["m.d. fla"], ["s.d.n.y"], ["n.d. ohio"], ["e.d. mich"], ["d.p.r"], ["d.r.i"], ["s.d. tex"], ["d.d.c"], ["w.d.n.y"], ["d. or"], ["d.n.j"], ["s.d. miss"], ["n.d. ind"], ["n.d. cal"], ["n.d. ill"], ["s.d.n.y"], ["c.d. cal"], ["c.d. cal"], ["d.n.j"], ["w.d. mo.", "e.d. mo"], ["w.d. la"], ["e.d. la"], ["d. del"], ["d. mont"], ["n.d. ind"], ["e.d. pa"], ["n.d. cal"], ["d. minn"], ["n.d. tex"], ["w.d. pa"], ["s.d. fla"], ["n.d. ill"], ["d. or"], ["n.d.n.y"], ["e.d. wash"], ["d. nev"], ["s.d. ind"], ["e.d.n.y"], ["e.d. la"], ["n.d. ohio"], ["w.d. pa"], ["e.d. la"], ["w.d. ky"], ["c.d. ill"], ["e.d. tenn"], ["n.d. ind"], ["c.d. ill"], ["n.d.n.y"], ["n.d. ind"], ["m.d. fla"], ["d. md"], ["s.d.n.y"], ["s.d. fla"], ["d. conn"], ["d. md"], ["n.d. ill"], ["n.d. ill"], ["w.d. tex"], ["e.d. pa"], ["d.n.m"], ["s.d.n.y"], ["n.d. fla"], ["w.d. okla"], ["d.p.r"], ["n.d. ill"], ["d.n.j"], ["d. colo"], ["n.d. ohio"], ["w.d.n.c"], ["w.d. tex"], ["d. nev"], ["c.d. cal"], ["e.d.n.y"], ["c.d. cal"], ["e.d. ark"], ["e.d. pa"], ["d.d.c"], ["s.d. cal"], ["w.d. mo"], ["d.n.j"], ["d. minn"], ["d. ariz"], ["d. del"], ["n.d. ill"], ["w.d. okla.", "n.d. okla.", "e.d. okla"], ["d. idaho"], ["c.d. cal"], ["s.d. fla"], ["d. utah"], ["e.d. tex"], ["e.d. pa"], ["s.d. fla"], ["d.r.i"], ["w.d.n.c"], ["w.d. wis"], ["m.d. fla"], ["w.d. ky"], ["d. md"], ["w.d. pa"], ["n.d. cal"], ["s.d. ohio"], ["w.d. tex"], ["e.d. va"], ["d.d.c"], ["s.d.n.y"], ["e.d. wis"], ["w.d. pa"], ["s.d.n.y"], ["w.d. mo.", "e.d. mo"], ["s.d. ill"], ["c.d. cal"], ["d. ariz"], ["d. neb"], ["e.d. mich"], ["w.d.n.y"], ["c.d. cal"], ["m.d.n.c"], ["s.d. ind"], ["w.d. tenn"], ["d.r.i"], ["w.d. tenn"], ["e.d. pa"], ["n.d. fla"], ["w.d.n.c"], ["n.d. cal"], ["e.d. pa"], ["s.d.n.y"], ["w.d. la"], ["w.d. ark"], ["d.n.d"], ["s.d. ohio"], ["e.d.n.y"], ["w.d. mo"], ["e.d. ky"], ["d.s.c"], ["n.d. ill"], ["c.d. cal"], ["s.d. miss"], ["d. mass"], ["d.n.j"], ["s.d. iowa"], ["s.d.n.y"], ["d. mass"], ["e.d. mich"], ["d. mass"], ["n.d. ill"], ["e.d. mich"], ["w.d. wash"], ["s.d. fla"]]}, {"col": "c2_length", "type": "INTEGER", "data": [1, 1, 1, 1, 1, 1, 1, 1, 1, 1, 1, 1, 1, 1, 1, 1, 1, 1, 1, 1, 1, 1, 1, 1, 1, 1, 1, 1, 1, 1, 1, 1, 1, 1, 1, 1, 1, 1, 1, 1, 1, 1, 1, 1, 1, 1, 1, 1, 1, 1, 1, 1, 1, 1, 1, 1, 1, 1, 1, 1, 1, 1, 1, 1, 1, 1, 1, 1, 1, 1, 1, 1, 1, 1, 1, 1, 1, 1, 1, 1, 1, 1, 1, 1, 1, 1, 1, 1, 1, 1, 1, 1, 1, 1, 1, 1, 1, 1, 1, 1, 1, 1, 1, 1, 1, 1, 1, 1, 1, 1, 1, 1, 1, 1, 1, 1, 1, 1, 1, 1, 1, 1, 1, 1, 1, 1, 1, 1, 1, 1, 1, 1, 1, 1, 1, 1, 1, 1, 1, 1, 1, 1, 1, 1, 1, 1, 1, 1, 1, 1, 1, 1, 1, 1, 1, 1, 1, 1, 1, 1, 2, 1, 1, 1, 1, 1, 1, 1, 1, 1, 1, 1, 1, 1, 1, 1, 1, 1, 1, 1, 1, 1, 1, 1, 1, 1, 1, 1, 1, 1, 1, 1, 1, 1, 1, 1, 1, 1, 1, 1, 1, 1, 1, 1, 1, 1, 1, 1, 1, 1, 1, 1, 1, 1, 1, 1, 1, 1, 1, 1, 1, 1, 1, 1, 1, 3, 1, 1, 1, 1, 1, 1, 1, 1, 1, 1, 1, 1, 1, 1, 1, 1, 1, 1, 1, 1, 1, 1, 1, 2, 1, 1, 1, 1, 1, 1, 1, 1, 1, 1, 1, 1, 1, 1, 1, 1, 1, 1, 1, 1, 1, 1, 1, 1, 1, 1, 1, 1, 1, 1, 1, 1, 1, 1, 1, 1, 1, 1, 1, 1]}], [{"col": "c3", "type": "TEXT", "data": ["august 18, 1982", "september 30, 1982", "may 20, 1987", "july 11, 1985", "december 10, 1982", "october 14, 1986", "february 22, 1988", "december 17, 1985", "october 17, 1988", "june 7, 1983", "april 25, 1983", "march 14, 1984", "october 7, 1983", "september 19, 1981", "april 4, 1985", "october 28, 1985", "november 18, 1981", "july 2, 1987", "december 22, 1982", "march 28, 1984", "june 15, 1984", "december 10, 1982", "april 21, 1982", "may 3, 1984", "june 15, 1984", "july 11, 1985", "december 17, 1985", "october 17, 1985", "may 3, 1984", "may 7, 1986", "december 10, 1982", "october 17, 1988", "december 1, 1981", "march 19, 1982", "june 6, 1988", "april 20, 1988", "june 23, 1983", "march 4, 1986", "march 17, 1986", "april 4, 1985", "december 21, 1987", "february 22, 1988", "december 17, 1985", "june 16, 1986", "september 28, 1981", "november 4, 1985", "november 18, 1981", "april 1, 1982", "december 10, 1981", "december 9, 1987", "november 7, 1983", "september 28, 1981", "may 7, 1987", "october 17, 1985", "june 9, 1986", "march 19, 1986", "april 4, 1985", "july 19, 1983", "may 8, 1987", "december 3, 1981", "september 23, 1982", "september 15, 1986", "july 27, 1988", "october 17, 1985", "october 14, 1986", "june 11, 1984", "november 6, 1987", "april 16, 1985", "august 6, 1987", "may 20, 1988", "july 18, 1985", "june 9, 1986", "october 5, 1983", "october 17, 1985", "february 24, 1983", "december 17, 1985", "march 19, 1986", "june 21, 1982", "july 27, 1988", "december 10, 1981", "september 30, 1982", "april 20, 1988", "october 28, 1985", "july 28, 1982", "october 17, 1988", "march 14, 1984", "april 20, 1988", "december 9, 1987", "may 3, 1984", "february 26, 1986", "june 7, 1983", "september 19, 1981", "december 10, 1981", "september 26, 1986", "april 4, 1985", "may 10, 1985", "april 7, 1986", "november 18, 1981", "may 10, 1985", "november 14, 1983", "december 1, 1981", "march 4, 1986", "february 10, 1984", "february 22, 1988", "november 14, 1983", "april 21, 1982", "october 26, 1981", "june 16, 1986", "october 4, 1984", "july 11, 1985", "may 5, 1983", "june 9, 1986", "august 20, 1982", "april 4, 1985", "july 16, 1984", "october 14, 1986", "february 26, 1988", "april 1, 1988", "december 17, 1985", "november 14, 1983", "march 21, 1984", "august 12, 1988", "june 15, 1984", "july 28, 1982", "june 25, 1982", "october 12, 1984", "june 25, 1986", "december 17, 1985", "november 18, 1981", "october 17, 1988", "february 9, 1982", "august 6, 1983", "september 15, 1986", "september 20, 1983", "october 4, 1984", "august 6, 1983", "june 26, 1987", "december 3, 1981", "may 15, 1986", "november 4, 1985", "june 16, 1986", "march 9, 1982", "march 2, 1983", "december 10, 1981", "april 4, 1985", "july 27, 1983", "march 4, 1986", "august 12, 1988", "november 16, 1987", "november 6, 1987", "may 3, 1984", "june 9, 1986", "june 11, 1984", "july 28, 1981", "september 18, 1984", "december 17, 1985", "june 15, 1984", "december 17, 1985", "may 7, 1987", "may 20, 1988", "july 19, 1983", "october 12, 1984", "september 18, 1984", "may 3, 1984", "april 4, 1985", "february 26, 1988", "october 17, 1985", "march 9, 1982", "october 29, 1981", "october 17, 1985", "march 19, 1982", "july 18, 1985", "april 1, 1988", "march 24, 1987", "march 4, 1986", "october 17, 1985", "october 4, 1984", "july 20, 1987", "september 28, 1981", "june 21, 1982", "september 15, 1986", "march 19, 1982", "june 25, 1982", "april 4, 1985", "august 6, 1982", "june 7, 1983", "december 17, 1985", "july 22, 1985", "september 28, 1981", "february 9, 1982", "december 1, 1981", "july 12, 1985", "november 9, 1987", "november 16, 1983", "october 17, 1985", "february 22, 1988", "april 21, 1982", "october 4, 1984", "october 26, 1981", "august 5, 1983", "november 6, 1987", "october 6, 1988", "june 21, 1982", "june 15, 1987", "july 15, 1982", "december 10, 1982", "november 9, 1987", "june 25, 1982", "june 21, 1982", "october 29, 1981", "march 30, 1984", "july 23, 1987", "september 24, 1982", "may 7, 1987", "june 15, 1984", "february 26, 1988", "april 20, 1988", "december 17, 1985", "october 28, 1985", "august 20, 1982", "may 10, 1985", "july 18, 1985", "june 11, 1984", "november 4, 1985", "september 12, 1984", "december 17, 1981", "december 17, 1981", "february 24, 1983", "april 24, 1986", "october 16, 1985", "june 6, 1988", "september 18, 1984", "july 18, 1985", "august 18, 1982", "october 17, 1985", "december 10, 1981", "november 16, 1983", "august 4, 1986", "september 26, 1986", "october 17, 1988", "july 27, 1988", "november 9, 1987", "october 4, 1984", "october 14, 1986", "december 17, 1985", "september 28, 1981", "june 1, 1987", "november 6, 1987", "july 18, 1985", "september 18, 1981", "june 16, 1986", "may 3, 1984", "july 22, 1985", "october 28, 1985", "october 4, 1984", "april 21, 1982", "december 17, 1985", "october 17, 1988", "august 10, 1987", "july 11, 1985", "november 6, 1987", "december 9, 1987", "december 9, 1987", "october 5, 1983", "october 17, 1988", "september 20, 1983", "october 17, 1988", "july 22, 1985", "july 11, 1985", "october 26, 1981", "december 21, 1987", "april 4, 1985", "june 22, 1983", "december 9, 1987", "september 28, 1981", "july 22, 1981", "april 4, 1985", "october 17, 1985", "october 17, 1985", "april 4, 1985", "december 9, 1987", "august 6, 1987", "april 20, 1988", "june 16, 1986", "november 16, 1983", "april 4, 1985", "april 22, 1987", "march 4, 1986", "april 20, 1988", "november 4, 1985"]}, {"col": "c3_number", "type": "INTEGER", "data": [18, 30, 20, 11, 10, 14, 22, 17, 17, 7, 25, 14, 7, 19, 4, 28, 18, 2, 22, 28, 15, 10, 21, 3, 15, 11, 17, 17, 3, 7, 10, 17, 1, 19, 6, 20, 23, 4, 17, 4, 21, 22, 17, 16, 28, 4, 18, 1, 10, 9, 7, 28, 7, 17, 9, 19, 4, 19, 8, 3, 23, 15, 27, 17, 14, 11, 6, 16, 6, 20, 18, 9, 5, 17, 24, 17, 19, 21, 27, 10, 30, 20, 28, 28, 17, 14, 20, 9, 3, 26, 7, 19, 10, 26, 4, 10, 7, 18, 10, 14, 1, 4, 10, 22, 14, 21, 26, 16, 4, 11, 5, 9, 20, 4, 16, 14, 26, 1, 17, 14, 21, 12, 15, 28, 25, 12, 25, 17, 18, 17, 9, 6, 15, 20, 4, 6, 26, 3, 15, 4, 16, 9, 2, 10, 4, 27, 4, 12, 16, 6, 3, 9, 11, 28, 18, 17, 15, 17, 7, 20, 19, 12, 18, 3, 4, 26, 17, 9, 29, 17, 19, 18, 1, 24, 4, 17, 4, 20, 28, 21, 15, 19, 25, 4, 6, 7, 17, 22, 28, 9, 1, 12, 9, 16, 17, 22, 21, 4, 26, 5, 6, 6, 21, 15, 15, 10, 9, 25, 21, 29, 30, 23, 24, 7, 15, 26, 20, 17, 28, 20, 10, 18, 11, 4, 12, 17, 17, 24, 24, 16, 6, 18, 18, 18, 17, 10, 16, 4, 26, 17, 27, 9, 4, 14, 17, 28, 1, 6, 18, 18, 16, 3, 22, 28, 4, 21, 17, 17, 10, 11, 6, 9, 9, 5, 17, 20, 17, 22, 11, 26, 21, 4, 22, 9, 28, 22, 4, 17, 17, 4, 9, 6, 20, 16, 16, 4, 22, 4, 20, 4]}, {"col": "c3_parsed", "type": "TEXT", "data": ["1982-08-18", "1982-09-30", "1987-05-20", "1985-07-11", "1982-12-10", "1986-10-14", "1988-02-22", "1985-12-17", "1988-10-17", "1983-06-07", "1983-04-25", "1984-03-14", "1983-10-07", "1981-09-19", "1985-04-04", "1985-10-28", "1981-11-18", "1987-07-02", "1982-12-22", "1984-03-28", "1984-06-15", "1982-12-10", "1982-04-21", "1984-05-03", "1984-06-15", "1985-07-11", "1985-12-17", "1985-10-17", "1984-05-03", "1986-05-07", "1982-12-10", "1988-10-17", "1981-12-01", "1982-03-19", "1988-06-06", "1988-04-20", "1983-06-23", "1986-03-04", "1986-03-17", "1985-04-04", "1987-12-21", "1988-02-22", "1985-12-17", "1986-06-16", "1981-09-28", "1985-11-04", "1981-11-18", "1982-04-01", "1981-12-10", "1987-12-09", "1983-11-07", "1981-09-28", "1987-05-07", "1985-10-17", "1986-06-09", "1986-03-19", "1985-04-04", "1983-07-19", "1987-05-08", "1981-12-03", "1982-09-23", "1986-09-15", "1988-07-27", "1985-10-17", "1986-10-14", "1984-06-11", "1987-11-06", "1985-04-16", "1987-08-06", "1988-05-20", "1985-07-18", "1986-06-09", "1983-10-05", "1985-10-17", "1983-02-24", "1985-12-17", "1986-03-19", "1982-06-21", "1988-07-27", "1981-12-10", "1982-09-30", "1988-04-20", "1985-10-28", "1982-07-28", "1988-10-17", "1984-03-14", "1988-04-20", "1987-12-09", "1984-05-03", "1986-02-26", "1983-06-07", "1981-09-19", "1981-12-10", "1986-09-26", "1985-04-04", "1985-05-10", "1986-04-07", "1981-11-18", "1985-05-10", "1983-11-14", "1981-12-01", "1986-03-04", "1984-02-10", "1988-02-22", "1983-11-14", "1982-04-21", "1981-10-26", "1986-06-16", "1984-10-04", "1985-07-11", "1983-05-05", "1986-06-09", "1982-08-20", "1985-04-04", "1984-07-16", "1986-10-14", "1988-02-26", "1988-04-01", "1985-12-17", "1983-11-14", "1984-03-21", "1988-08-12", "1984-06-15", "1982-07-28", "1982-06-25", "1984-10-12", "1986-06-25", "1985-12-17", "1981-11-18", "1988-10-17", "1982-02-09", "1983-08-06", "1986-09-15", "1983-09-20", "1984-10-04", "1983-08-06", "1987-06-26", "1981-12-03", "1986-05-15", "1985-11-04", "1986-06-16", "1982-03-09", "1983-03-02", "1981-12-10", "1985-04-04", "1983-07-27", "1986-03-04", "1988-08-12", "1987-11-16", "1987-11-06", "1984-05-03", "1986-06-09", "1984-06-11", "1981-07-28", "1984-09-18", "1985-12-17", "1984-06-15", "1985-12-17", "1987-05-07", "1988-05-20", "1983-07-19", "1984-10-12", "1984-09-18", "1984-05-03", "1985-04-04", "1988-02-26", "1985-10-17", "1982-03-09", "1981-10-29", "1985-10-17", "1982-03-19", "1985-07-18", "1988-04-01", "1987-03-24", "1986-03-04", "1985-10-17", "1984-10-04", "1987-07-20", "1981-09-28", "1982-06-21", "1986-09-15", "1982-03-19", "1982-06-25", "1985-04-04", "1982-08-06", "1983-06-07", "1985-12-17", "1985-07-22", "1981-09-28", "1982-02-09", "1981-12-01", "1985-07-12", "1987-11-09", "1983-11-16", "1985-10-17", "1988-02-22", "1982-04-21", "1984-10-04", "1981-10-26", "1983-08-05", "1987-11-06", "1988-10-06", "1982-06-21", "1987-06-15", "1982-07-15", "1982-12-10", "1987-11-09", "1982-06-25", "1982-06-21", "1981-10-29", "1984-03-30", "1987-07-23", "1982-09-24", "1987-05-07", "1984-06-15", "1988-02-26", "1988-04-20", "1985-12-17", "1985-10-28", "1982-08-20", "1985-05-10", "1985-07-18", "1984-06-11", "1985-11-04", "1984-09-12", "1981-12-17", "1981-12-17", "1983-02-24", "1986-04-24", "1985-10-16", "1988-06-06", "1984-09-18", "1985-07-18", "1982-08-18", "1985-10-17", "1981-12-10", "1983-11-16", "1986-08-04", "1986-09-26", "1988-10-17", "1988-07-27", "1987-11-09", "1984-10-04", "1986-10-14", "1985-12-17", "1981-09-28", "1987-06-01", "1987-11-06", "1985-07-18", "1981-09-18", "1986-06-16", "1984-05-03", "1985-07-22", "1985-10-28", "1984-10-04", "1982-04-21", "1985-12-17", "1988-10-17", "1987-08-10", "1985-07-11", "1987-11-06", "1987-12-09", "1987-12-09", "1983-10-05", "1988-10-17", "1983-09-20", "1988-10-17", "1985-07-22", "1985-07-11", "1981-10-26", "1987-12-21", "1985-04-04", "1983-06-22", "1987-12-09", "1981-09-28", "1981-07-22", "1985-04-04", "1985-10-17", "1985-10-17", "1985-04-04", "1987-12-09", "1987-08-06", "1988-04-20", "1986-06-16", "1983-11-16", "1985-04-04", "1987-04-22", "1986-03-04", "1988-04-20", "1985-11-04"]}, {"col": "c3_year", "type": "INTEGER", "data": [1982, 1982, 1987, 1985, 1982, 1986, 1988, 1985, 1988, 1983, 1983, 1984, 1983, 1981, 1985, 1985, 1981, 1987, 1982, 1984, 1984, 1982, 1982, 1984, 1984, 1985, 1985, 1985, 1984, 1986, 1982, 1988, 1981, 1982, 1988, 1988, 1983, 1986, 1986, 1985, 1987, 1988, 1985, 1986, 1981, 1985, 1981, 1982, 1981, 1987, 1983, 1981, 1987, 1985, 1986, 1986, 1985, 1983, 1987, 1981, 1982, 1986, 1988, 1985, 1986, 1984, 1987, 1985, 1987, 1988, 1985, 1986, 1983, 1985, 1983, 1985, 1986, 1982, 1988, 1981, 1982, 1988, 1985, 1982, 1988, 1984, 1988, 1987, 1984, 1986, 1983, 1981, 1981, 1986, 1985, 1985, 1986, 1981, 1985, 1983, 1981, 1986, 1984, 1988, 1983, 1982, 1981, 1986, 1984, 1985, 1983, 1986, 1982, 1985, 1984, 1986, 1988, 1988, 1985, 1983, 1984, 1988, 1984, 1982, 1982, 1984, 1986, 1985, 1981, 1988, 1982, 1983, 1986, 1983, 1984, 1983, 1987, 1981, 1986, 1985, 1986, 1982, 1983, 1981, 1985, 1983, 1986, 1988, 1987, 1987, 1984, 1986, 1984, 1981, 1984, 1985, 1984, 1985, 1987, 1988, 1983, 1984, 1984, 1984, 1985, 1988, 1985, 1982, 1981, 1985, 1982, 1985, 1988, 1987, 1986, 1985, 1984, 1987, 1981, 1982, 1986, 1982, 1982, 1985, 1982, 1983, 1985, 1985, 1981, 1982, 1981, 1985, 1987, 1983, 1985, 1988, 1982, 1984, 1981, 1983, 1987, 1988, 1982, 1987, 1982, 1982, 1987, 1982, 1982, 1981, 1984, 1987, 1982, 1987, 1984, 1988, 1988, 1985, 1985, 1982, 1985, 1985, 1984, 1985, 1984, 1981, 1981, 1983, 1986, 1985, 1988, 1984, 1985, 1982, 1985, 1981, 1983, 1986, 1986, 1988, 1988, 1987, 1984, 1986, 1985, 1981, 1987, 1987, 1985, 1981, 1986, 1984, 1985, 1985, 1984, 1982, 1985, 1988, 1987, 1985, 1987, 1987, 1987, 1983, 1988, 1983, 1988, 1985, 1985, 1981, 1987, 1985, 1983, 1987, 1981, 1981, 1985, 1985, 1985, 1985, 1987, 1987, 1988, 1986, 1983, 1985, 1987, 1986, 1988, 1985]}, {"col": "c3_month", "type": "INTEGER", "data": [8, 9, 5, 7, 12, 10, 2, 12, 10, 6, 4, 3, 10, 9, 4, 10, 11, 7, 12, 3, 6, 12, 4, 5, 6, 7, 12, 10, 5, 5, 12, 10, 12, 3, 6, 4, 6, 3, 3, 4, 12, 2, 12, 6, 9, 11, 11, 4, 12, 12, 11, 9, 5, 10, 6, 3, 4, 7, 5, 12, 9, 9, 7, 10, 10, 6, 11, 4, 8, 5, 7, 6, 10, 10, 2, 12, 3, 6, 7, 12, 9, 4, 10, 7, 10, 3, 4, 12, 5, 2, 6, 9, 12, 9, 4, 5, 4, 11, 5, 11, 12, 3, 2, 2, 11, 4, 10, 6, 10, 7, 5, 6, 8, 4, 7, 10, 2, 4, 12, 11, 3, 8, 6, 7, 6, 10, 6, 12, 11, 10, 2, 8, 9, 9, 10, 8, 6, 12, 5, 11, 6, 3, 3, 12, 4, 7, 3, 8, 11, 11, 5, 6, 6, 7, 9, 12, 6, 12, 5, 5, 7, 10, 9, 5, 4, 2, 10, 3, 10, 10, 3, 7, 4, 3, 3, 10, 10, 7, 9, 6, 9, 3, 6, 4, 8, 6, 12, 7, 9, 2, 12, 7, 11, 11, 10, 2, 4, 10, 10, 8, 11, 10, 6, 6, 7, 12, 11, 6, 6, 10, 3, 7, 9, 5, 6, 2, 4, 12, 10, 8, 5, 7, 6, 11, 9, 12, 12, 2, 4, 10, 6, 9, 7, 8, 10, 12, 11, 8, 9, 10, 7, 11, 10, 10, 12, 9, 6, 11, 7, 9, 6, 5, 7, 10, 10, 4, 12, 10, 8, 7, 11, 12, 12, 10, 10, 9, 10, 7, 7, 10, 12, 4, 6, 12, 9, 7, 4, 10, 10, 4, 12, 8, 4, 6, 11, 4, 4, 3, 4, 11]}, {"col": "c3_day", "type": "INTEGER", "data": [18, 30, 20, 11, 10, 14, 22, 17, 17, 7, 25, 14, 7, 19, 4, 28, 18, 2, 22, 28, 15, 10, 21, 3, 15, 11, 17, 17, 3, 7, 10, 17, 1, 19, 6, 20, 23, 4, 17, 4, 21, 22, 17, 16, 28, 4, 18, 1, 10, 9, 7, 28, 7, 17, 9, 19, 4, 19, 8, 3, 23, 15, 27, 17, 14, 11, 6, 16, 6, 20, 18, 9, 5, 17, 24, 17, 19, 21, 27, 10, 30, 20, 28, 28, 17, 14, 20, 9, 3, 26, 7, 19, 10, 26, 4, 10, 7, 18, 10, 14, 1, 4, 10, 22, 14, 21, 26, 16, 4, 11, 5, 9, 20, 4, 16, 14, 26, 1, 17, 14, 21, 12, 15, 28, 25, 12, 25, 17, 18, 17, 9, 6, 15, 20, 4, 6, 26, 3, 15, 4, 16, 9, 2, 10, 4, 27, 4, 12, 16, 6, 3, 9, 11, 28, 18, 17, 15, 17, 7, 20, 19, 12, 18, 3, 4, 26, 17, 9, 29, 17, 19, 18, 1, 24, 4, 17, 4, 20, 28, 21, 15, 19, 25, 4, 6, 7, 17, 22, 28, 9, 1, 12, 9, 16, 17, 22, 21, 4, 26, 5, 6, 6, 21, 15, 15, 10, 9, 25, 21, 29, 30, 23, 24, 7, 15, 26, 20, 17, 28, 20, 10, 18, 11, 4, 12, 17, 17, 24, 24, 16, 6, 18, 18, 18, 17, 10, 16, 4, 26, 17, 27, 9, 4, 14, 17, 28, 1, 6, 18, 18, 16, 3, 22, 28, 4, 21, 17, 17, 10, 11, 6, 9, 9, 5, 17, 20, 17, 22, 11, 26, 21, 4, 22, 9, 28, 22, 4, 17, 17, 4, 9, 6, 20, 16, 16, 4, 22, 4, 20, 4]}], [{"col": "c4", "type": "TEXT", "data": ["may 31, 1996", "june 1, 1994", "february 1, 1998", "may 16, 1999", "december 23, 1985", "incumbent", "incumbent", "june 1, 1992", "april 4, 2008", "january 24, 1986", "february 4, 2006", "incumbent", "october 25, 1999", "january 21, 2000", "january 4, 1992", "january 1, 1999", "november 9, 1987", "incumbent", "october 30, 1996", "october 1, 2000", "september 9, 1994", "september 1, 2005", "october 21, 1994", "incumbent", "july 1, 1998", "august 12, 1999", "january 2, 2012", "april 1, 2001", "may 14, 1998", "november 1, 2000", "december 31, 2005", "march 28, 2005", "march 30, 1998", "may 31, 1994", "july 11, 2000", "december 31, 2008", "january 2, 2003", "march 31, 1998", "june 30, 1996", "march 1, 2001", "december 31, 1993", "april 17, 2004", "january 5, 2000", "september 1, 2000", "july 27, 2006", "november 16, 1987", "april 25, 1988", "may 13, 1996", "november 15, 1996", "incumbent", "january 1, 1997", "november 20, 1989", "may 21, 1988", "june 1, 2007", "july 18, 1998", "april 3, 2011", "november 1, 1997", "january 2, 1998", "june 30, 1998", "april 30, 1996", "june 30, 1996", "october 5, 1990", "april 15, 2002", "october 30, 1996", "september 29, 2000", "november 9, 1988", "december 1, 1998", "october 7, 2005", "april 1, 2007", "june 27, 2012", "july 31, 2010", "august 25, 2008", "incumbent", "may 24, 1989", "november 12, 2007", "february 1, 2001", "incumbent", "april 20, 1995", "may 2, 2005", "april 27, 2004", "january 31, 2001", "january 1, 2009", "incumbent", "january 24, 1996", "january 31, 2001", "november 24, 1996", "june 7, 1991", "august 1, 1999", "december 1, 1997", "march 24, 2004", "august 2, 2002", "march 30, 1982", "july 1, 1993", "august 31, 2004", "november 28, 1997", "december 1, 1996", "april 8, 1997", "october 4, 1984", "april 10, 1994", "december 1, 1996", "july 31, 1991", "november 18, 1991", "february 21, 1994", "march 1, 2001", "february 1, 1996", "june 1, 1996", "november 12, 2009", "july 11, 1990", "february 28, 1999", "december 31, 2005", "incumbent", "november 11, 2004", "may 1, 2008", "december 31, 2013", "september 18, 2001", "october 21, 1996", "december 31, 2005", "march 2, 2013", "incumbent", "october 1, 2002", "april 1, 1997", "september 6, 2003", "april 2, 1998", "december 31, 1990", "january 31, 2002", "february 28, 2002", "june 27, 1997", "incumbent", "january 1, 1995", "november 30, 2001", "may 21, 1987", "august 26, 1997", "january 2, 2000", "december 31, 1996", "october 29, 1999", "march 31, 1996", "july 17, 2001", "april 30, 1997", "october 7, 1991", "october 25, 2007", "july 15, 1996", "incumbent", "may 23, 1993", "january 1, 1992", "august 3, 1996", "november 15, 2005", "november 30, 2001", "incumbent", "july 15, 2013", "march 3, 2009", "april 8, 1987", "october 1, 2001", "april 8, 2006", "february 3, 2003", "june 30, 2001", "june 3, 2002", "march 21, 1997", "december 19, 2000", "september 19, 2006", "june 15, 2001", "may 1, 1996", "may 30, 2002", "december 31, 1996", "june 15, 1997", "june 14, 2000", "july 10, 2007", "may 20, 1997", "march 14, 1997", "february 9, 2002", "august 31, 2000", "april 22, 1985", "november 23, 1997", "january 2, 2000", "april 16, 1998", "september 17, 2003", "december 13, 1996", "april 1, 2005", "july 4, 2009", "october 18, 1990", "june 9, 2001", "september 30, 1989", "april 18, 1994", "july 1, 1992", "december 1, 1994", "october 1, 2009", "october 9, 1984", "incumbent", "october 7, 1997", "august 2, 1985", "june 17, 2003", "december 31, 1995", "december 17, 2010", "august 1, 2006", "july 19, 1998", "march 27, 1997", "august 10, 1990", "june 18, 1994", "incumbent", "may 31, 2003", "july 6, 1996", "september 1, 2003", "december 31, 1998", "july 31, 1997", "june 22, 1991", "august 1, 1993", "july 10, 1998", "january 4, 2002", "may 13, 1985", "august 1, 1992", "may 1, 1994", "may 13, 2003", "december 31, 2011", "january 6, 1996", "october 7, 2002", "march 31, 1998", "september 17, 2002", "june 21, 1999", "august 1, 1993", "november 4, 1995", "april 24, 1987", "may 22, 1998", "october 26, 2009", "october 30, 2003", "july 22, 1991", "august 17, 1992", "july 7, 2013\ndecember 1, 1990\ndecember 1, 1990", "december 30, 1992", "may 23, 1989", "january 1, 2000", "november 1, 1999", "incumbent", "september 11, 1987", "october 31, 1990", "november 24, 1986", "october 19, 1987", "january 20, 2009", "january 1, 2000", "february 1, 2013", "january 8, 2003", "september 23, 2002", "may 15, 2003", "january 1, 2002", "incumbent", "incumbent", "february 12, 1999", "january 1, 2000", "incumbent", "march 1, 2002", "october 1, 1996", "july 1, 1995", "november 30, 1996", "january 5, 2009", "april 28, 2000", "november 2, 1995", "july 13, 1990", "may 3, 1996", "august 5, 2005", "december 16, 2008", "december 21, 2007", "may 20, 2008", "december 1, 2006", "february 12, 2000", "june 1, 2004", "march 31, 2005", "incumbent", "september 20, 1993", "may 30, 2003", "december 19, 1989", "november 30, 2001", "august 1, 1997", "december 31, 2001", "january 1, 2002", "june 30, 1994", "april 30, 2007", "december 31, 2000", "july 10, 1986", "november 17, 1999", "incumbent", "incumbent", "january 1, 2013", "september 18, 2000", "october 16, 2001", "june 1, 2009", "incumbent", "november 16, 1993", "incumbent", "incumbent", "june 16, 2004", "january 1, 2004", "incumbent"]}, {"col": "c4_number", "type": "INTEGER", "data": [31, 1, 1, 16, 23, null, null, 1, 4, 24, 4, null, 25, 21, 4, 1, 9, null, 30, 1, 9, 1, 21, null, 1, 12, 2, 1, 14, 1, 31, 28, 30, 31, 11, 31, 2, 31, 30, 1, 31, 17, 5, 1, 27, 16, 25, 13, 15, null, 1, 20, 21, 1, 18, 3, 1, 2, 30, 30, 30, 5, 15, 30, 29, 9, 1, 7, 1, 27, 31, 25, null, 24, 12, 1, null, 20, 2, 27, 31, 1, null, 24, 31, 24, 7, 1, 1, 24, 2, 30, 1, 31, 28, 1, 8, 4, 10, 1, 31, 18, 21, 1, 1, 1, 12, 11, 28, 31, null, 11, 1, 31, 18, 21, 31, 2, null, 1, 1, 6, 2, 31, 31, 28, 27, null, 1, 30, 21, 26, 2, 31, 29, 31, 17, 30, 7, 25, 15, null, 23, 1, 3, 15, 30, null, 15, 3, 8, 1, 8, 3, 30, 3, 21, 19, 19, 15, 1, 30, 31, 15, 14, 10, 20, 14, 9, 31, 22, 23, 2, 16, 17, 13, 1, 4, 18, 9, 30, 18, 1, 1, 1, 9, null, 7, 2, 17, 31, 17, 1, 19, 27, 10, 18, null, 31, 6, 1, 31, 31, 22, 1, 10, 4, 13, 1, 1, 13, 31, 6, 7, 31, 17, 21, 1, 4, 24, 22, 26, 30, 22, 17, 7, 30, 23, 1, 1, null, 11, 31, 24, 19, 20, 1, 1, 8, 23, 15, 1, null, null, 12, 1, null, 1, 1, 1, 30, 5, 28, 2, 13, 3, 5, 16, 21, 20, 1, 12, 1, 31, null, 20, 30, 19, 30, 1, 31, 1, 30, 30, 31, 10, 17, null, null, 1, 18, 16, 1, null, 16, null, null, 16, 1, null]}, {"col": "c4_parsed", "type": "TEXT", "data": ["1996-05-31", "1994-06-01", "1998-02-01", "1999-05-16", "1985-12-23", null, null, "1992-06-01", "2008-04-04", "1986-01-24", "2006-02-04", null, "1999-10-25", "2000-01-21", "1992-01-04", "1999-01-01", "1987-11-09", null, "1996-10-30", "2000-10-01", "1994-09-09", "2005-09-01", "1994-10-21", null, "1998-07-01", "1999-08-12", "2012-01-02", "2001-04-01", "1998-05-14", "2000-11-01", "2005-12-31", "2005-03-28", "1998-03-30", "1994-05-31", "2000-07-11", "2008-12-31", "2003-01-02", "1998-03-31", "1996-06-30", "2001-03-01", "1993-12-31", "2004-04-17", "2000-01-05", "2000-09-01", "2006-07-27", "1987-11-16", "1988-04-25", "1996-05-13", "1996-11-15", null, "1997-01-01", "1989-11-20", "1988-05-21", "2007-06-01", "1998-07-18", "2011-04-03", "1997-11-01", "1998-01-02", "1998-06-30", "1996-04-30", "1996-06-30", "1990-10-05", "2002-04-15", "1996-10-30", "2000-09-29", "1988-11-09", "1998-12-01", "2005-10-07", "2007-04-01", "2012-06-27", "2010-07-31", "2008-08-25", null, "1989-05-24", "2007-11-12", "2001-02-01", null, "1995-04-20", "2005-05-02", "2004-04-27", "2001-01-31", "2009-01-01", null, "1996-01-24", "2001-01-31", "1996-11-24", "1991-06-07", "1999-08-01", "1997-12-01", "2004-03-24", "2002-08-02", "1982-03-30", "1993-07-01", "2004-08-31", "1997-11-28", "1996-12-01", "1997-04-08", "1984-10-04", "1994-04-10", "1996-12-01", "1991-07-31", "1991-11-18", "1994-02-21", "2001-03-01", "1996-02-01", "1996-06-01", "2009-11-12", "1990-07-11", "1999-02-28", "2005-12-31", null, "2004-11-11", "2008-05-01", "2013-12-31", "2001-09-18", "1996-10-21", "2005-12-31", "2013-03-02", null, "2002-10-01", "1997-04-01", "2003-09-06", "1998-04-02", "1990-12-31", "2002-01-31", "2002-02-28", "1997-06-27", null, "1995-01-01", "2001-11-30", "1987-05-21", "1997-08-26", "2000-01-02", "1996-12-31", "1999-10-29", "1996-03-31", "2001-07-17", "1997-04-30", "1991-10-07", "2007-10-25", "1996-07-15", null, "1993-05-23", "1992-01-01", "1996-08-03", "2005-11-15", "2001-11-30", null, "2013-07-15", "2009-03-03", "1987-04-08", "2001-10-01", "2006-04-08", "2003-02-03", "2001-06-30", "2002-06-03", "1997-03-21", "2000-12-19", "2006-09-19", "2001-06-15", "1996-05-01", "2002-05-30", "1996-12-31", "1997-06-15", "2000-06-14", "2007-07-10", "1997-05-20", "1997-03-14", "2002-02-09", "2000-08-31", "1985-04-22", "1997-11-23", "2000-01-02", "1998-04-16", "2003-09-17", "1996-12-13", "2005-04-01", "2009-07-04", "1990-10-18", "2001-06-09", "1989-09-30", "1994-04-18", "1992-07-01", "1994-12-01", "2009-10-01", "1984-10-09", null, "1997-10-07", "1985-08-02", "2003-06-17", "1995-12-31", "2010-12-17", "2006-08-01", "1998-07-19", "1997-03-27", "1990-08-10", "1994-06-18", null, "2003-05-31", "1996-07-06", "2003-09-01", "1998-12-31", "1997-07-31", "1991-06-22", "1993-08-01", "1998-07-10", "2002-01-04", "1985-05-13", "1992-08-01", "1994-05-01", "2003-05-13", "2011-12-31", "1996-01-06", "2002-10-07", "1998-03-31", "2002-09-17", "1999-06-21", "1993-08-01", "1995-11-04", "1987-04-24", "1998-05-22", "2009-10-26", "2003-10-30", "1991-07-22", "1992-08-17", "xxxx-07-07", "1992-12-30", "1989-05-23", "2000-01-01", "1999-11-01", null, "1987-09-11", "1990-10-31", "1986-11-24", "1987-10-19", "2009-01-20", "2000-01-01", "2013-02-01", "2003-01-08", "2002-09-23", "2003-05-15", "2002-01-01", null, null, "1999-02-12", "2000-01-01", null, "2002-03-01", "1996-10-01", "1995-07-01", "1996-11-30", "2009-01-05", "2000-04-28", "1995-11-02", "1990-07-13", "1996-05-03", "2005-08-05", "2008-12-16", "2007-12-21", "2008-05-20", "2006-12-01", "2000-02-12", "2004-06-01", "2005-03-31", null, "1993-09-20", "2003-05-30", "1989-12-19", "2001-11-30", "1997-08-01", "2001-12-31", "2002-01-01", "1994-06-30", "2007-04-30", "2000-12-31", "1986-07-10", "1999-11-17", null, null, "2013-01-01", "2000-09-18", "2001-10-16", "2009-06-01", null, "1993-11-16", null, null, "2004-06-16", "2004-01-01", null]}, {"col": "c4_year", "type": "INTEGER", "data": [1996, 1994, 1998, 1999, 1985, null, null, 1992, 2008, 1986, 2006, null, 1999, 2000, 1992, 1999, 1987, null, 1996, 2000, 1994, 2005, 1994, null, 1998, 1999, 2012, 2001, 1998, 2000, 2005, 2005, 1998, 1994, 2000, 2008, 2003, 1998, 1996, 2001, 1993, 2004, 2000, 2000, 2006, 1987, 1988, 1996, 1996, null, 1997, 1989, 1988, 2007, 1998, 2011, 1997, 1998, 1998, 1996, 1996, 1990, 2002, 1996, 2000, 1988, 1998, 2005, 2007, 2012, 2010, 2008, null, 1989, 2007, 2001, null, 1995, 2005, 2004, 2001, 2009, null, 1996, 2001, 1996, 1991, 1999, 1997, 2004, 2002, 1982, 1993, 2004, 1997, 1996, 1997, 1984, 1994, 1996, 1991, 1991, 1994, 2001, 1996, 1996, 2009, 1990, 1999, 2005, null, 2004, 2008, 2013, 2001, 1996, 2005, 2013, null, 2002, 1997, 2003, 1998, 1990, 2002, 2002, 1997, null, 1995, 2001, 1987, 1997, 2000, 1996, 1999, 1996, 2001, 1997, 1991, 2007, 1996, null, 1993, 1992, 1996, 2005, 2001, null, 2013, 2009, 1987, 2001, 2006, 2003, 2001, 2002, 1997, 2000, 2006, 2001, 1996, 2002, 1996, 1997, 2000, 2007, 1997, 1997, 2002, 2000, 1985, 1997, 2000, 1998, 2003, 1996, 2005, 2009, 1990, 2001, 1989, 1994, 1992, 1994, 2009, 1984, null, 1997, 1985, 2003, 1995, 2010, 2006, 1998, 1997, 1990, 1994, null, 2003, 1996, 2003, 1998, 1997, 1991, 1993, 1998, 2002, 1985, 1992, 1994, 2003, 2011, 1996, 2002, 1998, 2002, 1999, 1993, 1995, 1987, 1998, 2009, 2003, 1991, 1992, -1, 1992, 1989, 2000, 1999, null, 1987, 1990, 1986, 1987, 2009, 2000, 2013, 2003, 2002, 2003, 2002, null, null, 1999, 2000, null, 2002, 1996, 1995, 1996, 2009, 2000, 1995, 1990, 1996, 2005, 2008, 2007, 2008, 2006, 2000, 2004, 2005, null, 1993, 2003, 1989, 2001, 1997, 2001, 2002, 1994, 2007, 2000, 1986, 1999, null, null, 2013, 2000, 2001, 2009, null, 1993, null, null, 2004, 2004, null]}, {"col": "c4_month", "type": "INTEGER", "data": [5, 6, 2, 5, 12, null, null, 6, 4, 1, 2, null, 10, 1, 1, 1, 11, null, 10, 10, 9, 9, 10, null, 7, 8, 1, 4, 5, 11, 12, 3, 3, 5, 7, 12, 1, 3, 6, 3, 12, 4, 1, 9, 7, 11, 4, 5, 11, null, 1, 11, 5, 6, 7, 4, 11, 1, 6, 4, 6, 10, 4, 10, 9, 11, 12, 10, 4, 6, 7, 8, null, 5, 11, 2, null, 4, 5, 4, 1, 1, null, 1, 1, 11, 6, 8, 12, 3, 8, 3, 7, 8, 11, 12, 4, 10, 4, 12, 7, 11, 2, 3, 2, 6, 11, 7, 2, 12, null, 11, 5, 12, 9, 10, 12, 3, null, 10, 4, 9, 4, 12, 1, 2, 6, null, 1, 11, 5, 8, 1, 12, 10, 3, 7, 4, 10, 10, 7, null, 5, 1, 8, 11, 11, null, 7, 3, 4, 10, 4, 2, 6, 6, 3, 12, 9, 6, 5, 5, 12, 6, 6, 7, 5, 3, 2, 8, 4, 11, 1, 4, 9, 12, 4, 7, 10, 6, 9, 4, 7, 12, 10, 10, null, 10, 8, 6, 12, 12, 8, 7, 3, 8, 6, null, 5, 7, 9, 12, 7, 6, 8, 7, 1, 5, 8, 5, 5, 12, 1, 10, 3, 9, 6, 8, 11, 4, 5, 10, 10, 7, 8, 7, 12, 5, 1, 11, null, 9, 10, 11, 10, 1, 1, 2, 1, 9, 5, 1, null, null, 2, 1, null, 3, 10, 7, 11, 1, 4, 11, 7, 5, 8, 12, 12, 5, 12, 2, 6, 3, null, 9, 5, 12, 11, 8, 12, 1, 6, 4, 12, 7, 11, null, null, 1, 9, 10, 6, null, 11, null, null, 6, 1, null]}, {"col": "c4_day", "type": "INTEGER", "data": [31, 1, 1, 16, 23, null, null, 1, 4, 24, 4, null, 25, 21, 4, 1, 9, null, 30, 1, 9, 1, 21, null, 1, 12, 2, 1, 14, 1, 31, 28, 30, 31, 11, 31, 2, 31, 30, 1, 31, 17, 5, 1, 27, 16, 25, 13, 15, null, 1, 20, 21, 1, 18, 3, 1, 2, 30, 30, 30, 5, 15, 30, 29, 9, 1, 7, 1, 27, 31, 25, null, 24, 12, 1, null, 20, 2, 27, 31, 1, null, 24, 31, 24, 7, 1, 1, 24, 2, 30, 1, 31, 28, 1, 8, 4, 10, 1, 31, 18, 21, 1, 1, 1, 12, 11, 28, 31, null, 11, 1, 31, 18, 21, 31, 2, null, 1, 1, 6, 2, 31, 31, 28, 27, null, 1, 30, 21, 26, 2, 31, 29, 31, 17, 30, 7, 25, 15, null, 23, 1, 3, 15, 30, null, 15, 3, 8, 1, 8, 3, 30, 3, 21, 19, 19, 15, 1, 30, 31, 15, 14, 10, 20, 14, 9, 31, 22, 23, 2, 16, 17, 13, 1, 4, 18, 9, 30, 18, 1, 1, 1, 9, null, 7, 2, 17, 31, 17, 1, 19, 27, 10, 18, null, 31, 6, 1, 31, 31, 22, 1, 10, 4, 13, 1, 1, 13, 31, 6, 7, 31, 17, 21, 1, 4, 24, 22, 26, 30, 22, 17, 7, 30, 23, 1, 1, null, 11, 31, 24, 19, 20, 1, 1, 8, 23, 15, 1, null, null, 12, 1, null, 1, 1, 1, 30, 5, 28, 2, 13, 3, 5, 16, 21, 20, 1, 12, 1, 31, null, 20, 30, 19, 30, 1, 31, 1, 30, 30, 31, 10, 17, null, null, 1, 18, 16, 1, null, 16, null, null, 16, 1, null]}], [{"col": "c5", "type": "TEXT", "data": ["incumbent", "incumbent", "july 24, 2003", "incumbent", null, null, null, null, "incumbent", null, "incumbent", null, null, null, null, "incumbent", null, null, "december 23, 2010", "incumbent", "incumbent", null, "incumbent", null, "september 7, 2012", "incumbent", "january 26, 2012", "november 26, 2012", "february 26, 2008", "incumbent", "august 1, 2006", "incumbent", "incumbent", "incumbent", null, "november 19, 2010", "incumbent", "incumbent", "december 1, 1996", "september 16, 2005", null, "incumbent", "incumbent", "incumbent", "incumbent", null, null, "may 7, 2012", "incumbent", null, "july 17, 2012", null, null, "incumbent", null, "incumbent", "incumbent", "january 21, 2012", "incumbent", "incumbent", "incumbent", null, "incumbent", "incumbent", "incumbent", null, "february 12, 2002", "incumbent", "incumbent", "incumbent", null, "incumbent", null, null, "incumbent", "january 6, 2008", null, null, "march 29, 2014", "incumbent", "incumbent", "incumbent", null, "october 2, 1996", "incumbent", "november 30, 2012", null, null, "incumbent", "incumbent", null, null, "incumbent", "incumbent", "february 11, 2011", "may 20, 1998", "march 1, 2000", null, null, "june 8, 2004", null, null, "april 1, 1997", "incumbent", "june 2, 2001", "incumbent", "incumbent", null, "incumbent", "incumbent", null, "incumbent", "incumbent", "incumbent", "incumbent", "february 10, 2011", "incumbent", "incumbent", null, "july 29, 2008", "january 27, 2004", "april 8, 2007", "september 11, 1998", null, "august 31, 2004", "june 6, 2007", "incumbent", null, "incumbent", "incumbent", null, "october 12, 2010", "incumbent", "incumbent", "incumbent", "march 5, 2005", "incumbent", "incumbent", null, "incumbent", "incumbent", null, "august 21, 2009", "july 6, 1992", null, "february 16, 2007", "incumbent", null, "incumbent", "incumbent", null, null, "incumbent", "incumbent", null, "incumbent", "september 17, 2013", "incumbent", "incumbent", "may 31, 2007", "july 31, 2008", "may 15, 2006", "december 31, 2008", "incumbent", "incumbent", "incumbent", "incumbent", "july 12, 1997", "incumbent", "incumbent", null, null, "incumbent", "incumbent", "incumbent", "july 26, 2007", "incumbent", "incumbent", null, "incumbent", null, "april 17, 2007", "december 31, 2001", null, "incumbent", null, null, "incumbent", null, "incumbent", "july 18, 2013", "incumbent", "september 9, 2006", "october 6, 2001", "february 2, 2009", null, "incumbent", null, "incumbent", "incumbent", "incumbent", "incumbent", "incumbent", null, "june 11, 2011", "incumbent", null, null, "october 3, 2013", "july 2, 2009", null, "incumbent", "march 25, 2008", null, "august 3, 2005", "august 14, 2004", "incumbent", null, "september 3, 2007", null, "incumbent", "august 25, 2010", "incumbent", null, null, "incumbent\nn/a\nn/a", "april 10, 1995", null, "incumbent", "incumbent", null, null, null, null, null, "august 31, 2012", "incumbent", "incumbent", "incumbent", null, "june 30, 2005", "incumbent", null, null, "january 15, 2000", "december 16, 2008", null, "incumbent", "incumbent", "december 18, 1998", "incumbent", "incumbent", "incumbent", "incumbent", null, "incumbent", "april 19, 2007", "incumbent", null, "incumbent", "june 1, 2011", null, null, "incumbent", null, null, null, null, "incumbent", "april 16, 2002", "august 9, 2009", "incumbent", "incumbent", "incumbent", "incumbent", null, null, null, null, "incumbent", "june 30, 2004", "incumbent", "incumbent", null, "august 13, 2004", null, null, "incumbent", "incumbent", null]}, {"col": "c5_number", "type": "INTEGER", "data": [null, null, 24, null, null, null, null, null, null, null, null, null, null, null, null, null, null, null, 23, null, null, null, null, null, 7, null, 26, 26, 26, null, 1, null, null, null, null, 19, null, null, 1, 16, null, null, null, null, null, null, null, 7, null, null, 17, null, null, null, null, null, null, 21, null, null, null, null, null, null, null, null, 12, null, null, null, null, null, null, null, null, 6, null, null, 29, null, null, null, null, 2, null, 30, null, null, null, null, null, null, null, null, 11, 20, 1, null, null, 8, null, null, 1, null, 2, null, null, null, null, null, null, null, null, null, null, 10, null, null, null, 29, 27, 8, 11, null, 31, 6, null, null, null, null, null, 12, null, null, null, 5, null, null, null, null, null, null, 21, 6, null, 16, null, null, null, null, null, null, null, null, null, null, 17, null, null, 31, 31, 15, 31, null, null, null, null, 12, null, null, null, null, null, null, null, 26, null, null, null, null, null, 17, 31, null, null, null, null, null, null, null, 18, null, 9, 6, 2, null, null, null, null, null, null, null, null, null, 11, null, null, null, 3, 2, null, null, 25, null, 3, 14, null, null, 3, null, null, 25, null, null, null, null, 10, null, null, null, null, null, null, null, null, 31, null, null, null, null, 30, null, null, null, 15, 16, null, null, null, 18, null, null, null, null, null, null, 19, null, null, null, 1, null, null, null, null, null, null, null, null, 16, 9, null, null, null, null, null, null, null, null, null, 30, null, null, null, 13, null, null, null, null, null]}, {"col": "c5_parsed", "type": "TEXT", "data": [null, null, "2003-07-24", null, null, null, null, null, null, null, null, null, null, null, null, null, null, null, "2010-12-23", null, null, null, null, null, "2012-09-07", null, "2012-01-26", "2012-11-26", "2008-02-26", null, "2006-08-01", null, null, null, null, "2010-11-19", null, null, "1996-12-01", "2005-09-16", null, null, null, null, null, null, null, "2012-05-07", null, null, "2012-07-17", null, null, null, null, null, null, "2012-01-21", null, null, null, null, null, null, null, null, "2002-02-12", null, null, null, null, null, null, null, null, "2008-01-06", null, null, "2014-03-29", null, null, null, null, "1996-10-02", null, "2012-11-30", null, null, null, null, null, null, null, null, "2011-02-11", "1998-05-20", "2000-03-01", null, null, "2004-06-08", null, null, "1997-04-01", null, "2001-06-02", null, null, null, null, null, null, null, null, null, null, "2011-02-10", null, null, null, "2008-07-29", "2004-01-27", "2007-04-08", "1998-09-11", null, "2004-08-31", "2007-06-06", null, null, null, null, null, "2010-10-12", null, null, null, "2005-03-05", null, null, null, null, null, null, "2009-08-21", "1992-07-06", null, "2007-02-16", null, null, null, null, null, null, null, null, null, null, "2013-09-17", null, null, "2007-05-31", "2008-07-31", "2006-05-15", "2008-12-31", null, null, null, null, "1997-07-12", null, null, null, null, null, null, null, "2007-07-26", null, null, null, null, null, "2007-04-17", "2001-12-31", null, null, null, null, null, null, null, "2013-07-18", null, "2006-09-09", "2001-10-06", "2009-02-02", null, null, null, null, null, null, null, null, null, "2011-06-11", null, null, null, "2013-10-03", "2009-07-02", null, null, "2008-03-25", null, "2005-08-03", "2004-08-14", null, null, "2007-09-03", null, null, "2010-08-25", null, null, null, null, "1995-04-10", null, null, null, null, null, null, null, null, "2012-08-31", null, null, null, null, "2005-06-30", null, null, null, "2000-01-15", "2008-12-16", null, null, null, "1998-12-18", null, null, null, null, null, null, "2007-04-19", null, null, null, "2011-06-01", null, null, null, null, null, null, null, null, "2002-04-16", "2009-08-09", null, null, null, null, null, null, null, null, null, "2004-06-30", null, null, null, "2004-08-13", null, null, null, null, null]}, {"col": "c5_year", "type": "INTEGER", "data": [null, null, 2003, null, null, null, null, null, null, null, null, null, null, null, null, null, null, null, 2010, null, null, null, null, null, 2012, null, 2012, 2012, 2008, null, 2006, null, null, null, null, 2010, null, null, 1996, 2005, null, null, null, null, null, null, null, 2012, null, null, 2012, null, null, null, null, null, null, 2012, null, null, null, null, null, null, null, null, 2002, null, null, null, null, null, null, null, null, 2008, null, null, 2014, null, null, null, null, 1996, null, 2012, null, null, null, null, null, null, null, null, 2011, 1998, 2000, null, null, 2004, null, null, 1997, null, 2001, null, null, null, null, null, null, null, null, null, null, 2011, null, null, null, 2008, 2004, 2007, 1998, null, 2004, 2007, null, null, null, null, null, 2010, null, null, null, 2005, null, null, null, null, null, null, 2009, 1992, null, 2007, null, null, null, null, null, null, null, null, null, null, 2013, null, null, 2007, 2008, 2006, 2008, null, null, null, null, 1997, null, null, null, null, null, null, null, 2007, null, null, null, null, null, 2007, 2001, null, null, null, null, null, null, null, 2013, null, 2006, 2001, 2009, null, null, null, null, null, null, null, null, null, 2011, null, null, null, 2013, 2009, null, null, 2008, null, 2005, 2004, null, null, 2007, null, null, 2010, null, null, null, null, 1995, null, null, null, null, null, null, null, null, 2012, null, null, null, null, 2005, null, null, null, 2000, 2008, null, null, null, 1998, null, null, null, null, null, null, 2007, null, null, null, 2011, null, null, null, null, null, null, null, null, 2002, 2009, null, null, null, null, null, null, null, null, null, 2004, null, null, null, 2004, null, null, null, null, null]}, {"col": "c5_month", "type": "INTEGER", "data": [null, null, 7, null, null, null, null, null, null, null, null, null, null, null, null, null, null, null, 12, null, null, null, null, null, 9, null, 1, 11, 2, null, 8, null, null, null, null, 11, null, null, 12, 9, null, null, null, null, null, null, null, 5, null, null, 7, null, null, null, null, null, null, 1, null, null, null, null, null, null, null, null, 2, null, null, null, null, null, null, null, null, 1, null, null, 3, null, null, null, null, 10, null, 11, null, null, null, null, null, null, null, null, 2, 5, 3, null, null, 6, null, null, 4, null, 6, null, null, null, null, null, null, null, null, null, null, 2, null, null, null, 7, 1, 4, 9, null, 8, 6, null, null, null, null, null, 10, null, null, null, 3, null, null, null, null, null, null, 8, 7, null, 2, null, null, null, null, null, null, null, null, null, null, 9, null, null, 5, 7, 5, 12, null, null, null, null, 7, null, null, null, null, null, null, null, 7, null, null, null, null, null, 4, 12, null, null, null, null, null, null, null, 7, null, 9, 10, 2, null, null, null, null, null, null, null, null, null, 6, null, null, null, 10, 7, null, null, 3, null, 8, 8, null, null, 9, null, null, 8, null, null, null, null, 4, null, null, null, null, null, null, null, null, 8, null, null, null, null, 6, null, null, null, 1, 12, null, null, null, 12, null, null, null, null, null, null, 4, null, null, null, 6, null, null, null, null, null, null, null, null, 4, 8, null, null, null, null, null, null, null, null, null, 6, null, null, null, 8, null, null, null, null, null]}, {"col": "c5_day", "type": "INTEGER", "data": [null, null, 24, null, null, null, null, null, null, null, null, null, null, null, null, null, null, null, 23, null, null, null, null, null, 7, null, 26, 26, 26, null, 1, null, null, null, null, 19, null, null, 1, 16, null, null, null, null, null, null, null, 7, null, null, 17, null, null, null, null, null, null, 21, null, null, null, null, null, null, null, null, 12, null, null, null, null, null, null, null, null, 6, null, null, 29, null, null, null, null, 2, null, 30, null, null, null, null, null, null, null, null, 11, 20, 1, null, null, 8, null, null, 1, null, 2, null, null, null, null, null, null, null, null, null, null, 10, null, null, null, 29, 27, 8, 11, null, 31, 6, null, null, null, null, null, 12, null, null, null, 5, null, null, null, null, null, null, 21, 6, null, 16, null, null, null, null, null, null, null, null, null, null, 17, null, null, 31, 31, 15, 31, null, null, null, null, 12, null, null, null, null, null, null, null, 26, null, null, null, null, null, 17, 31, null, null, null, null, null, null, null, 18, null, 9, 6, 2, null, null, null, null, null, null, null, null, null, 11, null, null, null, 3, 2, null, null, 25, null, 3, 14, null, null, 3, null, null, 25, null, null, null, null, 10, null, null, null, null, null, null, null, null, 31, null, null, null, null, 30, null, null, null, 15, 16, null, null, null, 18, null, null, null, null, null, null, 19, null, null, null, 1, null, null, null, null, null, null, null, null, 16, 9, null, null, null, null, null, null, null, null, null, 30, null, null, null, 13, null, null, null, null, null]}]], "is_list": {"id": false, "agg": false, "c1": false, "c2": false, "c2_list": true, "c2_length": false, "c3": false, "c3_number": false, "c3_parsed": false, "c3_year": false, "c3_month": false, "c3_day": false, "c4": false, "c4_number": false, "c4_parsed": false, "c4_year": false, "c4_month": false, "c4_day": false, "c5": false, "c5_number": false, "c5_parsed": false, "c5_year": false, "c5_month": false, "c5_day": false}}