{"headers": ["id", "agg", "#", "name", "took office", "left office", "party"], "types": ["id", "agg", "number", "text(text)", "date", "date", "text"], "contents": [[{"col": "id", "type": "INTEGER", "data": [1, 2, 3, 4, 5, 6, 7, 8, 9, 10, 11]}], [{"col": "agg", "type": "INTEGER", "data": [0, 0, 0, 0, 0, 0, 0, 0, 0, 0, 0]}], [{"col": "c1", "type": "TEXT", "data": ["1", "2", "3", "2", "4", "5", "2", null, "6", "7", "8"]}, {"col": "c1_number", "type": "REAL", "data": [1.0, 2.0, 3.0, 2.0, 4.0, 5.0, 2.0, null, 6.0, 7.0, 8.0]}], [{"col": "c2", "type": "TEXT", "data": ["nejat konuk (2nd time)", "dervis eroglu (1st time)", "hakk\u0131 atun", "dervis eroglu (2nd time)", "mehmet ali talat", "ferdi sabit soyer", "dervis eroglu (3rd time)", "huseyin ozgurgun (acting)", "irsen kucuk", "sibel siber", "ozkan yorganc\u0131oglu"]}, {"col": "c2_first", "type": "TEXT", "data": ["nejat konuk", "dervis eroglu", "hakk\u0131 atun", "dervis eroglu", "mehmet ali talat", "ferdi sabit soyer", "dervis eroglu", "huseyin ozgurgun", "irsen kucuk", "sibel siber", "ozkan yorganc\u0131oglu"]}, {"col": "c2_second", "type": "TEXT", "data": ["2nd time", "1st time", null, "2nd time", null, null, "3rd time", "acting", null, null, null]}], [{"col": "c3", "type": "TEXT", "data": ["15 november 1983", "19 july 1985", "1 january 1994", "16 august 1996", "13 january 2004", "26 april 2005", "5 may 2009", "23 april 2010", "17 may 2010", "13 june 2013", "2 september 2013"]}, {"col": "c3_number", "type": "INTEGER", "data": [15, 19, 1, 16, 13, 26, 5, 23, 17, 13, 2]}, {"col": "c3_parsed", "type": "TEXT", "data": ["1983-11-15", "1985-07-19", "1994-01-01", "1996-08-16", "2004-01-13", "2005-04-26", "2009-05-05", "2010-04-23", "2010-05-17", "2013-06-13", "2013-09-02"]}, {"col": "c3_year", "type": "INTEGER", "data": [1983, 1985, 1994, 1996, 2004, 2005, 2009, 2010, 2010, 2013, 2013]}, {"col": "c3_month", "type": "INTEGER", "data": [11, 7, 1, 8, 1, 4, 5, 4, 5, 6, 9]}, {"col": "c3_day", "type": "INTEGER", "data": [15, 19, 1, 16, 13, 26, 5, 23, 17, 13, 2]}], [{"col": "c4", "type": "TEXT", "data": ["19 july 1985", "1 january 1994", "16 august 1996", "13 january 2004", "26 april 2005", "5 may 2009", "23 april 2010", "17 may 2010", "13 june 2013", "2 september 2013", "incumbent"]}, {"col": "c4_number", "type": "INTEGER", "data": [19, 1, 16, 13, 26, 5, 23, 17, 13, 2, null]}, {"col": "c4_parsed", "type": "TEXT", "data": ["1985-07-19", "1994-01-01", "1996-08-16", "2004-01-13", "2005-04-26", "2009-05-05", "2010-04-23", "2010-05-17", "2013-06-13", "2013-09-02", null]}, {"col": "c4_year", "type": "INTEGER", "data": [1985, 1994, 1996, 2004, 2005, 2009, 2010, 2010, 2013, 2013, null]}, {"col": "c4_month", "type": "INTEGER", "data": [7, 1, 8, 1, 4, 5, 4, 5, 6, 9, null]}, {"col": "c4_day", "type": "INTEGER", "data": [19, 1, 16, 13, 26, 5, 23, 17, 13, 2, null]}], [{"col": "c5", "type": "TEXT", "data": ["national unity party", "national unity party", "democratic party", "national unity party", "republican turkish party", "republican turkish party", "national unity party", "national unity party", "national unity party", "republican turkish party", "republican turkish party"]}]], "is_list": {"id": false, "agg": false, "c1": false, "c1_number": false, "c2": false, "c2_first": false, "c2_second": false, "c3": false, "c3_number": false, "c3_parsed": false, "c3_year": false, "c3_month": false, "c3_day": false, "c4": false, "c4_number": false, "c4_parsed": false, "c4_year": false, "c4_month": false, "c4_day": false, "c5": false}}