{"headers": ["id", "agg", "#", "title", "performer(s)", "film", "length"], "types": ["id", "agg", "number", "text", "text", "text", "time"], "contents": [[{"col": "id", "type": "INTEGER", "data": [1, 2, 3, 4, 5, 6, 7, 8, 9, 10, 11, 12, 13, 14]}], [{"col": "agg", "type": "INTEGER", "data": [0, 0, 0, 0, 0, 0, 0, 0, 0, 0, 0, 0, 0, 0]}], [{"col": "c1", "type": "TEXT", "data": ["1", "2", "3", "4", "5", "6", "7", "8", "9", "10", "11", "12", "13", "14"]}, {"col": "c1_number", "type": "REAL", "data": [1.0, 2.0, 3.0, 4.0, 5.0, 6.0, 7.0, 8.0, 9.0, 10.0, 11.0, 12.0, 13.0, 14.0]}], [{"col": "c2", "type": "TEXT", "data": ["\"once upon a dream\"", "\"that's how you know\"", "\"some day my prince will come\"", "\"colors of the wind\"", "\"reflection\"", "\"so this is love\"", "\"kiss the girl\"", "\"it's not just make believe\"", "\"under the sea\"", "\"ever ever after\"", "\"true to your heart\"", "\"happy working song\"", "\"part of your world\"", "\"a dream is a wish your heart makes\""]}], [{"col": "c3", "type": "TEXT", "data": ["emily osment", "demi lovato", "ashley tisdale", "vanessa hudgens", "christina aguilera", "the cheetah girls", "colbie caillat", "kari kimmel", "raven-symone", "jordan pruitt", "keke palmer", "amy adams", "original broadway cast", "disney channel stars"]}], [{"col": "c4", "type": "TEXT", "data": ["sleeping beauty", "enchanted", "snow white and the seven dwarfs", "pocahontas", "mulan", "cinderella", "the little mermaid", "ella enchanted", "the little mermaid", "enchanted", "mulan", "enchanted", "the little mermaid", "cinderella"]}], [{"col": "c5", "type": "TEXT", "data": ["3:32", "3:12", "3:30", "3:58", "3:33", "3:40", "3:16", "3:06", "3:15", "3:12", "3:22", "2:09", "3:23", "3:46"]}, {"col": "c5_number", "type": "INTEGER", "data": [3, 3, 3, 3, 3, 3, 3, 3, 3, 3, 3, 2, 3, 3]}, {"col": "c5_min", "type": "INTEGER", "data": [3, 3, 3, 3, 3, 3, 3, 3, 3, 3, 3, 2, 3, 3]}, {"col": "c5_sec", "type": "INTEGER", "data": [32, 12, 30, 58, 33, 40, 16, 6, 15, 12, 22, 9, 23, 46]}]], "is_list": {"id": false, "agg": false, "c1": false, "c1_number": false, "c2": false, "c3": false, "c4": false, "c5": false, "c5_number": false, "c5_min": false, "c5_sec": false}}