{"headers": ["id", "agg", "wrestlers", "times", "date", "location", "notes"], "types": ["id", "agg", "<a, text>", "number", "date", "address", "text"], "contents": [[{"col": "id", "type": "INTEGER", "data": [1, 2, 3, 4, 5, 6, 7, 8, 9, 10, 11, 12, 13, 14, 15, 16, 17, 18, 19, 20, 21, 22, 23, 24, 25, 26, 27, 28, 29, 30, 31, 32, 33, 34]}], [{"col": "agg", "type": "INTEGER", "data": [0, 0, 0, 0, 0, 0, 0, 0, 0, 0, 0, 0, 0, 0, 0, 0, 0, 0, 0, 0, 0, 0, 0, 0, 0, 0, 0, 0, 0, 0, 0, 0, 0, 0]}], [{"col": "c1", "type": "TEXT", "data": ["koji nakagawa and gedo", "tetsuhiro kuroda and hisakatsu oya", "mr. gannosuke and h", "kyoko inoue and kodo fuyuki", "koji nakagawa and gedo", "jado and gedo", "masao inoue and yoshinobu kanemaru", "tamon honda and naomichi marufuji", "kodo fuyuki and tetsuhiro kuroda", "masato tanaka and gedo", "goemon and onryo", "mr. gannosuke and mammoth sasaki", "hayabusa and tetsuhiro kuroda", "mr. gannosuke and mammoth sasaki", "tetsuhiro kuroda and mr. gannosuke", "kodo fuyuki and the sandman", "takashi sasaki and gentaro", "kintaro kanemura and tetsuhiro kuroda", "tetsuhiro kuroda and onryo", "takashi sasaki and badboy hido", "jun kasai and tomoaki honma", "jun kasai and jaki numazawa", "gentaro & the winger", "nosawa & mazada", "kohei sato & kamikaze", "kintaro kanemura and tetsuhiro kuroda", "hiroki and yusaku obata", "manjimaru and takeshi minamino", "daisaku shimoda and kazushi miyamoto", "kengo nishimura and tomohiko hashimoto", "kotaro nasu and masato shibata", "shoichi ichimiya and tomohiko hashimoto", "daisaku shimoda and rikiya fudo", "tadasuke and tomohiko hashimoto"]}, {"col": "c1_list", "type": "LIST TEXT", "data": [["koji nakagawa", "gedo"], ["tetsuhiro kuroda", "hisakatsu oya"], ["mr. gannosuke", "h"], ["kyoko inoue", "kodo fuyuki"], ["koji nakagawa", "gedo"], ["jado", "gedo"], ["masao inoue", "yoshinobu kanemaru"], ["tamon honda", "naomichi marufuji"], ["kodo fuyuki", "tetsuhiro kuroda"], ["masato tanaka", "gedo"], ["goemon", "onryo"], ["mr. gannosuke", "mammoth sasaki"], ["hayabusa", "tetsuhiro kuroda"], ["mr. gannosuke", "mammoth sasaki"], ["tetsuhiro kuroda", "mr. gannosuke"], ["kodo fuyuki", "the sandman"], ["takashi sasaki", "gentaro"], ["kintaro kanemura", "tetsuhiro kuroda"], ["tetsuhiro kuroda", "onryo"], ["takashi sasaki", "badboy hido"], ["jun kasai", "tomoaki honma"], ["jun kasai", "jaki numazawa"], ["gentaro & the winger"], ["nosawa & mazada"], ["kohei sato & kamikaze"], ["kintaro kanemura", "tetsuhiro kuroda"], ["hiroki", "yusaku obata"], ["manjimaru", "takeshi minamino"], ["daisaku shimoda", "kazushi miyamoto"], ["kengo nishimura", "tomohiko hashimoto"], ["kotaro nasu", "masato shibata"], ["shoichi ichimiya", "tomohiko hashimoto"], ["daisaku shimoda", "rikiya fudo"], ["tadasuke", "tomohiko hashimoto"]]}, {"col": "c1_length", "type": "INTEGER", "data": [2, 2, 2, 2, 2, 2, 2, 2, 2, 2, 2, 2, 2, 2, 2, 2, 2, 2, 2, 2, 2, 2, 1, 1, 1, 2, 2, 2, 2, 2, 2, 2, 2, 2]}], [{"col": "c2", "type": "TEXT", "data": ["1", "1", "1", "1", "2", "1", "1", "1", "1", "1", "1", "1", "1", "2", "1", "1", "1", "1", "1", "1", "1", "1", "1", "1", "1", "2", "1", "1", "1", "1", "1", "1", "1", "1"]}, {"col": "c2_number", "type": "REAL", "data": [1.0, 1.0, 1.0, 1.0, 2.0, 1.0, 1.0, 1.0, 1.0, 1.0, 1.0, 1.0, 1.0, 2.0, 1.0, 1.0, 1.0, 1.0, 1.0, 1.0, 1.0, 1.0, 1.0, 1.0, 1.0, 2.0, 1.0, 1.0, 1.0, 1.0, 1.0, 1.0, 1.0, 1.0]}], [{"col": "c3", "type": "TEXT", "data": ["june 13, 1999", "august 8, 1999", "december 1, 1999", "february 25, 2000", "april 1, 2000", "july 14, 2000", "july 28, 2000", "august 22, 2000", "december 23, 2000", "january 7, 2001", "may 5, 2001", "september 5, 2001", "october 9, 2001", "november 23, 2001", "december 21, 2001", "february 4, 2002", "august 23, 2002", "march 11, 2003", "march 12, 2005", "august 6, 2006", "september 24, 2006", "june 24, 2007", "september 23, 2007", "april 17, 2008", "september 6, 2009", "august 18, 2011", "september 28, 2011", "march 25, 2012", "april 26, 2012", "may 31, 2012", "september 21, 2012", "october 13, 2012", "july 14, 2013", "november 10, 2013"]}, {"col": "c3_number", "type": "INTEGER", "data": [13, 8, 1, 25, 1, 14, 28, 22, 23, 7, 5, 5, 9, 23, 21, 4, 23, 11, 12, 6, 24, 24, 23, 17, 6, 18, 28, 25, 26, 31, 21, 13, 14, 10]}, {"col": "c3_parsed", "type": "TEXT", "data": ["1999-06-13", "1999-08-08", "1999-12-01", "2000-02-25", "2000-04-01", "2000-07-14", "2000-07-28", "2000-08-22", "2000-12-23", "2001-01-07", "2001-05-05", "2001-09-05", "2001-10-09", "2001-11-23", "2001-12-21", "2002-02-04", "2002-08-23", "2003-03-11", "2005-03-12", "2006-08-06", "2006-09-24", "2007-06-24", "2007-09-23", "2008-04-17", "2009-09-06", "2011-08-18", "2011-09-28", "2012-03-25", "2012-04-26", "2012-05-31", "2012-09-21", "2012-10-13", "2013-07-14", "2013-11-10"]}, {"col": "c3_year", "type": "INTEGER", "data": [1999, 1999, 1999, 2000, 2000, 2000, 2000, 2000, 2000, 2001, 2001, 2001, 2001, 2001, 2001, 2002, 2002, 2003, 2005, 2006, 2006, 2007, 2007, 2008, 2009, 2011, 2011, 2012, 2012, 2012, 2012, 2012, 2013, 2013]}, {"col": "c3_month", "type": "INTEGER", "data": [6, 8, 12, 2, 4, 7, 7, 8, 12, 1, 5, 9, 10, 11, 12, 2, 8, 3, 3, 8, 9, 6, 9, 4, 9, 8, 9, 3, 4, 5, 9, 10, 7, 11]}, {"col": "c3_day", "type": "INTEGER", "data": [13, 8, 1, 25, 1, 14, 28, 22, 23, 7, 5, 5, 9, 23, 21, 4, 23, 11, 12, 6, 24, 24, 23, 17, 6, 18, 28, 25, 26, 31, 21, 13, 14, 10]}], [{"col": "c4", "type": "TEXT", "data": ["okayama, japan", "tokyo, japan", "osaka, japan", "tokyo, japan", "yokosuka, japan", "takamatsu, japan", "tokyo, japan", "tokyo, japan", "tokyo, japan", "tokyo, japan", "kawasaki, japan", "sapporo, japan", "tokyo, japan", "yokohama, japan", "tokyo, japan", "tokyo, japan", "tokyo, japan", "tokyo, japan", "chiba, chiba, japan", "tokyo, japan", "tokyo, japan", "tokyo, japan", "tokyo, japan", "tokyo, japan", "osaka, japan", "tokyo, japan", "tokyo, japan", "tokyo, japan", "tokyo, japan", "tokyo, japan", "tokyo, japan", "tokyo, japan", "osaka, japan", "osaka, japan"]}, {"col": "c4_address", "type": "LIST TEXT", "data": [["okayama", "japan"], ["tokyo", "japan"], ["osaka", "japan"], ["tokyo", "japan"], ["yokosuka", "japan"], ["takamatsu", "japan"], ["tokyo", "japan"], ["tokyo", "japan"], ["tokyo", "japan"], ["tokyo", "japan"], ["kawasaki", "japan"], ["sapporo", "japan"], ["tokyo", "japan"], ["yokohama", "japan"], ["tokyo", "japan"], ["tokyo", "japan"], ["tokyo", "japan"], ["tokyo", "japan"], ["chiba", "chiba", "japan", "chiba, chiba", "chiba, japan"], ["tokyo", "japan"], ["tokyo", "japan"], ["tokyo", "japan"], ["tokyo", "japan"], ["tokyo", "japan"], ["osaka", "japan"], ["tokyo", "japan"], ["tokyo", "japan"], ["tokyo", "japan"], ["tokyo", "japan"], ["tokyo", "japan"], ["tokyo", "japan"], ["tokyo", "japan"], ["osaka", "japan"], ["osaka", "japan"]]}], [{"col": "c5", "type": "TEXT", "data": ["nakagawa and gedo were named champions for being the last fmw brass knuckles tag team champions", null, null, "kyoki inoue is the first known women in japanese wrestling history to win a men's championship in a promotion", "nakagawa and gedo are the first team to become two-time champions. titles are vacated after nakagawa turns on gedo following a six-man tag team match on may 28, 2000", "jado and gedo defeated h and tetsuhiro kuroda to win the vacant titles. gedo becomes the first person to hold the titles with two different partners", null, "title change occurs in pro wrestling noah", "title change occurs in pro wrestling noah", "gedo becomes the first person to hold the titles with three different partners. the titles are vacated in february 2001 when both tanaka and gedo leave fmw", "goemon and onryo defeated nova and super crazy to win the vacant titles", null, "the titles are vacated later in the month when hayabusa is injured in a match with mammoth sasaki and his wrestling career is ended", "gannosuke and sasaki defeated biomonster dna and dr. luther to win the vacant titles", "kuroda and gannosuke defeated kintaro kanemura and mammoth sasaki to win the vacant titles. the titles are again vacated in january 2002", "fuyuki and sandman defeated sabu and tetsuhiro kuroda to win the vacant titles. the fmw promotion closes later in the month and the titles are vacated", "titles are revived. sasaki and gentao defeated taka michinoku and hi69 to win the vacant titles. titles are later vacated", "titles are vacated in march 2005", "defeated takashi sasaki and gentaro for the vacant titles. titles are later vacated", "defeated tetsuhiro kuroda and jun kasai in a tournament final for the vacant titles", "titles are vacated on february 20, 2007 when the team splits up", "defeated gentaro & the winger for the vacant titles", null, null, null, null, null, null, null, null, null, null, null, null]}]], "is_list": {"id": false, "agg": false, "c1": false, "c1_list": true, "c1_length": false, "c2": false, "c2_number": false, "c3": false, "c3_number": false, "c3_parsed": false, "c3_year": false, "c3_month": false, "c3_day": false, "c4": false, "c4_address": true, "c5": false}}