{"headers": ["id", "agg", "tournament", "1992", "1993", "1994", "1995", "1996", "1997", "1998", "1999", "2000", "2001", "2002", "2003", "2004", "2005", "2006", "2007", "2008", "2009", "2010", "career sr", "career w-l"], "types": ["id", "agg", "text", "text", "text", "text", "text", "text", "text", "text", "text", "text", "text", "text", "text", "text", "text", "text", "text", "text", "text", "text", "text", "score"], "contents": [[{"col": "id", "type": "INTEGER", "data": [1, 2, 3, 4, 5, 6, 7, 8, 9, 10, 11, 12, 13, 14, 15, 16, 17]}], [{"col": "agg", "type": "INTEGER", "data": [0, 0, 0, 0, 0, 0, 0, 0, 0, 0, 0, 0, 0, 0, 0, 0, 0]}], [{"col": "c1", "type": "TEXT", "data": ["australian open", "french open", "wimbledon", "us open", "grand slam w-l", "indian wells", "miami", "monte carlo", "rome", "madrid (stuttgart)", "canada", "cincinnati", "shanghai", "paris", "hamburg", "masters w-l", "year end ranking"]}], [{"col": "c2", "type": "TEXT", "data": ["a", "a", "a", "a", "0-0", "a", "a", "a", "a", "a", "a", "a", "not held", "a", "a", "0-0", "235"]}], [{"col": "c3", "type": "TEXT", "data": ["a", "a", "lq", "a", "0-0", "a", "a", "a", "a", "a", "a", "lq", "not held", "a", "a", "0-0", "135"]}], [{"col": "c4", "type": "TEXT", "data": ["1r", "1r", "1r", "1r", "0-4", "sf", "2r", "a", "a", "a", "a", "lq", "not held", "a", "a", "4-2", "91"]}], [{"col": "c5", "type": "TEXT", "data": ["qf", "a", "1r", "a", "3-2", "lq", "1r", "a", "a", "a", "a", "a", "not held", "a", "a", "0-1", "158"]}], [{"col": "c6", "type": "TEXT", "data": ["a", "1r", "a", "a", "0-1", "a", "a", "a", "a", "a", "a", "a", "not held", "a", "a", "0-0", "103"]}], [{"col": "c7", "type": "TEXT", "data": ["2r", "1r", "1r", "1r", "1-4", "a", "a", "a", "a", "a", "a", "1r", "not held", "a", "a", "0-1", "92"]}], [{"col": "c8", "type": "TEXT", "data": ["1r", "2r", "2r", "2r", "3-4", "a", "2r", "a", "a", "1r", "1r", "1r", "not held", "qf", "a", "3-5", "35"]}], [{"col": "c9", "type": "TEXT", "data": ["1r", "3r", "3r", "1r", "4-4", "2r", "2r", "2r", "1r", "1r", "2r", "1r", "not held", "1r", "2r", "4-9", "26"]}], [{"col": "c10", "type": "TEXT", "data": ["2r", "3r", "1r", "1r", "2-4", "1r", "3r", "1r", "a", "2r", "2r", "1r", "not held", "1r", "a", "3-7", "34"]}], [{"col": "c11", "type": "TEXT", "data": ["qf", "3r", "1r", "w", "11-3", "1r", "3r", "1r", "1r", "2r", "2r", "1r", "not held", "sf", "2r", "5-9", "13"]}], [{"col": "c12", "type": "TEXT", "data": ["qf", "3r", "2r", "qf", "9-4", "qf", "3r", "a", "f", "2r", "2r", "2r", "not held", "2r", "1r", "9-8", "11"]}], [{"col": "c13", "type": "TEXT", "data": ["3r", "2r", "3r", "3r", "7-4", "2r", "2r", "sf", "2r", "f", "1r", "1r", "not held", "qf", "2r", "8-9", "18"]}], [{"col": "c14", "type": "TEXT", "data": ["qf", "qf", "qf", "qf", "12-4", "f", "w", "a", "qf", "a", "2r", "2r", "not held", "f", "w", "17-5", "9"]}], [{"col": "c15", "type": "TEXT", "data": ["w", "1r", "sf", "sf", "14-3", "qf", "f", "a", "2r", "sf", "w", "f", "not held", "sf", "2r", "17-7", "6"]}], [{"col": "c16", "type": "TEXT", "data": ["sf", "2r", "qf", "sf", "12-4", "1r", "sf", "a", "qf", "sf", "f", "2r", "not held", "1r", "w", "12-7", "8"]}], [{"col": "c17", "type": "TEXT", "data": ["sf", "2r", "2r", "sf", "10-4", "qf", "qf", "sf", "qf", "2r", "f", "qf", "not held", "qf", "f", "14-9", "10"]}], [{"col": "c18", "type": "TEXT", "data": ["3r", "qf", "f", "2r", "8-4", "qf", "2r", "sf", "sf", "sf", "qf", "2r", "not held", "w", "2r", "13-8", "8"]}], [{"col": "c19", "type": "TEXT", "data": ["3r", "qf", "qf", "2r", "9-4", "1r", "qf", "2r", "sf", "sf", "2r", "2r", "2r", "2r", "nme", "7-9", "24"]}], [{"col": "c20", "type": "TEXT", "data": ["a", "a", "1r", "a", "0-1", "a", "a", "a", "a", "a", "a", "a", "a", "a", "nme", "0-0", null]}], [{"col": "c21", "type": "TEXT", "data": ["1 / 15", "0 / 15", "0 / 16", "1 / 14", "2 / 60", "0 / 12", "1 / 14", "0 / 7", "0 / 10", "0 / 11", "1 / 12", "0 / 13", "0 / 1", "1 / 12", "2 / 9", "5 / 101", null]}], [{"col": "c22", "type": "TEXT", "data": ["33-14", "19-15", "24-16", "29-13", "105-58", "16-12", "23-13", "7-7", "11-10", "11-11", "14-11", "5-13", "0-1", "16-11", "13-7", "116-96", null]}, {"col": "c22_number", "type": "INTEGER", "data": [33, 19, 24, 29, 105, 16, 23, 7, 11, 11, 14, 5, 0, 16, 13, 116, null]}, {"col": "c22_number1", "type": "INTEGER", "data": [33, 19, 24, 29, 105, 16, 23, 7, 11, 11, 14, 5, 0, 16, 13, 116, null]}, {"col": "c22_number2", "type": "INTEGER", "data": [14, 15, 16, 13, 58, 12, 13, 7, 10, 11, 11, 13, 1, 11, 7, 96, null]}]], "is_list": {"id": false, "agg": false, "c1": false, "c2": false, "c3": false, "c4": false, "c5": false, "c6": false, "c7": false, "c8": false, "c9": false, "c10": false, "c11": false, "c12": false, "c13": false, "c14": false, "c15": false, "c16": false, "c17": false, "c18": false, "c19": false, "c20": false, "c21": false, "c22": false, "c22_number": false, "c22_number1": false, "c22_number2": false}}