{"headers": ["id", "agg", "wrestler", "reigns", "date", "place", "notes"], "types": ["id", "agg", "text", "number", "date", "address", "text"], "contents": [[{"col": "id", "type": "INTEGER", "data": [1, 2, 3, 4, 5, 6, 7, 8]}], [{"col": "agg", "type": "INTEGER", "data": [0, 0, 0, 0, 0, 0, 0, 0]}], [{"col": "c1", "type": "TEXT", "data": ["lanny poffo", "randy savage", "lanny poffo", "randy savage", "lanny poffo", "randy savage", "paul christy", "lanny poffo"]}], [{"col": "c2", "type": "TEXT", "data": ["1", "1", "2", "2", "3", "3", "1", "4"]}, {"col": "c2_number", "type": "REAL", "data": [1.0, 1.0, 2.0, 2.0, 3.0, 3.0, 1.0, 4.0]}], [{"col": "c3", "type": "TEXT", "data": ["may 10, 1978", "march 13, 1979", "july 21, 1979", "1981", "1981", "1982", "november 13, 1983", "january 1, 1984"]}, {"col": "c3_number", "type": "INTEGER", "data": [10, 13, 21, 1981, 1981, 1982, 13, 1]}, {"col": "c3_parsed", "type": "TEXT", "data": ["1978-05-10", "1979-03-13", "1979-07-21", "1981", "1981", "1982", "1983-11-13", "1984-01-01"]}, {"col": "c3_year", "type": "INTEGER", "data": [1978, 1979, 1979, 1981, 1981, 1982, 1983, 1984]}, {"col": "c3_month", "type": "INTEGER", "data": [5, 3, 7, null, null, null, 11, 1]}, {"col": "c3_day", "type": "INTEGER", "data": [10, 13, 21, null, null, null, 13, 1]}], [{"col": "c4", "type": "TEXT", "data": ["san francisco, california", "halifax, nova scotia", "lexington, kentucky", null, null, null, "springfield, illinois", "springfield, illinois"]}, {"col": "c4_address", "type": "LIST TEXT", "data": [["san francisco", "california"], ["halifax", "nova scotia"], ["lexington", "kentucky"], [], [], [], ["springfield", "illinois"], ["springfield", "illinois"]]}], [{"col": "c5", "type": "TEXT", "data": ["defeated joe banek to become the first champion", null, null, null, null, null, null, null]}]], "is_list": {"id": false, "agg": false, "c1": false, "c2": false, "c2_number": false, "c3": false, "c3_number": false, "c3_parsed": false, "c3_year": false, "c3_month": false, "c3_day": false, "c4": false, "c4_address": true, "c5": false}}