{"headers": ["id", "agg", "term (french)", "description", "temperature range", "temperature range", "usda recommended"], "types": ["id", "agg", "text(text)", "<s,text>", "<d, unitnum>", "<d, unitnum>", "unitnum"], "contents": [[{"col": "id", "type": "INTEGER", "data": [1, 2, 3, 4, 5, 6, 7]}], [{"col": "agg", "type": "INTEGER", "data": [0, 0, 0, 0, 0, 0, 0]}], [{"col": "c1", "type": "TEXT", "data": ["extra-rare or blue (bleu)", "rare (saignant)", "medium rare (a point)", "medium (demi-anglais)", "medium well (cuit)", "well done (bien cuit)", "over cooked (trop cuit, carbonise\")'"]}, {"col": "c1_first", "type": "TEXT", "data": ["extra-rare or blue", "rare", "medium rare", "medium", "medium well", "well done", "over cooked"]}, {"col": "c1_second", "type": "TEXT", "data": ["bleu", "saignant", "a point", "demi-anglais", "cuit", "bien cuit", "trop cuit, carbonise\"'"]}], [{"col": "c2", "type": "TEXT", "data": ["very red and cold", "cold red center; soft", "warm red center; firmer", "pink and firm", "small amount of pink in the center", "gray-brown throughout; firm", "blacken throughout; hard"]}, {"col": "c2_list", "type": "LIST TEXT", "data": [["very red and cold"], ["cold red center", "soft"], ["warm red center", "firmer"], ["pink and firm"], ["small amount of pink in the center"], ["gray-brown throughout", "firm"], ["blacken throughout", "hard"]]}, {"col": "c2_length", "type": "INTEGER", "data": [1, 2, 2, 1, 1, 2, 2]}], [{"col": "c3", "type": "TEXT", "data": ["46-49 \u00b0c", "52-55 \u00b0c", "55-60 \u00b0c", "60-65 \u00b0c", "65-69 \u00b0c", "71-100 \u00b0c", "> 100 \u00b0c"]}, {"col": "c3_list", "type": "LIST TEXT", "data": [["46", "49 \u00b0c"], ["52", "55 \u00b0c"], ["55", "60 \u00b0c"], ["60", "65 \u00b0c"], ["65", "69 \u00b0c"], ["71", "100 \u00b0c"], ["> 100 \u00b0c"]]}, {"col": "c3_length", "type": "INTEGER", "data": [2, 2, 2, 2, 2, 2, 1]}, {"col": "c3_list_number", "type": "LIST REAL", "data": [[46.0, 49], [52.0, 55], [55.0, 60], [60.0, 65], [65.0, 69], [71.0, 100], [100.0]]}], [{"col": "c4", "type": "TEXT", "data": ["115-120 \u00b0f", "125-130 \u00b0f", "130-140 \u00b0f", "140-150 \u00b0f", "150-155 \u00b0f", "160-212 \u00b0f", "> 212 \u00b0f"]}, {"col": "c4_list", "type": "LIST TEXT", "data": [["115", "120 \u00b0f"], ["125", "130 \u00b0f"], ["130", "140 \u00b0f"], ["140", "150 \u00b0f"], ["150", "155 \u00b0f"], ["160", "212 \u00b0f"], ["> 212 \u00b0f"]]}, {"col": "c4_length", "type": "INTEGER", "data": [2, 2, 2, 2, 2, 2, 1]}, {"col": "c4_list_number", "type": "LIST REAL", "data": [[115.0, 120], [125.0, 130], [130.0, 140], [140.0, 150], [150.0, 155], [160.0, 212], [212.0]]}], [{"col": "c5", "type": "TEXT", "data": [null, null, "145 \u00b0f", "160 \u00b0f", null, "170 \u00b0f", "300 \u00b0f"]}, {"col": "c5_number", "type": "INTEGER", "data": [null, null, 145, 160, null, 170, 300]}]], "is_list": {"id": false, "agg": false, "c1": false, "c1_first": false, "c1_second": false, "c2": false, "c2_list": true, "c2_length": false, "c3": false, "c3_list": true, "c3_length": false, "c3_list_number": true, "c4": false, "c4_list": true, "c4_length": false, "c4_list_number": true, "c5": false, "c5_number": false}}