{"headers": ["id", "agg", "season", "tier", "division", "place"], "types": ["id", "agg", "timespan", "number", "text", "rank"], "contents": [[{"col": "id", "type": "INTEGER", "data": [1, 2, 3, 4, 5, 6, 7, 8, 9, 10, 11, 12]}], [{"col": "agg", "type": "INTEGER", "data": [0, 0, 0, 0, 0, 0, 0, 0, 0, 0, 0, 0]}], [{"col": "c1", "type": "TEXT", "data": ["1970-01", "2001/02", "2002/03", "2003/04", "2004/05", "2005/06", "2006/07", "2007/08", "2008/09", "2009/10", "2010/11", "2011/12"]}, {"col": "c1_minimum_number", "type": "INTEGER", "data": [1970, 2001, 2002, 2003, 2004, 2005, 2006, 2007, 2008, 2009, 2010, 2011]}, {"col": "c1_minimum_parsed", "type": "INTEGER", "data": [1970, 2001, 2002, 2003, 2004, 2005, 2006, 2007, 2008, 2009, 2010, 2011]}, {"col": "c1_minimum_year", "type": "INTEGER", "data": [1970, 2001, 2002, 2003, 2004, 2005, 2006, 2007, 2008, 2009, 2010, 2011]}, {"col": "c1_maximum_number", "type": "INTEGER", "data": [1901, 2002, 2003, 2004, 2005, 2006, 2007, 2008, 2009, 2010, 2011, 2012]}, {"col": "c1_maximum_parsed", "type": "INTEGER", "data": [1901, 2002, 2003, 2004, 2005, 2006, 2007, 2008, 2009, 2010, 2011, 2012]}, {"col": "c1_maximum_year", "type": "INTEGER", "data": [1901, 2002, 2003, 2004, 2005, 2006, 2007, 2008, 2009, 2010, 2011, 2012]}], [{"col": "c2", "type": "TEXT", "data": ["6", "6", "5", "5", "5", "4", "5", "5", "4", "4", "4", "5"]}, {"col": "c2_number", "type": "REAL", "data": [6.0, 6.0, 5.0, 5.0, 5.0, 4.0, 5.0, 5.0, 4.0, 4.0, 4.0, 5.0]}], [{"col": "c3", "type": "TEXT", "data": ["regional", "1a reg", "reg. pref", "reg. pref", "reg. pref", "3a", "reg. pref", "reg. pref", "3a", "3a", "3a", "reg. pref"]}], [{"col": "c4", "type": "TEXT", "data": [null, null, "11th", "9th", "1st", "20th", "3rd", "1st", "16th", "17th", "18th", "2nd"]}, {"col": "c4_number", "type": "REAL", "data": [null, null, 11.0, 9.0, 1.0, 20.0, 3.0, 1.0, 16.0, 17.0, 18.0, 2.0]}]], "is_list": {"id": false, "agg": false, "c1": false, "c1_minimum_number": false, "c1_minimum_parsed": false, "c1_minimum_year": false, "c1_maximum_number": false, "c1_maximum_parsed": false, "c1_maximum_year": false, "c2": false, "c2_number": false, "c3": false, "c4": false, "c4_number": false}}