{"headers": ["id", "agg", "week", "date", "opponent", "result", "attendance"], "types": ["id", "agg", "number", "date", "text", "score(score)", "number"], "contents": [[{"col": "id", "type": "INTEGER", "data": [1, 2, 3, 4, 5, 6, 7, 8, 9, 10, 11, 12, 13, 14, 15, 16]}], [{"col": "agg", "type": "INTEGER", "data": [0, 0, 0, 0, 0, 0, 0, 0, 0, 0, 0, 0, 0, 0, 0, 0]}], [{"col": "c1", "type": "TEXT", "data": ["1", "2", "3", "4", "5", "6", "7", "8", "9", "10", "11", "12", "13", "14", "15", "16"]}, {"col": "c1_number", "type": "REAL", "data": [1.0, 2.0, 3.0, 4.0, 5.0, 6.0, 7.0, 8.0, 9.0, 10.0, 11.0, 12.0, 13.0, 14.0, 15.0, 16.0]}], [{"col": "c2", "type": "TEXT", "data": ["september 3, 1978", "september 11, 1978", "september 17, 1978", "september 25, 1978", "october 1, 1978", "october 8, 1978", "october 15, 1978", "october 22, 1978", "october 26, 1978", "november 5, 1978", "november 12, 1978", "november 19, 1978", "november 26, 1978", "december 3, 1978", "december 9, 1978", "december 17, 1978"]}, {"col": "c2_number", "type": "INTEGER", "data": [3, 11, 17, 25, 1, 8, 15, 22, 26, 5, 12, 19, 26, 3, 9, 17]}, {"col": "c2_parsed", "type": "TEXT", "data": ["1978-09-03", "1978-09-11", "1978-09-17", "1978-09-25", "1978-10-01", "1978-10-08", "1978-10-15", "1978-10-22", "1978-10-26", "1978-11-05", "1978-11-12", "1978-11-19", "1978-11-26", "1978-12-03", "1978-12-09", "1978-12-17"]}, {"col": "c2_year", "type": "INTEGER", "data": [1978, 1978, 1978, 1978, 1978, 1978, 1978, 1978, 1978, 1978, 1978, 1978, 1978, 1978, 1978, 1978]}, {"col": "c2_month", "type": "INTEGER", "data": [9, 9, 9, 9, 10, 10, 10, 10, 10, 11, 11, 11, 11, 12, 12, 12]}, {"col": "c2_day", "type": "INTEGER", "data": [3, 11, 17, 25, 1, 8, 15, 22, 26, 5, 12, 19, 26, 3, 9, 17]}], [{"col": "c3", "type": "TEXT", "data": ["at new orleans saints", "denver broncos", "tampa bay buccaneers", "at chicago bears", "at tampa bay buccaneers", "at seattle seahawks", "los angeles rams", "green bay packers", "at dallas cowboys", "detroit lions", "chicago bears", "san diego chargers", "at green bay packers", "philadelphia eagles", "at detroit lions", "at oakland raiders"]}, {"col": "c3_raw", "type": "TEXT", "data": ["new orleans saints", "denver broncos", "tampa bay buccaneers", "chicago bears", "tampa bay buccaneers", "seattle seahawks", "los angeles rams", "green bay packers", "dallas cowboys", "detroit lions", "chicago bears", "san diego chargers", "green bay packers", "philadelphia eagles", "detroit lions", "oakland raiders"]}, {"col": "c3_home", "type": "TEXT", "data": ["away", "home", "home", "away", "away", "away", "home", "home", "away", "home", "home", "home", "away", "home", "away", "away"]}], [{"col": "c4", "type": "TEXT", "data": ["l 31-24", "w 12-9", "l 16-10", "w 24-20", "w 24-7", "l 29-28", "l 34-17", "w 21-7", "w 21-10", "w 17-7", "w 17-14", "l 13-7", "t 10-10 (ot)", "w 28-27", "l 45-14", "l 27-20"]}, {"col": "c4_first", "type": "TEXT", "data": ["l 31-24", "w 12-9", "l 16-10", "w 24-20", "w 24-7", "l 29-28", "l 34-17", "w 21-7", "w 21-10", "w 17-7", "w 17-14", "l 13-7", "t 10-10", "w 28-27", "l 45-14", "l 27-20"]}, {"col": "c4_second", "type": "TEXT", "data": [null, null, null, null, null, null, null, null, null, null, null, null, "ot", null, null, null]}, {"col": "c4_first_result", "type": "TEXT", "data": ["l", "w", "l", "w", "w", "l", "l", "w", "w", "w", "w", "l", "t", "w", "l", "l"]}, {"col": "c4_first_number", "type": "INTEGER", "data": [31, 12, 16, 24, 24, 29, 34, 21, 21, 17, 17, 13, 10, 28, 45, 27]}, {"col": "c4_first_number1", "type": "INTEGER", "data": [31, 12, 16, 24, 24, 29, 34, 21, 21, 17, 17, 13, 10, 28, 45, 27]}, {"col": "c4_first_number2", "type": "INTEGER", "data": [24, 9, 10, 20, 7, 28, 17, 7, 10, 7, 14, 7, 10, 27, 14, 20]}], [{"col": "c5", "type": "TEXT", "data": ["54,187", "46,508", "46,152", "53,551", "65,972", "62,031", "46,551", "47,411", "61,848", "46,008", "43,286", "38,859", "51,737", "38,722", "78,685", "44,643"]}, {"col": "c5_number", "type": "REAL", "data": [54187.0, 46508.0, 46152.0, 53551.0, 65972.0, 62031.0, 46551.0, 47411.0, 61848.0, 46008.0, 43286.0, 38859.0, 51737.0, 38722.0, 78685.0, 44643.0]}]], "is_list": {"id": false, "agg": false, "c1": false, "c1_number": false, "c2": false, "c2_number": false, "c2_parsed": false, "c2_year": false, "c2_month": false, "c2_day": false, "c3": false, "c3_raw": false, "c3_home": false, "c4": false, "c4_first": false, "c4_second": false, "c4_first_result": false, "c4_first_number": false, "c4_first_number1": false, "c4_first_number2": false, "c5": false, "c5_number": false}}