{"headers": ["id", "agg", "ep#", "title", "broadcast date", "written by", "directed by"], "types": ["id", "agg", "number", "text", "date", "<t,text>", "text"], "contents": [[{"col": "id", "type": "INTEGER", "data": [1, 2, 3, 4, 5, 6, 7, 8, 9, 10, 11, 12]}], [{"col": "agg", "type": "INTEGER", "data": [0, 0, 0, 0, 0, 0, 0, 0, 0, 0, 0, 0]}], [{"col": "c1", "type": "TEXT", "data": ["1", "2", "3", "4", "5", "6", "7", "8", "9", "10", "11", "12"]}, {"col": "c1_number", "type": "REAL", "data": [1.0, 2.0, 3.0, 4.0, 5.0, 6.0, 7.0, 8.0, 9.0, 10.0, 11.0, 12.0]}], [{"col": "c2", "type": "TEXT", "data": ["\"birth of a legend\"", "\"mr. pratt goes to sheridan\"", "\"legend on his president's secret service\"", "\"custer's next to last stand\"", "\"the life, death, and life of wild bill hickok\"", "\"knee-high noon\"", "\"the gospel according to legend\"", "\"bone of contention\"", "\"revenge of the herd\"", "\"fall of a legend\"", "\"clueless in san francisco\"", "\"skeletons in the closet\""]}], [{"col": "c3", "type": "TEXT", "data": ["april 18, 1995", "april 25, 1995", "may 2, 1995", "may 9, 1995", "may 16, 1995", "may 23, 1995", "june 12, 1995", "june 20, 1995", "july 4, 1995", "july 18, 1995", "july 25, 1995", "august 8, 1995"]}, {"col": "c3_number", "type": "INTEGER", "data": [18, 25, 2, 9, 16, 23, 12, 20, 4, 18, 25, 8]}, {"col": "c3_parsed", "type": "TEXT", "data": ["1995-04-18", "1995-04-25", "1995-05-02", "1995-05-09", "1995-05-16", "1995-05-23", "1995-06-12", "1995-06-20", "1995-07-04", "1995-07-18", "1995-07-25", "1995-08-08"]}, {"col": "c3_year", "type": "INTEGER", "data": [1995, 1995, 1995, 1995, 1995, 1995, 1995, 1995, 1995, 1995, 1995, 1995]}, {"col": "c3_month", "type": "INTEGER", "data": [4, 4, 5, 5, 5, 5, 6, 6, 7, 7, 7, 8]}, {"col": "c3_day", "type": "INTEGER", "data": [18, 25, 2, 9, 16, 23, 12, 20, 4, 18, 25, 8]}], [{"col": "c4", "type": "TEXT", "data": ["michael piller & bill dial", "michael piller & bill dial", "bob wilcox", "bill dial", "peter allan fields", "steve stolier & frederick rappaport", "john considine", "george geiger", "tim burns", "bob shane & ron friedman", "carol caldwell & marianne clarkson", "david rich"]}, {"col": "c4_list", "type": "LIST TEXT", "data": [["michael piller", "bill dial"], ["michael piller", "bill dial"], ["bob wilcox"], ["bill dial"], ["peter allan fields"], ["steve stolier", "frederick rappaport"], ["john considine"], ["george geiger"], ["tim burns"], ["bob shane", "ron friedman"], ["carol caldwell", "marianne clarkson"], ["david rich"]]}, {"col": "c4_length", "type": "INTEGER", "data": [2, 2, 1, 1, 1, 2, 1, 1, 1, 2, 2, 1]}], [{"col": "c5", "type": "TEXT", "data": ["charles correll", "william gereghty", "michael vejar", "william gereghty", "michael caffey", "james l. conway", "michael vejar", "charles correll", "bob balaban", "michael vejar", "charles correll", "steve shaw"]}]], "is_list": {"id": false, "agg": false, "c1": false, "c1_number": false, "c2": false, "c3": false, "c3_number": false, "c3_parsed": false, "c3_year": false, "c3_month": false, "c3_day": false, "c4": false, "c4_list": true, "c4_length": false, "c5": false}}