{"headers": ["id", "agg", "year", "competition", "venue", "position", "event", "notes"], "types": ["id", "agg", "number", "text", "address", "rank(text)", "unitnum", "time(text)"], "contents": [[{"col": "id", "type": "INTEGER", "data": [1, 2, 3, 4, 5, 6, 7, 8, 9, 10, 11, 12, 13, 14, 15, 16, 17, 18, 19, 20]}], [{"col": "agg", "type": "INTEGER", "data": [0, 0, 0, 0, 0, 0, 0, 0, 0, 0, 0, 0, 0, 0, 0, 0, 0, 0, 0, 0]}], [{"col": "c1", "type": "TEXT", "data": ["2003", "2004", "2004", "2007", "2007", "2008", "2008", "2009", "2009", "2009", "2010", "2011", "2011", "2012", "2013", "2013", "2013", "2013", "2013", "2014"]}, {"col": "c1_number", "type": "INTEGER", "data": [2003, 2004, 2004, 2007, 2007, 2008, 2008, 2009, 2009, 2009, 2010, 2011, 2011, 2012, 2013, 2013, 2013, 2013, 2013, 2014]}], [{"col": "c2", "type": "TEXT", "data": ["world youth championships", "world junior championships", "world junior championships", "world athletics final", "world championships", "world indoor championships", "olympic games", "mediterranean games", "world championships", "jeux de la francophonie", "african championships", "world championships", "pan arab games", "world indoor championships", "mediterranean games", "mediterranean games", "world championships", "jeux de la francophonie", "jeux de la francophonie", "world indoor championships"]}], [{"col": "c3", "type": "TEXT", "data": ["sherbrooke, canada", "grosseto, italy", "grosseto, italy", "stuttgart, germany", "osaka, japan", "valencia, spain", "beijing, china", "pescara, italy", "berlin, germany", "beirut, lebanon", "nairobi, kenya", "daegu, south korea", "doha, qatar", "istanbul, turkey", "mersin, turkey", "mersin, turkey", "moscow, russia", "nice, france", "nice, france", "sopot, poland"]}, {"col": "c3_address", "type": "LIST TEXT", "data": [["sherbrooke", "canada"], ["grosseto", "italy"], ["grosseto", "italy"], ["stuttgart", "germany"], ["osaka", "japan"], ["valencia", "spain"], ["beijing", "china"], ["pescara", "italy"], ["berlin", "germany"], ["beirut", "lebanon"], ["nairobi", "kenya"], ["daegu", "south korea"], ["doha", "qatar"], ["istanbul", "turkey"], ["mersin", "turkey"], ["mersin", "turkey"], ["moscow", "russia"], ["nice", "france"], ["nice", "france"], ["sopot", "poland"]]}], [{"col": "c4", "type": "TEXT", "data": ["1st", "3rd", "3rd", "8th", "31st (h)", "5th", "10th", "4th", "29th (h)", "2nd", "11th", "16th (sf)", "2nd", "11th (h)", "2nd", "1st", "11th", "4th", "2nd", "4th"]}, {"col": "c4_first", "type": "TEXT", "data": ["1st", "3rd", "3rd", "8th", "31st", "5th", "10th", "4th", "29th", "2nd", "11th", "16th", "2nd", "11th", "2nd", "1st", "11th", "4th", "2nd", "4th"]}, {"col": "c4_second", "type": "TEXT", "data": [null, null, null, null, "h", null, null, null, "h", null, null, "sf", null, "h", null, null, null, null, null, null]}, {"col": "c4_first_number", "type": "REAL", "data": [1.0, 3.0, 3.0, 8.0, 31.0, 5.0, 10.0, 4.0, 29.0, 2.0, 11.0, 16.0, 2.0, 11.0, 2.0, 1.0, 11.0, 4.0, 2.0, 4.0]}], [{"col": "c5", "type": "TEXT", "data": ["3000 m", "1500 m", "3000 m", "1500 m", "1500 m", "1500 m", "1500 m", "1500 m", "1500 m", "1500 m", "1500 m", "1500 m", "1500 m", "1500 m", "800 m", "1500 m", "1500 m", "800 m", "1500 m", "1500 m"]}, {"col": "c5_number", "type": "REAL", "data": [3000.0, 1500, 3000.0, 1500, 1500, 1500, 1500, 1500, 1500, 1500, 1500, 1500, 1500, 1500, 800.0, 1500, 1500, 800.0, 1500, 1500]}], [{"col": "c6", "type": "TEXT", "data": ["9:12.70", "4:17.39", "9:03.16 (pb)", "4:16.51", "4:22.12", "4:15.54", "4:05.57", "4:12.83", "4:10.57", "4:21.56", "4:20.98", "4:09.64", "4:20.83", "4:11.69", "2:00.79", "4:04.06", "4:09.16", "2:03.73", "4:18.89", "4:07.62"]}, {"col": "c6_first", "type": "TEXT", "data": ["9:12.70", "4:17.39", "9:03.16", "4:16.51", "4:22.12", "4:15.54", "4:05.57", "4:12.83", "4:10.57", "4:21.56", "4:20.98", "4:09.64", "4:20.83", "4:11.69", "2:00.79", "4:04.06", "4:09.16", "2:03.73", "4:18.89", "4:07.62"]}, {"col": "c6_second", "type": "TEXT", "data": [null, null, "pb", null, null, null, null, null, null, null, null, null, null, null, null, null, null, null, null, null]}, {"col": "c6_first_number", "type": "INTEGER", "data": [9, 4, 9, 4, 4, 4, 4, 4, 4, 4, 4, 4, 4, 4, 2, 4, 4, 2, 4, 4]}, {"col": "c6_first_min", "type": "INTEGER", "data": [9, 4, 9, 4, 4, 4, 4, 4, 4, 4, 4, 4, 4, 4, 2, 4, 4, 2, 4, 4]}, {"col": "c6_first_sec", "type": "REAL", "data": [12.7, 17.39, 3.16, 16.51, 22.12, 15.54, 5.57, 12.83, 10.57, 21.56, 20.98, 9.64, 20.83, 11.69, 0.79, 4.06, 9.16, 3.73, 18.89, 7.62]}]], "is_list": {"id": false, "agg": false, "c1": false, "c1_number": false, "c2": false, "c3": false, "c3_address": true, "c4": false, "c4_first": false, "c4_second": false, "c4_first_number": false, "c5": false, "c5_number": false, "c6": false, "c6_first": false, "c6_second": false, "c6_first_number": false, "c6_first_min": false, "c6_first_sec": false}}