{"headers": ["id", "agg", "network name", "flagship", "programming type", "owner", "affiliates"], "types": ["id", "agg", "text", "text", "<ca,text>", "text", "number"], "contents": [[{"col": "id", "type": "INTEGER", "data": [1, 2, 3, 4, 5, 6, 7]}], [{"col": "agg", "type": "INTEGER", "data": [0, 0, 0, 0, 0, 0, 0]}], [{"col": "c1", "type": "TEXT", "data": ["canal de las estrellas", "canal 5", "azteca 7", "galavision", "once tv", "azteca 13", "independent"]}], [{"col": "c2", "type": "TEXT", "data": ["xew 2", "xhgc 5", "xhimt 7", "xeq 9", "xeipn 11", "xhdf 13", null]}], [{"col": "c3", "type": "TEXT", "data": ["soap operas, retro movies and sports", "cartoons, movies, and series", "sports, series, and movies", "retro programming and sports", "educational and cultural", "news, soap operas, and sports", "varies"]}, {"col": "c3_list", "type": "LIST TEXT", "data": [["soap operas", "retro movies", "sports"], ["cartoons", "movies", "and series"], ["sports", "series", "and movies"], ["retro programming", "sports"], ["educational", "cultural"], ["news", "soap operas", "and sports"], ["varies"]]}, {"col": "c3_length", "type": "INTEGER", "data": [3, 3, 3, 2, 2, 3, 1]}], [{"col": "c4", "type": "TEXT", "data": ["televisa", "televisa", "tv azteca", "televisa", "national polytechnic institute", "tv azteca", "independent"]}], [{"col": "c5", "type": "TEXT", "data": ["1", "1", "1", "1", "1", "1", "2"]}, {"col": "c5_number", "type": "REAL", "data": [1.0, 1.0, 1.0, 1.0, 1.0, 1.0, 2.0]}]], "is_list": {"id": false, "agg": false, "c1": false, "c2": false, "c3": false, "c3_list": true, "c3_length": false, "c4": false, "c5": false, "c5_number": false}}