{"headers": ["id", "agg", "position", "club", "played", "points", "wins", "draws", "losses", "goals for", "goals against", "goal difference"], "types": ["id", "agg", "number", "text", "number", "number", "number", "number", "number", "number", "number", "number"], "contents": [[{"col": "id", "type": "INTEGER", "data": [1, 2, 3, 4, 5, 6, 7, 8, 9, 10, 11, 12, 13, 14, 15, 16, 17, 18, 19, 20, 21, 22]}], [{"col": "agg", "type": "INTEGER", "data": [0, 0, 0, 0, 0, 0, 0, 0, 0, 0, 0, 0, 0, 0, 0, 0, 0, 0, 0, 0, 0, 0]}], [{"col": "c1", "type": "TEXT", "data": ["1", "2", "3", "4", "5", "6", "7", "8", "9", "10", "11", "12", "13", "14", "15", "16", "17", "18", "19", "20", "21", "22"]}, {"col": "c1_number", "type": "REAL", "data": [1.0, 2.0, 3.0, 4.0, 5.0, 6.0, 7.0, 8.0, 9.0, 10.0, 11.0, 12.0, 13.0, 14.0, 15.0, 16.0, 17.0, 18.0, 19.0, 20.0, 21.0, 22.0]}], [{"col": "c2", "type": "TEXT", "data": ["malaga cf", "atletico de madrid b 1", "cd numancia", "sevilla fc", "rayo vallecano", "ud las palmas", "cd toledo", "sd compostela", "sporting de gijon", "cp merida", "ue lleida", "recreativo de huelva", "ca osasuna", "cd badajoz", "albacete", "cd logrones", "cd leganes", "sd eibar", "mallorca b", "barcelona b", "hercules cf", "cd ourense"]}], [{"col": "c3", "type": "TEXT", "data": ["42", "42", "42", "42", "42", "42", "42", "42", "42", "42", "42", "42", "42", "42", "42", "42", "42", "42", "42", "42", "42", "42"]}, {"col": "c3_number", "type": "REAL", "data": [42.0, 42.0, 42.0, 42.0, 42.0, 42.0, 42.0, 42.0, 42.0, 42.0, 42.0, 42.0, 42.0, 42.0, 42.0, 42.0, 42.0, 42.0, 42.0, 42.0, 42.0, 42.0]}], [{"col": "c4", "type": "TEXT", "data": ["79", "74", "73", "71", "71", "68", "65", "61", "59", "59", "59", "58", "57", "51", "50", "48", "47", "47", "46", "44", "40", "27"]}, {"col": "c4_number", "type": "REAL", "data": [79.0, 74.0, 73.0, 71.0, 71.0, 68.0, 65.0, 61.0, 59.0, 59.0, 59.0, 58.0, 57.0, 51.0, 50.0, 48.0, 47.0, 47.0, 46.0, 44.0, 40.0, 27.0]}], [{"col": "c5", "type": "TEXT", "data": ["22", "21", "21", "20", "19", "17", "18", "16", "16", "15", "15", "14", "15", "12", "12", "12", "10", "13", "12", "13", "10", "7"]}, {"col": "c5_number", "type": "REAL", "data": [22.0, 21.0, 21.0, 20.0, 19.0, 17.0, 18.0, 16.0, 16.0, 15.0, 15.0, 14.0, 15.0, 12.0, 12.0, 12.0, 10.0, 13.0, 12.0, 13.0, 10.0, 7.0]}], [{"col": "c6", "type": "TEXT", "data": ["13", "11", "10", "11", "14", "17", "11", "13", "11", "14", "14", "16", "12", "15", "14", "12", "17", "8", "10", "5", "10", "6"]}, {"col": "c6_number", "type": "REAL", "data": [13.0, 11.0, 10.0, 11.0, 14.0, 17.0, 11.0, 13.0, 11.0, 14.0, 14.0, 16.0, 12.0, 15.0, 14.0, 12.0, 17.0, 8.0, 10.0, 5.0, 10.0, 6.0]}], [{"col": "c7", "type": "TEXT", "data": ["7", "10", "11", "11", "9", "8", "13", "13", "15", "13", "13", "12", "15", "15", "16", "18", "15", "21", "20", "24", "22", "29"]}, {"col": "c7_number", "type": "REAL", "data": [7.0, 10.0, 11.0, 11.0, 9.0, 8.0, 13.0, 13.0, 15.0, 13.0, 13.0, 12.0, 15.0, 15.0, 16.0, 18.0, 15.0, 21.0, 20.0, 24.0, 22.0, 29.0]}], [{"col": "c8", "type": "TEXT", "data": ["72", "73", "68", "66", "64", "57", "54", "60", "47", "48", "52", "40", "44", "35", "38", "48", "36", "42", "52", "51", "38", "35"]}, {"col": "c8_number", "type": "REAL", "data": [72.0, 73.0, 68.0, 66.0, 64.0, 57.0, 54.0, 60.0, 47.0, 48.0, 52.0, 40.0, 44.0, 35.0, 38.0, 48.0, 36.0, 42.0, 52.0, 51.0, 38.0, 35.0]}], [{"col": "c9", "type": "TEXT", "data": ["47", "51", "40", "50", "49", "38", "49", "53", "47", "41", "50", "35", "51", "39", "43", "57", "44", "56", "64", "68", "66", "82"]}, {"col": "c9_number", "type": "REAL", "data": [47.0, 51.0, 40.0, 50.0, 49.0, 38.0, 49.0, 53.0, 47.0, 41.0, 50.0, 35.0, 51.0, 39.0, 43.0, 57.0, 44.0, 56.0, 64.0, 68.0, 66.0, 82.0]}], [{"col": "c10", "type": "TEXT", "data": ["25", "22", "28", "16", "15", "19", "5", "7", "0", "7", "2", "5", "-7", "-4", "-5", "-9", "-8", "-14", "-12", "-17", "-28", "-47"]}, {"col": "c10_number", "type": "REAL", "data": [25.0, 22.0, 28.0, 16.0, 15.0, 19.0, 5.0, 7.0, 0.0, 7.0, 2.0, 5.0, -7, -4, -5, -9, -8, -14, -12, -17, -28, -47]}]], "is_list": {"id": false, "agg": false, "c1": false, "c1_number": false, "c2": false, "c3": false, "c3_number": false, "c4": false, "c4_number": false, "c5": false, "c5_number": false, "c6": false, "c6_number": false, "c7": false, "c7_number": false, "c8": false, "c8_number": false, "c9": false, "c9_number": false, "c10": false, "c10_number": false}}