{"headers": ["id", "agg", "year", "award", "category", "recipient", "result"], "types": ["id", "agg", "number", "text", "text", "text", "text"], "contents": [[{"col": "id", "type": "INTEGER", "data": [1, 2, 3, 4, 5, 6, 7, 8, 9, 10, 11, 12, 13, 14, 15, 16, 17]}], [{"col": "agg", "type": "INTEGER", "data": [0, 0, 0, 0, 0, 0, 0, 0, 0, 0, 0, 0, 0, 0, 0, 0, 0]}], [{"col": "c1", "type": "TEXT", "data": ["2012", "2012", "2012", "2012", "2012", "2012", "2013", "2013", "2013", "2013", "2013", "2013", "2013", "2013", "2013", "2014", "2014"]}, {"col": "c1_number", "type": "INTEGER", "data": [2012, 2012, 2012, 2012, 2012, 2012, 2013, 2013, 2013, 2013, 2013, 2013, 2013, 2013, 2013, 2014, 2014]}], [{"col": "c2", "type": "TEXT", "data": ["cyworld digital music awards", "asia song festival", "4th melon music awards", "soompi gayo awards", "so-loved awards", "14th mnet asian music awards", "27th golden disk awards", "23rd seoul music awards", "mnet pre-grammy awards", "2nd gaon chart k-pop awards", "5th melon music awards", "15th mnet asian music awards", "15th mnet asian music awards", "15th mnet asian music awards", "15th mnet asian music awards", "28th golden disk awards", "soompi music awards"]}], [{"col": "c3", "type": "TEXT", "data": ["rookie & song of the month (february)", "new artist award", "best new artist", "top 50 songs (#3)", "best female newcomer", "best new female artist", "best new artist", "rookie award", "mnet rising star", "new female solo artist", "top 10 artists", "best female artist", "artist of the year", "best vocal performance - female", "bc - unionpay song of the year", "digital bonsang", "best female artist"]}], [{"col": "c4", "type": "TEXT", "data": ["\"heaven\"", "herself", "herself", "\"heaven\"", "herself", "herself", "herself", "herself", "herself", "herself", "herself", "herself", "herself", "\"u&i\"", "\"u&i\"", "\"u&i\"", "\"u&i\""]}], [{"col": "c5", "type": "TEXT", "data": ["won", "won", "won", "won", "won", "won", "won", "won", "won", "won", "won", "nominated", "nominated", "won", "nominated", "won", "won"]}]], "is_list": {"id": false, "agg": false, "c1": false, "c1_number": false, "c2": false, "c3": false, "c4": false, "c5": false}}