{"headers": ["id", "agg", "departure", "going to", "calling at", "arrival", "operator"], "types": ["id", "agg", "number", "<f,text>", "<c,text>", "<f,number>", "text"], "contents": [[{"col": "id", "type": "INTEGER", "data": [1, 2, 3, 4, 5, 6, 7, 8, 9, 10, 11, 12, 13, 14, 15, 16, 17, 18, 19, 20, 21, 22, 23, 24, 25, 26, 27, 28, 29]}], [{"col": "agg", "type": "INTEGER", "data": [0, 0, 0, 0, 0, 0, 0, 0, 0, 0, 0, 0, 0, 0, 0, 0, 0, 0, 0, 0, 0, 0, 0, 0, 0, 0, 0, 0, 0]}], [{"col": "c1", "type": "TEXT", "data": ["7", "8.16", "8.16", "8.17", "8.2", "9.5", "10.02", "10.05", "10.48", "11.01", "11.34", "11.34", "11.37", "12.43", "13.48", "13.48", "13.49", "14", "16.19", "16.25", "16.48", "17", "17.55", "18.51", "18.58", "19.22", "19.46", "21.54", "22.04"]}, {"col": "c1_number", "type": "REAL", "data": [7.0, 8.16, 8.16, 8.17, 8.2, 9.5, 10.02, 10.05, 10.48, 11.01, 11.34, 11.34, 11.37, 12.43, 13.48, 13.48, 13.49, 14.0, 16.19, 16.25, 16.48, 17.0, 17.55, 18.51, 18.58, 19.22, 19.46, 21.54, 22.04]}], [{"col": "c2", "type": "TEXT", "data": ["boston", "lincoln", "march", "grantham", "bourne", "grantham", "boston", "bourne", "march", "skegness / mablethorpe", "boston", "grantham", "doncaster", "lowestoft", "bourne", "grantham", "march", "york", "boston", "bourne", "lincoln", "march", "nottingham victoria", "grantham", "march", "boston", "doncaster", "doncaster", "grantham"]}, {"col": "c2_list", "type": "LIST TEXT", "data": [["boston"], ["lincoln"], ["march"], ["grantham"], ["bourne"], ["grantham"], ["boston"], ["bourne"], ["march"], ["skegness", "mablethorpe"], ["boston"], ["grantham"], ["doncaster"], ["lowestoft"], ["bourne"], ["grantham"], ["march"], ["york"], ["boston"], ["bourne"], ["lincoln"], ["march"], ["nottingham victoria"], ["grantham"], ["march"], ["boston"], ["doncaster"], ["doncaster"], ["grantham"]]}, {"col": "c2_length", "type": "INTEGER", "data": [1, 1, 1, 1, 1, 1, 1, 1, 1, 2, 1, 1, 1, 1, 1, 1, 1, 1, 1, 1, 1, 1, 1, 1, 1, 1, 1, 1, 1]}], [{"col": "c3", "type": "TEXT", "data": ["heckington, swineshead, hubbert's bridge", "ruskington, digby, scopwick & timberland, blankney & metheringham, nocton & dunston, potterhanworth, branston & heighington", "helpringham, donington road, gosberton, pinckbeck, spalding, cowbit, postland, french drove, murrow, guyhirne", "rauceby, ancaster, barkston", "aswarby & scredington, billingborough & horbling, rippingale, morton road", "rauceby, ancaster, honington", "heckington, swineshead, hubbert's bridge", "aswarby & scredington, billingborough & horbling, rippingale, morton road", "helpringham, donington road, gosberton, pinckbeck, spalding, cowbit, postland, french drove, murrow, guyhirne", "boston, firsby: part to skegness. part to willoughby, sutton-on-sea, mablethorpe", "heckington, swineshead, hubbert's bridge", "rauceby, ancaster, barkston, honington", "ruskington, digby, scopwick & timberland, blankney & metheringham, nocton & dunston, potterhanworth, branston & heighington, lincoln, saxilby, stow park, lea, gainsborough, beckingham, walkeringham, misterton, haxey & epworth, park drain, finningley", "spalding, march, shippea hill, brandon, thetford, attleborough, wymondham, norwich, oulton broad", "aswarby & scredington, billingborough & horbling, rippingale, morton road", "rauceby, ancaster, honington", "helpringham, donington road, gosberton, pinckbeck, spalding, cowbit, postland, french drove, murrow, guyhirne", "lincoln, gainsborough, doncaster, selby", "heckington, swineshead, hubbert's bridge", "aswarby & scredington, billingborough & horbling, rippingale, morton road", "ruskington, digby, scopwick & timberland, blankney & metheringham, nocton & dunston, potterhanworth, branston & heighington", "helpringham, donington road, gosberton, pinckbeck, spalding, cowbit, postland, french drove, murrow, guyhirne", null, "rauceby, ancaster, honington, barkston", "helpringham, donington road, gosberton, pinckbeck, spalding, cowbit, postland, french drove, murrow, guyhirne", "heckington, swineshead, hubbert's bridge", "blankney & metheringham, lincoln, gainsborough", "ruskington, digby, blankney & metheringham, nocton & dunston, potterhanworth, branston & heighington, lincoln, saxilby, gainsborough, misterton", null]}, {"col": "c3_list", "type": "LIST TEXT", "data": [["heckington", "swineshead", "hubbert's bridge"], ["ruskington", "digby", "scopwick & timberland", "blankney & metheringham", "nocton & dunston", "potterhanworth", "branston & heighington"], ["helpringham", "donington road", "gosberton", "pinckbeck", "spalding", "cowbit", "postland", "french drove", "murrow", "guyhirne"], ["rauceby", "ancaster", "barkston"], ["aswarby & scredington", "billingborough & horbling", "rippingale", "morton road"], ["rauceby", "ancaster", "honington"], ["heckington", "swineshead", "hubbert's bridge"], ["aswarby & scredington", "billingborough & horbling", "rippingale", "morton road"], ["helpringham", "donington road", "gosberton", "pinckbeck", "spalding", "cowbit", "postland", "french drove", "murrow", "guyhirne"], ["boston", "firsby: part to skegness. part to willoughby", "sutton-on-sea", "mablethorpe"], ["heckington", "swineshead", "hubbert's bridge"], ["rauceby", "ancaster", "barkston", "honington"], ["ruskington", "digby", "scopwick & timberland", "blankney & metheringham", "nocton & dunston", "potterhanworth", "branston & heighington", "lincoln", "saxilby", "stow park", "lea", "gainsborough", "beckingham", "walkeringham", "misterton", "haxey & epworth", "park drain", "finningley"], ["spalding", "march", "shippea hill", "brandon", "thetford", "attleborough", "wymondham", "norwich", "oulton broad"], ["aswarby & scredington", "billingborough & horbling", "rippingale", "morton road"], ["rauceby", "ancaster", "honington"], ["helpringham", "donington road", "gosberton", "pinckbeck", "spalding", "cowbit", "postland", "french drove", "murrow", "guyhirne"], ["lincoln", "gainsborough", "doncaster", "selby"], ["heckington", "swineshead", "hubbert's bridge"], ["aswarby & scredington", "billingborough & horbling", "rippingale", "morton road"], ["ruskington", "digby", "scopwick & timberland", "blankney & metheringham", "nocton & dunston", "potterhanworth", "branston & heighington"], ["helpringham", "donington road", "gosberton", "pinckbeck", "spalding", "cowbit", "postland", "french drove", "murrow", "guyhirne"], [], ["rauceby", "ancaster", "honington", "barkston"], ["helpringham", "donington road", "gosberton", "pinckbeck", "spalding", "cowbit", "postland", "french drove", "murrow", "guyhirne"], ["heckington", "swineshead", "hubbert's bridge"], ["blankney & metheringham", "lincoln", "gainsborough"], ["ruskington", "digby", "blankney & metheringham", "nocton & dunston", "potterhanworth", "branston & heighington", "lincoln", "saxilby", "gainsborough", "misterton"], []]}, {"col": "c3_length", "type": "INTEGER", "data": [3, 7, 10, 3, 4, 3, 3, 4, 10, 4, 3, 4, 18, 9, 4, 3, 10, 4, 3, 4, 7, 10, 0, 4, 10, 3, 3, 10, 0]}], [{"col": "c4", "type": "TEXT", "data": ["7.32", "9.05", "9.38", "8.45", "9", "10.2", "10.33", "10.41", "12.12", "12.08 / 12.20", "12.07", "12.05", "9.05", "16.1", "14.24", "14.21", "15.23", "16.33", "16.51", "17", "17.37", "18.27", "18.46", "19.28", "20.2", "19.55", "21.22", "23.45", "22.27"]}, {"col": "c4_list", "type": "LIST TEXT", "data": [["7.32"], ["9.05"], ["9.38"], ["8.45"], ["9"], ["10.2"], ["10.33"], ["10.41"], ["12.12"], ["12.08", "12.20"], ["12.07"], ["12.05"], ["9.05"], ["16.1"], ["14.24"], ["14.21"], ["15.23"], ["16.33"], ["16.51"], ["17"], ["17.37"], ["18.27"], ["18.46"], ["19.28"], ["20.2"], ["19.55"], ["21.22"], ["23.45"], ["22.27"]]}, {"col": "c4_length", "type": "INTEGER", "data": [1, 1, 1, 1, 1, 1, 1, 1, 1, 2, 1, 1, 1, 1, 1, 1, 1, 1, 1, 1, 1, 1, 1, 1, 1, 1, 1, 1, 1]}, {"col": "c4_list_number", "type": "LIST REAL", "data": [[7.32], [9.05], [9.38], [8.45], [9.0], [10.2], [10.33], [10.41], [12.12], [12.08, 12.2], [12.07], [12.05], [9.05], [16.1], [14.24], [14.21], [15.23], [16.33], [16.51], [17.0], [17.37], [18.27], [18.46], [19.28], [20.2], [19.55], [21.22], [23.45], [22.27]]}], [{"col": "c5", "type": "TEXT", "data": ["gnr", "gn&ge", "gn&ge", "gnr", "gnr", "gnr", "gnr", "gnr", "gn&ge", "gnr", "gnr", "gnr", "gn&ge", "gn&ge", "gnr", "gnr", "gn&ge", "gn&ge", "gnr", "gnr", "gn&ge", "gn&ge", "gnr", "gnr", "gn&ge", "gnr", "gn&ge", "gn&ge", "gnr"]}]], "is_list": {"id": false, "agg": false, "c1": false, "c1_number": false, "c2": false, "c2_list": true, "c2_length": false, "c3": false, "c3_list": true, "c3_length": false, "c4": false, "c4_list": true, "c4_length": false, "c4_list_number": true, "c5": false}}