{"headers": ["id", "agg", "pos", "no.", "driver", "team", "laps", "time/retired", "grid", "laps led", "points"], "types": ["id", "agg", "number", "number", "text(text)", "text", "number", "text", "number", "number", "number"], "contents": [[{"col": "id", "type": "INTEGER", "data": [1, 2, 3, 4, 5, 6, 7, 8, 9, 10, 11, 12, 13, 14, 15, 16, 17, 18, 19, 20, 21]}], [{"col": "agg", "type": "INTEGER", "data": [0, 0, 0, 0, 0, 0, 0, 0, 0, 0, 0, 0, 0, 0, 0, 0, 0, 0, 0, 0, 0]}], [{"col": "c1", "type": "TEXT", "data": ["1", "2", "3", "4", "5", "6", "7", "8", "9", "10", "11", "12", "13", "14", "15", "16", "17", "18", "19", "20", "21"]}, {"col": "c1_number", "type": "REAL", "data": [1.0, 2.0, 3.0, 4.0, 5.0, 6.0, 7.0, 8.0, 9.0, 10.0, 11.0, 12.0, 13.0, 14.0, 15.0, 16.0, 17.0, 18.0, 19.0, 20.0, 21.0]}], [{"col": "c2", "type": "TEXT", "data": ["9", "6", "10", "14", "27", "26", "5", "2", "2", "11", "6", "3", "18", "33", "13", "4", "20", "98", "7", "24", "23"]}, {"col": "c2_number", "type": "REAL", "data": [9.0, 6.0, 10.0, 14.0, 27.0, 26.0, 5.0, 2.0, 2.0, 11.0, 6.0, 3.0, 18.0, 33.0, 13.0, 4.0, 20.0, 98.0, 7.0, 24.0, 23.0]}], [{"col": "c3", "type": "TEXT", "data": ["scott dixon", "ryan briscoe", "dario franchitti", "ryan hunter-reay", "hideki mutoh", "marco andretti", "paul tracy", "graham rahal", "raphael matos (r)", "tony kanaan", "oriol servia", "helio castroneves", "justin wilson", "robert doornbos (r)", "e. j. viso", "dan wheldon", "ed carpenter", "richard antinucci", "danica patrick", "mike conway (r)", "milka duno"]}, {"col": "c3_first", "type": "TEXT", "data": ["scott dixon", "ryan briscoe", "dario franchitti", "ryan hunter-reay", "hideki mutoh", "marco andretti", "paul tracy", "graham rahal", "raphael matos", "tony kanaan", "oriol servia", "helio castroneves", "justin wilson", "robert doornbos", "e. j. viso", "dan wheldon", "ed carpenter", "richard antinucci", "danica patrick", "mike conway", "milka duno"]}, {"col": "c3_second", "type": "TEXT", "data": [null, null, null, null, null, null, null, null, "r", null, null, null, null, "r", null, null, null, null, null, "r", null]}], [{"col": "c4", "type": "TEXT", "data": ["chip ganassi racing", "penske racing", "chip ganassi racing", "a. j. foyt enterprises", "andretti green racing", "andretti green racing", "kv racing technology", "newman/haas/lanigan racing", "luczo-dragon racing", "andretti green racing", "newman/haas/lanigan racing", "penske racing", "dale coyne racing", "hvm racing", "hvm racing", "panther racing", "vision racing", "team 3g", "andretti green racing", "dreyer & reinbold racing", "dreyer & reinbold racing"]}], [{"col": "c5", "type": "TEXT", "data": ["85", "85", "85", "85", "85", "85", "85", "85", "85", "85", "85", "85", "85", "85", "84", "84", "84", "83", "83", "69", "56"]}, {"col": "c5_number", "type": "REAL", "data": [85.0, 85.0, 85.0, 85.0, 85.0, 85.0, 85.0, 85.0, 85.0, 85.0, 85.0, 85.0, 85.0, 85.0, 84.0, 84.0, 84.0, 83.0, 83.0, 69.0, 56.0]}], [{"col": "c6", "type": "TEXT", "data": ["1:46:05.7985", "+ 29.7803", "+ 30.0551", "+ 33.7307", "+ 34.1839", "+ 46.7669", "+ 49.7020", "+ 50.4517", "+ 51.2286", "+ 52.0810", "+ 52.6215", "+ 53.2362", "+ 53.5768", "+ 1:10.0812", "+ 1 lap", "+ 1 lap", "+ 1 lap", "+ 2 laps", "+ 2 laps", "mechanical", "handling"]}], [{"col": "c7", "type": "TEXT", "data": ["3", "1", "6", "7", "11", "13", "10", "4", "15", "8", "14", "5", "2", "18", "9", "17", "21", "19", "12", "16", "20"]}, {"col": "c7_number", "type": "REAL", "data": [3.0, 1.0, 6.0, 7.0, 11.0, 13.0, 10.0, 4.0, 15.0, 8.0, 14.0, 5.0, 2.0, 18.0, 9.0, 17.0, 21.0, 19.0, 12.0, 16.0, 20.0]}], [{"col": "c8", "type": "TEXT", "data": ["51", "6", "0", "0", "0", "0", "0", "0", "0", "0", "0", "0", "28", "0", "0", "0", "0", "0", "0", "0", "0"]}, {"col": "c8_number", "type": "REAL", "data": [51.0, 6.0, 0.0, 0.0, 0.0, 0.0, 0.0, 0.0, 0.0, 0.0, 0.0, 0.0, 28.0, 0.0, 0.0, 0.0, 0.0, 0.0, 0.0, 0.0, 0.0]}], [{"col": "c9", "type": "TEXT", "data": ["52", "41", "35", "32", "30", "28", "26", "24", "22", "20", "19", "18", "17", "16", "15", "14", "13", "12", "12", "12", "12"]}, {"col": "c9_number", "type": "REAL", "data": [52.0, 41.0, 35.0, 32.0, 30.0, 28.0, 26.0, 24.0, 22.0, 20.0, 19.0, 18.0, 17.0, 16.0, 15.0, 14.0, 13.0, 12.0, 12.0, 12.0, 12.0]}]], "is_list": {"id": false, "agg": false, "c1": false, "c1_number": false, "c2": false, "c2_number": false, "c3": false, "c3_first": false, "c3_second": false, "c4": false, "c5": false, "c5_number": false, "c6": false, "c7": false, "c7_number": false, "c8": false, "c8_number": false, "c9": false, "c9_number": false}}