{"headers": ["id", "agg", "rank", "name", "nationality", "time", "notes"], "types": ["id", "agg", "number", "text", "text", "time", "text"], "contents": [[{"col": "id", "type": "INTEGER", "data": [1, 2, 3, 4, 5, 6, 7, 8]}], [{"col": "agg", "type": "INTEGER", "data": [0, 0, 0, 0, 0, 0, 0, 0]}], [{"col": "c1", "type": "TEXT", "data": ["1", "2", "3", "4", "5", "6", "7", "8"]}, {"col": "c1_number", "type": "REAL", "data": [1.0, 2.0, 3.0, 4.0, 5.0, 6.0, 7.0, 8.0]}], [{"col": "c2", "type": "TEXT", "data": ["janelle atkinson", null, "kaitlin sandeno", "julia stowers", null, null, null, null]}], [{"col": "c3", "type": "TEXT", "data": ["jamaica", null, "united states", "united states", null, null, null, null]}], [{"col": "c4", "type": "TEXT", "data": ["4:16.89", null, "4:18.97", "4:19.84", null, null, null, null]}, {"col": "c4_number", "type": "INTEGER", "data": [4, null, 4, 4, null, null, null, null]}, {"col": "c4_min", "type": "INTEGER", "data": [4, null, 4, 4, null, null, null, null]}, {"col": "c4_sec", "type": "REAL", "data": [16.89, null, 18.97, 19.84, null, null, null, null]}], [{"col": "c5", "type": "TEXT", "data": ["q", "q", "q", "q", "q", "q", "q", "q"]}]], "is_list": {"id": false, "agg": false, "c1": false, "c1_number": false, "c2": false, "c3": false, "c4": false, "c4_number": false, "c4_min": false, "c4_sec": false, "c5": false}}