{"headers": ["id", "agg", "year", "date", "venue", "city", "country", "notes"], "types": ["id", "agg", "number", "timespan", "text", "address", "text", "text"], "contents": [[{"col": "id", "type": "INTEGER", "data": [1, 2, 3, 4, 5, 6, 7, 8, 9, 10, 11, 12, 13, 14, 15, 16, 17, 18, 19, 20]}], [{"col": "agg", "type": "INTEGER", "data": [0, 0, 0, 0, 0, 0, 0, 0, 0, 0, 0, 0, 0, 0, 0, 0, 0, 0, 0, 0]}], [{"col": "c1", "type": "TEXT", "data": ["2012", "2011", "2010", "2009", "2008", "2007", "2006", "2005", "2004", "2003", "2002", "2001", "2000", "1999", "1998", "1997", "1996", "1995", "1994", "1993"]}, {"col": "c1_number", "type": "INTEGER", "data": [2012, 2011, 2010, 2009, 2008, 2007, 2006, 2005, 2004, 2003, 2002, 2001, 2000, 1999, 1998, 1997, 1996, 1995, 1994, 1993]}], [{"col": "c2", "type": "TEXT", "data": ["oct 27 - 31", "noc 28 - dec 1st", "oct 25 - 29", "oct 19 - 24", "oct 27 - nov 1", "sep 24-29", "oct 23-27", "nov 6-11", "oct 10-16", "nov 2-8", "dec 1-6", "sep 30 - oct 5", "oct 30 - nov 3", "oct 30 - nov 5", "sep 12-16", "nov 9-13", "nov 18 - 22", "nov 5-9", "oct 15-20", "aug 1-6"]}, {"col": "c2_minimum_number", "type": "REAL", "data": [-10, 28.0, -10, -10, -10, -9, -10, -11, -10, -11, -12, -9, -10, -10, -9, -11, -11, -11, -10, -8]}, {"col": "c2_minimum_parsed", "type": "TEXT", "data": ["xxxx-10-27", "28.0", "xxxx-10-25", "xxxx-10-19", "xxxx-10-27", "xxxx-09-24", "xxxx-10-23", "xxxx-11-06", "xxxx-10-10", "xxxx-11-02", "xxxx-12-01", "xxxx-09-30", "xxxx-10-30", "xxxx-10-30", "xxxx-09-12", "xxxx-11-09", "xxxx-11-18", "xxxx-11-05", "xxxx-10-15", "xxxx-08-01"]}, {"col": "c2_minimum_day", "type": "INTEGER", "data": [27, null, 25, 19, 27, 24, 23, 6, 10, 2, 1, 30, 30, 30, 12, 9, 18, 5, 15, 1]}, {"col": "c2_minimum_month", "type": "INTEGER", "data": [10, null, 10, 10, 10, 9, 10, 11, 10, 11, 12, 9, 10, 10, 9, 11, 11, 11, 10, 8]}, {"col": "c2_minimum_year", "type": "INTEGER", "data": [-1, 28, -1, -1, -1, -1, -1, -1, -1, -1, -1, -1, -1, -1, -1, -1, -1, -1, -1, -1]}, {"col": "c2_maximum_number", "type": "INTEGER", "data": [-10, -12, -10, -10, -11, -9, -10, -11, -10, -11, -12, -10, -11, -11, -9, -11, -11, -11, -10, -8]}, {"col": "c2_maximum_parsed", "type": "TEXT", "data": ["xxxx-10-31", "xxxx-12-01", "xxxx-10-29", "xxxx-10-24", "xxxx-11-01", "xxxx-09-29", "xxxx-10-27", "xxxx-11-11", "xxxx-10-16", "xxxx-11-08", "xxxx-12-06", "xxxx-10-05", "xxxx-11-03", "xxxx-11-05", "xxxx-09-16", "xxxx-11-13", "xxxx-11-22", "xxxx-11-09", "xxxx-10-20", "xxxx-08-06"]}, {"col": "c2_maximum_day", "type": "INTEGER", "data": [31, 1, 29, 24, 1, 29, 27, 11, 16, 8, 6, 5, 3, 5, 16, 13, 22, 9, 20, 6]}, {"col": "c2_maximum_month", "type": "INTEGER", "data": [10, 12, 10, 10, 11, 9, 10, 11, 10, 11, 12, 10, 11, 11, 9, 11, 11, 11, 10, 8]}, {"col": "c2_maximum_year", "type": "INTEGER", "data": [-1, -1, -1, -1, -1, -1, -1, -1, -1, -1, -1, -1, -1, -1, -1, -1, -1, -1, -1, -1]}], [{"col": "c3", "type": "TEXT", "data": ["nara prefectural new public hall", "hyatt regency scottsdale resort and spa @ gainey ranch", "palazzo degli affari", "beijing hotel", "pan pacific hotel", "university of augsburg", "fess parker's doubletree resort hotel", "hilton", null, null, null, null, "marina del rey", null, "university of bristol", null, "hynes convention center", null, null, null]}], [{"col": "c4", "type": "TEXT", "data": ["nara", "scottsdale, arizona", "firenze", "beijing", "vancouver, bc", "augsburg", "santa barbara", "singapore", "new york", "berkeley, california", "juan-les-pins on the french riviera", "ottawa", "los angeles, ca", "orlando, florida", "bristol", "seattle, wa", "boston, ma", "san francisco, ca", "san francisco, ca", "anaheim, ca"]}, {"col": "c4_address", "type": "LIST TEXT", "data": [["nara"], ["scottsdale", "arizona"], ["firenze"], ["beijing"], ["vancouver", "bc"], ["augsburg"], ["santa barbara"], ["singapore"], ["new york"], ["berkeley", "california"], ["juan-les-pins on the french riviera"], ["ottawa"], ["los angeles", "ca"], ["orlando", "florida"], ["bristol"], ["seattle", "wa"], ["boston", "ma"], ["san francisco", "ca"], ["san francisco", "ca"], ["anaheim", "ca"]]}], [{"col": "c5", "type": "TEXT", "data": ["japan", "usa", "italy", "china", "canada", "germany", "usa", "singapore", "usa", "usa", "france", "canada", "usa", "usa", "united kingdom", "usa", "usa", "usa", "usa", "usa"]}], [{"col": "c6", "type": "TEXT", "data": [null, null, null, null, null, null, "isbn 1-59593-447-2", "isbn 1-59593-044-2", "isbn 1-58113-893-8", "isbn 1-58113-722-2", "isbn 1-58113-620-x", "isbn 1-58113-394-4", "proceedings: isbn 1-58113-198-4; workshops: isbn 1-58113-311-1", "proc. part 1: isbn 1-58113-151-8; proc. part 2: isbn 1-58113-239-5", "isbn 0-201-30990-4", "isbn 0-89791-991-2", "isbn 0-89791-871-1", "isbn 0-89791-751-0", "isbn 0-89791-686-7", "isbn 0-89791-596-8"]}]], "is_list": {"id": false, "agg": false, "c1": false, "c1_number": false, "c2": false, "c2_minimum_number": false, "c2_minimum_parsed": false, "c2_minimum_day": false, "c2_minimum_month": false, "c2_minimum_year": false, "c2_maximum_number": false, "c2_maximum_parsed": false, "c2_maximum_day": false, "c2_maximum_month": false, "c2_maximum_year": false, "c3": false, "c4": false, "c4_address": true, "c5": false, "c6": false}}