{"headers": ["id", "agg", "rank", "nation", "gold", "silver", "bronze", "total"], "types": ["id", "agg", "number", "text", "number", "number", "number", "number"], "contents": [[{"col": "id", "type": "INTEGER", "data": [1, 2, 3, 4, 5, 6, 7, 8, 9, 10, 11, 12, 13, 14, 15, 16, 17, 18, 19, 20, 21, 22, 23, 24, 25, 26, 27, 28, 29, 30, 31, 32, 33, 34, 35, 36, 37, 38, 39, 40, 41, 42, 43, 44, 45, 46, 47, 48, 49, 50, 51, 52, 53, 54, 55, 56, 57, 58, 59]}], [{"col": "agg", "type": "INTEGER", "data": ["0", "0", "0", "0", "0", "0", "0", "0", "0", "0", "0", "0", "0", "0", "0", "0", "0", "0", "0", "0", "0", "0", "0", "0", "0", "0", "0", "0", "0", "0", "0", "0", "0", "0", "0", "0", "0", "0", "0", "0", "0", "0", "0", "0", "0", "0", "0", "0", "0", "0", "0", "0", "0", "0", "0", "0", "0", "0", "1"]}], [{"col": "c1", "type": "TEXT", "data": ["1", "2", "3", "4", "5", "6", "7", "8", "8", "9", "10", "11", "12", "13", "13", "13", "13", "17", "17", "17", "17", "21", "21", "21", "21", "21", "21", "21", "21", "21", "21", "21", "21", "21", "21", "21", "21", "21", "21", "21", "21", "21", "21", "21", "21", "21", "21", "21", "21", "21", "21", "21", "21", "21", "21", "21", "21", "21", "total"]}, {"col": "c1_number", "type": "REAL", "data": [1.0, 2.0, 3.0, 4.0, 5.0, 6.0, 7.0, 8.0, 8.0, 9.0, 10.0, 11.0, 12.0, 13.0, 13.0, 13.0, 13.0, 17.0, 17.0, 17.0, 17.0, 21.0, 21.0, 21.0, 21.0, 21.0, 21.0, 21.0, 21.0, 21.0, 21.0, 21.0, 21.0, 21.0, 21.0, 21.0, 21.0, 21.0, 21.0, 21.0, 21.0, 21.0, 21.0, 21.0, 21.0, 21.0, 21.0, 21.0, 21.0, 21.0, 21.0, 21.0, 21.0, 21.0, 21.0, 21.0, 21.0, 21.0, null]}], [{"col": "c2", "type": "TEXT", "data": ["russia", "bulgaria", "belarus", "ukraine", "kazakhstan", "latvia", "uzbekistan", "lithuania", "venezuela", "mongolia", "armenia", "japan", "estonia", "azerbaijan", "france", "germany", "romania", "serbia", "spain", "tajikistan", "turkmenistan", "algeria", "austria", "belgium", "cameroon", "canada", "colombia", "czech republic", "cyprus", "ecuador", "finland", "great britain", "india", "indonesia", "ireland", "israel", "italy", "jordan", "south korea", "kyrgyzstan", "lebanon", "malaysia", "morocco", "moldova", "nepal", "new zealand", "pakistan", "panama", "peru", "poland", "syria", "slovenia", "slovakia", "thailand", "tunisia", "turkey", "united states", "yemen", "total"]}], [{"col": "c3", "type": "TEXT", "data": ["17", "5", "2", "1", "1", "1", "0", "0", "0", "0", "0", "0", "0", "0", "0", "0", "0", "0", "0", "0", "0", "0", "0", "0", "0", "0", "0", "0", "0", "0", "0", "0", "0", "0", "0", "0", "0", "0", "0", "0", "0", "0", "0", "0", "0", "0", "0", "0", "0", "0", "0", "0", "0", "0", "0", "0", "0", "0", "27"]}, {"col": "c3_number", "type": "REAL", "data": [17.0, 5.0, 2.0, 1.0, 1.0, 1.0, 0.0, 0.0, 0.0, 0.0, 0.0, 0.0, 0.0, 0.0, 0.0, 0.0, 0.0, 0.0, 0.0, 0.0, 0.0, 0.0, 0.0, 0.0, 0.0, 0.0, 0.0, 0.0, 0.0, 0.0, 0.0, 0.0, 0.0, 0.0, 0.0, 0.0, 0.0, 0.0, 0.0, 0.0, 0.0, 0.0, 0.0, 0.0, 0.0, 0.0, 0.0, 0.0, 0.0, 0.0, 0.0, 0.0, 0.0, 0.0, 0.0, 0.0, 0.0, 0.0, 27.0]}], [{"col": "c4", "type": "TEXT", "data": ["5", "2", "4", "2", "1", "0", "3", "1", "3", "2", "1", "0", "0", "1", "1", "1", "1", "0", "0", "0", "0", "0", "0", "0", "0", "0", "0", "0", "0", "0", "0", "0", "0", "0", "0", "0", "0", "0", "0", "0", "0", "0", "0", "0", "0", "0", "0", "0", "0", "0", "0", "0", "0", "0", "0", "0", "0", "0", "27"]}, {"col": "c4_number", "type": "REAL", "data": [5.0, 2.0, 4.0, 2.0, 1.0, 0.0, 3.0, 1.0, 3.0, 2.0, 1.0, 0.0, 0.0, 1.0, 1.0, 1.0, 1.0, 0.0, 0.0, 0.0, 0.0, 0.0, 0.0, 0.0, 0.0, 0.0, 0.0, 0.0, 0.0, 0.0, 0.0, 0.0, 0.0, 0.0, 0.0, 0.0, 0.0, 0.0, 0.0, 0.0, 0.0, 0.0, 0.0, 0.0, 0.0, 0.0, 0.0, 0.0, 0.0, 0.0, 0.0, 0.0, 0.0, 0.0, 0.0, 0.0, 0.0, 0.0, 27.0]}], [{"col": "c5", "type": "TEXT", "data": ["5", "3", "2", "11", "3", "0", "4", "6", "3", "4", "3", "3", "2", "0", "0", "0", "0", "1", "1", "1", "1", "0", "0", "0", "0", "0", "0", "0", "0", "0", "0", "0", "0", "0", "0", "0", "0", "0", "0", "0", "0", "0", "0", "0", "0", "0", "0", "0", "0", "0", "0", "0", "0", "0", "0", "0", "0", "0", "54"]}, {"col": "c5_number", "type": "REAL", "data": [5.0, 3.0, 2.0, 11.0, 3.0, 0.0, 4.0, 6.0, 3.0, 4.0, 3.0, 3.0, 2.0, 0.0, 0.0, 0.0, 0.0, 1.0, 1.0, 1.0, 1.0, 0.0, 0.0, 0.0, 0.0, 0.0, 0.0, 0.0, 0.0, 0.0, 0.0, 0.0, 0.0, 0.0, 0.0, 0.0, 0.0, 0.0, 0.0, 0.0, 0.0, 0.0, 0.0, 0.0, 0.0, 0.0, 0.0, 0.0, 0.0, 0.0, 0.0, 0.0, 0.0, 0.0, 0.0, 0.0, 0.0, 0.0, 54.0]}], [{"col": "c6", "type": "TEXT", "data": ["27", "10", "8", "14", "5", "1", "7", "7", "6", "6", "4", "3", "2", "1", "1", "1", "1", "1", "1", "1", "1", "0", "0", "0", "0", "0", "0", "0", "0", "0", "0", "0", "0", "0", "0", "0", "0", "0", "0", "0", "0", "0", "0", "0", "0", "0", "0", "0", "0", "0", "0", "0", "0", "0", "0", "0", "0", "0", "108"]}, {"col": "c6_number", "type": "REAL", "data": [27.0, 10.0, 8.0, 14.0, 5.0, 1.0, 7.0, 7.0, 6.0, 6.0, 4.0, 3.0, 2.0, 1.0, 1.0, 1.0, 1.0, 1.0, 1.0, 1.0, 1.0, 0.0, 0.0, 0.0, 0.0, 0.0, 0.0, 0.0, 0.0, 0.0, 0.0, 0.0, 0.0, 0.0, 0.0, 0.0, 0.0, 0.0, 0.0, 0.0, 0.0, 0.0, 0.0, 0.0, 0.0, 0.0, 0.0, 0.0, 0.0, 0.0, 0.0, 0.0, 0.0, 0.0, 0.0, 0.0, 0.0, 0.0, 108.0]}]], "is_list": {"id": false, "agg": false, "c1": false, "c1_number": false, "c2": false, "c3": false, "c3_number": false, "c4": false, "c4_number": false, "c5": false, "c5_number": false, "c6": false, "c6_number": false}}