{"headers": ["id", "agg", "no.", "date", "tournament", "surface", "partnering", "opponent in the final", "score"], "types": ["id", "agg", "number", "date", "text", "text", "text", "<n,text>", "<c,score>"], "contents": [[{"col": "id", "type": "INTEGER", "data": [1, 2, 3, 4, 5, 6, 7, 8, 9, 10]}], [{"col": "agg", "type": "INTEGER", "data": [0, 0, 0, 0, 0, 0, 0, 0, 0, 0]}], [{"col": "c1", "type": "TEXT", "data": ["1", "2", "3", "4", "5", "6", "7", "8", "9", "10"]}, {"col": "c1_number", "type": "REAL", "data": [1.0, 2.0, 3.0, 4.0, 5.0, 6.0, 7.0, 8.0, 9.0, 10.0]}], [{"col": "c2", "type": "TEXT", "data": ["september 13, 2010", "april 4, 2011", "april 11, 2011", "august 8, 2011", "august 5, 2012", "august 20, 2012", "august 26, 2012", "october 8, 2012", "may 13, 2013", "may 27, 2013"]}, {"col": "c2_number", "type": "INTEGER", "data": [13, 4, 11, 8, 5, 20, 26, 8, 13, 27]}, {"col": "c2_parsed", "type": "TEXT", "data": ["2010-09-13", "2011-04-04", "2011-04-11", "2011-08-08", "2012-08-05", "2012-08-20", "2012-08-26", "2012-10-08", "2013-05-13", "2013-05-27"]}, {"col": "c2_year", "type": "INTEGER", "data": [2010, 2011, 2011, 2011, 2012, 2012, 2012, 2012, 2013, 2013]}, {"col": "c2_month", "type": "INTEGER", "data": [9, 4, 4, 8, 8, 8, 8, 10, 5, 5]}, {"col": "c2_day", "type": "INTEGER", "data": [13, 4, 11, 8, 5, 20, 26, 8, 13, 27]}], [{"col": "c3", "type": "TEXT", "data": ["ecuador f2", "chile f2", "chile f3", "peru f1", "manta", "colombia f2", "ecuador f3", "chile f8", "argentina f6", "argentina f8"]}], [{"col": "c4", "type": "TEXT", "data": ["hard", "clay", "clay", "clay", "hard", "clay", "clay", "clay", "clay", "clay"]}], [{"col": "c5", "type": "TEXT", "data": ["roberto quiroz", "sergio galdos", "roberto quiroz", "sergio galdos", "renzo olivo", "ariel behar", "sergio galdos", "gustavo sterin", "sergio galdos", "sergio galdos"]}], [{"col": "c6", "type": "TEXT", "data": ["peter aarts\nchristopher racz", "guillermo hormazabal\nrodrigo perez", "luis david martinez\nmiguel angel reyes-varela", "martin cuevas\nguido pella", "victor estrella\njoao souza", "nicolas barrientos\nmichael quintero", "mauricio echazu\nguillermo rivera-aranguiz", "cristobal saavedra-corvalan\nguillermo rivera-aranguiz", "franco agamenone\njose angel carrizo", "daniel dutra da silva\npablo galdon"]}, {"col": "c6_list", "type": "LIST TEXT", "data": [["peter aarts", "christopher racz"], ["guillermo hormazabal", "rodrigo perez"], ["luis david martinez", "miguel angel reyes-varela"], ["martin cuevas", "guido pella"], ["victor estrella", "joao souza"], ["nicolas barrientos", "michael quintero"], ["mauricio echazu", "guillermo rivera-aranguiz"], ["cristobal saavedra-corvalan", "guillermo rivera-aranguiz"], ["franco agamenone", "jose angel carrizo"], ["daniel dutra da silva", "pablo galdon"]]}, {"col": "c6_length", "type": "INTEGER", "data": [2, 2, 2, 2, 2, 2, 2, 2, 2, 2]}], [{"col": "c7", "type": "TEXT", "data": ["6-4, 6-4", "5-7, 7-6(5), [10-5]", "6-4, 7-5", "6-4, 6-0", "6-3, 6-0", "2-1 ret", "6-2, 6-1", "6-4, 7-5", "4-6, 6-4, [10-1]", "6-0, 7-5"]}, {"col": "c7_list", "type": "LIST TEXT", "data": [["6-4", "6-4"], ["5-7", "7-6(5)", "[10-5]"], ["6-4", "7-5"], ["6-4", "6-0"], ["6-3", "6-0"], ["2-1 ret"], ["6-2", "6-1"], ["6-4", "7-5"], ["4-6", "6-4", "[10-1]"], ["6-0", "7-5"]]}, {"col": "c7_length", "type": "INTEGER", "data": [2, 3, 2, 2, 2, 1, 2, 2, 3, 2]}, {"col": "c7_list_number", "type": "LIST INTEGER", "data": [[6, 6], [5, 7, 10], [6, 7], [6, 6], [6, 6], [2], [6, 6], [6, 7], [4, 6, 10], [6, 7]]}, {"col": "c7_list_number1", "type": "LIST INTEGER", "data": [[6, 6], [5, 7, 10], [6, 7], [6, 6], [6, 6], [2], [6, 6], [6, 7], [4, 6, 10], [6, 7]]}, {"col": "c7_list_number2", "type": "LIST INTEGER", "data": [[4, 4], [7, 6, 5], [4, 5], [4, 0], [3, 0], [1], [2, 1], [4, 5], [6, 4, 1], [0, 5]]}]], "is_list": {"id": false, "agg": false, "c1": false, "c1_number": false, "c2": false, "c2_number": false, "c2_parsed": false, "c2_year": false, "c2_month": false, "c2_day": false, "c3": false, "c4": false, "c5": false, "c6": false, "c6_list": true, "c6_length": false, "c7": false, "c7_list": true, "c7_length": false, "c7_list_number": true, "c7_list_number1": true, "c7_list_number2": true}}