{"headers": ["id", "agg", "name", "elected", "term began", "term ended"], "types": ["id", "agg", "text", "text", "date", "date"], "contents": [[{"col": "id", "type": "INTEGER", "data": [1, 2, 3, 4, 5, 6, 7, 8, 9, 10, 11, 12, 13, 14, 15, 16, 17, 18, 19, 20, 21, 22, 23, 24, 25, 26, 27, 28, 29, 30, 31, 32, 33, 34, 35, 36, 37, 38, 39, 40, 41, 42, 43, 44, 45, 46, 47, 48, 49, 50, 51, 52, 53, 54, 55, 56, 57]}], [{"col": "agg", "type": "INTEGER", "data": [0, 0, 0, 0, 0, 0, 0, 0, 0, 0, 0, 0, 0, 0, 0, 0, 0, 0, 0, 0, 0, 0, 0, 0, 0, 0, 0, 0, 0, 0, 0, 0, 0, 0, 0, 0, 0, 0, 0, 0, 0, 0, 0, 0, 0, 0, 0, 0, 0, 0, 0, 0, 0, 0, 0, 0, 0]}], [{"col": "c1", "type": "TEXT", "data": ["henry a. atkins", "john t. jordan", "corliss p. stone", "john t. jordan", "moses r. maddocks", "john collins", "henry yesler", "bailey gatzert", "gideon a. weed", "beriah brown", "orange jacobs", "leonard purley smith", "henry g. struve", "john leary", "henry yesler", "william h. shoudy", "dr. thomas t. minor", "robert moran", "harry white", "george w. hall", "james t. ronald", "byron phelps", "frank d. black", "w. d. wood", "thomas j. humes", "richard a. ballinger", "william hickman moore", "john f. miller", "hiram c. gill", "george w. dilling", "george f. cotterill", "hiram c. gill", "ole hanson", "c. b. fitzgerald", "hugh m. caldwell", "edwin j. brown", "bertha knight landes", "frank e. edwards", "robert h. harlin", "john f. dore", "charles l. smith", "john f. dore", "arthur b. langlie", "john e. carroll", "earl millikin", "william f. devin", "allan pomeroy", "gordon s. clinton", "james d'orma braman", "floyd c. miller", "wesley c. uhlman", "charles royer", "norman b. rice", "paul schell", "gregory j. nickels", "michael mcginn", "ed murray"]}], [{"col": "c2", "type": "TEXT", "data": ["appointed december 2, 1869\nelected july 11, 1870", "elected july 10, 1871", "elected july 8, 1872\nabandoned office: left for san francisco february 23, 1873 after allegedly embezzling $15,000", "appointed", "elected", "elected july 14, 1873", "elected july 13, 1874", "elected august 2, 1875", "elected july 10, 1876\nand july 9, 1877", "elected july 8, 1878", "elected july 14, 1879", "elected july 12, 1880\nand july 11, 1881", "elected july 10, 1882\nand july 9, 1883", "elected july 14, 1884", "elected july 13, 1885", "elected july 12, 1886", "elected july 11, 1887", "elected july 9, 1888\nand july 8, 1889", "elected july 14, 1890\nresigned under pressure november 30, 1891", "appointed december 9, 1891", "elected march 8, 1892", "elected march 12, 1894", "elected march 9, 1896\nresigned after three weeks in office", "appointed april 6, 1896\nresigned july 1897", "appointed november 19, 1897\nand elected march 13, 1900", "elected march 8, 1904", "elected march 6, 1906", "elected march 3, 1908", "elected march 8, 1910\nrecalled february 9, 1911", "appointed february 10, 1911[citation needed]", "elected march 5, 1912", "elected march 3, 1914", "elected march 5, 1918\nresigned august 28, 1919 after several months out of town", "appointed august 28, 1919", "elected march 2, 1920", "elected may 2, 1922\nand march 4, 1924", "elected march 9, 1926", "elected march 6, 1928\nand march 4, 1930\nrecalled july 13, 1931", "appointed july 14, 1931", "elected march 8, 1932", "elected march 6, 1934", "elected march 3, 1936\nbecame gravely ill and was relieved of office april 13, 1938, already a lame duck after the 1938 election. he died five days later", "elected march 8, 1938\nappointed to take office early, april 27, 1938, after dore's death.\nelected march 5, 1940\nresigned january 11, 1941, to become governor of washington", "appointed january 27, 1941", "elected march 4, 1941", "elected march 3, 1942, march 7, 1944, march 5, 1946, and march 2, 1948", "elected march 4, 1952", "elected march 6, 1956\nand march 8, 1960", "elected march 10, 1964\nresigned march 23, 1969, to accept an appointment as an assistant secretary in the department of transportation in the nixon administration", "appointed march 23, 1969", "elected november 4, 1969\nand november 6, 1973\nsurvived recall attempt on july 1, 1975", "elected november 8, 1977, november 3, 1981, and november 5, 1985", "elected november 7, 1989", "elected november 4, 1997", "elected november 6, 2001\nand november 8, 2005", "elected november 3, 2009", "elected november 5, 2013"]}], [{"col": "c3", "type": "TEXT", "data": ["1869", "1871", "1872", "1873", "1873", "1873", "1874", "1875", "1876", "1878", "1879", "1880", "1882", "1884", "1885", "1886", "1887", "1888", "1890", "1891", "1892", "1894", "1896", "1896", "1897", "1904", "1906", "1908", "1910", "1912", "1912", "1914", "1918", "1919", "1920", "1922", "1926", "1928", "1931", "1932", "1934", "1936", "1938", "1941", "1941", "1942", "1952", "1956", "1964", "1969", "december 1, 1969", "january 1, 1978", "january 1, 1990", "january 1, 1998", "january 1, 2002", "january 1, 2010", "january 1, 2014"]}, {"col": "c3_number", "type": "INTEGER", "data": [1869, 1871, 1872, 1873, 1873, 1873, 1874, 1875, 1876, 1878, 1879, 1880, 1882, 1884, 1885, 1886, 1887, 1888, 1890, 1891, 1892, 1894, 1896, 1896, 1897, 1904, 1906, 1908, 1910, 1912, 1912, 1914, 1918, 1919, 1920, 1922, 1926, 1928, 1931, 1932, 1934, 1936, 1938, 1941, 1941, 1942, 1952, 1956, 1964, 1969, 1, 1, 1, 1, 1, 1, 1]}, {"col": "c3_parsed", "type": "TEXT", "data": ["1869", "1871", "1872", "1873", "1873", "1873", "1874", "1875", "1876", "1878", "1879", "1880", "1882", "1884", "1885", "1886", "1887", "1888", "1890", "1891", "1892", "1894", "1896", "1896", "1897", "1904", "1906", "1908", "1910", "1912", "1912", "1914", "1918", "1919", "1920", "1922", "1926", "1928", "1931", "1932", "1934", "1936", "1938", "1941", "1941", "1942", "1952", "1956", "1964", "1969", "1969-12-01", "1978-01-01", "1990-01-01", "1998-01-01", "2002-01-01", "2010-01-01", "2014-01-01"]}, {"col": "c3_year", "type": "INTEGER", "data": [1869, 1871, 1872, 1873, 1873, 1873, 1874, 1875, 1876, 1878, 1879, 1880, 1882, 1884, 1885, 1886, 1887, 1888, 1890, 1891, 1892, 1894, 1896, 1896, 1897, 1904, 1906, 1908, 1910, 1912, 1912, 1914, 1918, 1919, 1920, 1922, 1926, 1928, 1931, 1932, 1934, 1936, 1938, 1941, 1941, 1942, 1952, 1956, 1964, 1969, 1969, 1978, 1990, 1998, 2002, 2010, 2014]}, {"col": "c3_month", "type": "INTEGER", "data": [null, null, null, null, null, null, null, null, null, null, null, null, null, null, null, null, null, null, null, null, null, null, null, null, null, null, null, null, null, null, null, null, null, null, null, null, null, null, null, null, null, null, null, null, null, null, null, null, null, null, 12, 1, 1, 1, 1, 1, 1]}, {"col": "c3_day", "type": "INTEGER", "data": [null, null, null, null, null, null, null, null, null, null, null, null, null, null, null, null, null, null, null, null, null, null, null, null, null, null, null, null, null, null, null, null, null, null, null, null, null, null, null, null, null, null, null, null, null, null, null, null, null, null, 1, 1, 1, 1, 1, 1, 1]}], [{"col": "c4", "type": "TEXT", "data": ["1871", "1872", "1873", "1873", "1873", "1874", "1875", "1876", "1878", "1879", "1880", "1882", "1884", "1885", "1886", "1887", "1888", "1890", "1891", "1892", "1894", "1896", "1896", "1897", "1904", "1906", "1908", "1910", "1911", null, "1914", "1918", "1919", "1920", "1922", "1926", "1928", "1931", "1932", "1934", "1936", "1938", "1941", "1941", "1942", "1952", "1956", "1964", "1969", "1969", "january 1, 1978", "january 1, 1990", "january 1, 1998", "january 1, 2002", "january 1, 2010", "january 1, 2014", "present"]}, {"col": "c4_number", "type": "INTEGER", "data": [1871, 1872, 1873, 1873, 1873, 1874, 1875, 1876, 1878, 1879, 1880, 1882, 1884, 1885, 1886, 1887, 1888, 1890, 1891, 1892, 1894, 1896, 1896, 1897, 1904, 1906, 1908, 1910, 1911, null, 1914, 1918, 1919, 1920, 1922, 1926, 1928, 1931, 1932, 1934, 1936, 1938, 1941, 1941, 1942, 1952, 1956, 1964, 1969, 1969, 1, 1, 1, 1, 1, 1, null]}, {"col": "c4_parsed", "type": "TEXT", "data": ["1871", "1872", "1873", "1873", "1873", "1874", "1875", "1876", "1878", "1879", "1880", "1882", "1884", "1885", "1886", "1887", "1888", "1890", "1891", "1892", "1894", "1896", "1896", "1897", "1904", "1906", "1908", "1910", "1911", null, "1914", "1918", "1919", "1920", "1922", "1926", "1928", "1931", "1932", "1934", "1936", "1938", "1941", "1941", "1942", "1952", "1956", "1964", "1969", "1969", "1978-01-01", "1990-01-01", "1998-01-01", "2002-01-01", "2010-01-01", "2014-01-01", "present_ref"]}, {"col": "c4_year", "type": "INTEGER", "data": [1871, 1872, 1873, 1873, 1873, 1874, 1875, 1876, 1878, 1879, 1880, 1882, 1884, 1885, 1886, 1887, 1888, 1890, 1891, 1892, 1894, 1896, 1896, 1897, 1904, 1906, 1908, 1910, 1911, null, 1914, 1918, 1919, 1920, 1922, 1926, 1928, 1931, 1932, 1934, 1936, 1938, 1941, 1941, 1942, 1952, 1956, 1964, 1969, 1969, 1978, 1990, 1998, 2002, 2010, 2014, 2014]}, {"col": "c4_month", "type": "INTEGER", "data": [null, null, null, null, null, null, null, null, null, null, null, null, null, null, null, null, null, null, null, null, null, null, null, null, null, null, null, null, null, null, null, null, null, null, null, null, null, null, null, null, null, null, null, null, null, null, null, null, null, null, 1, 1, 1, 1, 1, 1, null]}, {"col": "c4_day", "type": "INTEGER", "data": [null, null, null, null, null, null, null, null, null, null, null, null, null, null, null, null, null, null, null, null, null, null, null, null, null, null, null, null, null, null, null, null, null, null, null, null, null, null, null, null, null, null, null, null, null, null, null, null, null, null, 1, 1, 1, 1, 1, 1, null]}]], "is_list": {"id": false, "agg": false, "c1": false, "c2": false, "c3": false, "c3_number": false, "c3_parsed": false, "c3_year": false, "c3_month": false, "c3_day": false, "c4": false, "c4_number": false, "c4_parsed": false, "c4_year": false, "c4_month": false, "c4_day": false}}