{"headers": ["id", "agg", "position", "nation", "number", "name", "soproni liga", "uefa cup", "hungarian cup", "league cup", "total"], "types": ["id", "agg", "number", "number", "number", "text", "number", "number", "number", "number", "number"], "contents": [[{"col": "id", "type": "INTEGER", "data": [1, 2, 3, 4, 5, 6, 7, 8, 9, 10, 11, 12, 13, 14, 15, 16, 17, 18, 19, 20, 21]}], [{"col": "agg", "type": "INTEGER", "data": ["0", "0", "0", "0", "0", "0", "0", "0", "0", "0", "0", "0", "0", "0", "0", "0", "0", "0", "0", "0", "1"]}], [{"col": "c1", "type": "TEXT", "data": ["1", "2", "3", "4", "5", "6", "7", "8", "9", "10", "11", "12", "13", "14", "15", "16", "17", "18", "19", null, null]}, {"col": "c1_number", "type": "REAL", "data": [1.0, 2.0, 3.0, 4.0, 5.0, 6.0, 7.0, 8.0, 9.0, 10.0, 11.0, 12.0, 13.0, 14.0, 15.0, 16.0, 17.0, 18.0, 19.0, null, null]}], [{"col": "c2", "type": "EMPTY", "data": ["", "", "", "", "", "", "", "", "", "", "", "", "", "", "", "", "", "", "", "", ""]}], [{"col": "c3", "type": "TEXT", "data": ["14", "41", "99", "55", "77", "4", "17", "8", "10", "2", "30", "23", "7", "13", "27", "19", "1", "83", "16", null, null]}, {"col": "c3_number", "type": "REAL", "data": [14.0, 41.0, 99.0, 55.0, 77.0, 4.0, 17.0, 8.0, 10.0, 2.0, 30.0, 23.0, 7.0, 13.0, 27.0, 19.0, 1.0, 83.0, 16.0, null, null]}], [{"col": "c4", "type": "TEXT", "data": ["gergely rudolf", "lorant olah", "omagbemi dudu", "peter szakaly", "peter czvitkovics", "leandro de almeida", "norbert meszaros", "zsombor kerekes", "igor bogdanovic", "istvan szucs", "zoltan kiss", "peter szilagyi", "tibor dombi", "peter biro", "gabor demjen", "vinicius galvao leal", "vukasin poleksic", "zoltan varga", "adam komlosi", "own goals", "totals"]}], [{"col": "c5", "type": "TEXT", "data": ["16", "12", "4", "9", "7", "5", "3", "1", "0", "2", "2", "2", "2", "1", "1", "1", "1", "0", "0", "1", "70"]}, {"col": "c5_number", "type": "REAL", "data": [16.0, 12.0, 4.0, 9.0, 7.0, 5.0, 3.0, 1.0, 0.0, 2.0, 2.0, 2.0, 2.0, 1.0, 1.0, 1.0, 1.0, 0.0, 0.0, 1.0, 70.0]}], [{"col": "c6", "type": "TEXT", "data": ["3", "1", "1", "0", "0", "0", "0", "0", "0", "0", "0", "0", "0", "0", "0", "0", "0", "0", "0", "0", "5"]}, {"col": "c6_number", "type": "REAL", "data": [3.0, 1.0, 1.0, 0.0, 0.0, 0.0, 0.0, 0.0, 0.0, 0.0, 0.0, 0.0, 0.0, 0.0, 0.0, 0.0, 0.0, 0.0, 0.0, 0.0, 5.0]}], [{"col": "c7", "type": "TEXT", "data": ["0", "0", "5", "0", "0", "1", "0", "2", "3", "0", "0", "0", "0", "0", "0", "0", "0", "1", "1", "0", "13"]}, {"col": "c7_number", "type": "REAL", "data": [0.0, 0.0, 5.0, 0.0, 0.0, 1.0, 0.0, 2.0, 3.0, 0.0, 0.0, 0.0, 0.0, 0.0, 0.0, 0.0, 0.0, 1.0, 1.0, 0.0, 13.0]}], [{"col": "c8", "type": "TEXT", "data": ["0", "0", "0", "0", "0", "0", "0", "0", "0", "0", "0", "0", "0", "0", "0", "0", "0", "0", "0", "0", "0"]}, {"col": "c8_number", "type": "REAL", "data": [0.0, 0.0, 0.0, 0.0, 0.0, 0.0, 0.0, 0.0, 0.0, 0.0, 0.0, 0.0, 0.0, 0.0, 0.0, 0.0, 0.0, 0.0, 0.0, 0.0, 0.0]}], [{"col": "c9", "type": "TEXT", "data": ["19", "13", "10", "9", "7", "6", "3", "3", "3", "2", "2", "2", "2", "1", "1", "1", "1", "1", "1", "1", "88"]}, {"col": "c9_number", "type": "REAL", "data": [19.0, 13.0, 10.0, 9.0, 7.0, 6.0, 3.0, 3.0, 3.0, 2.0, 2.0, 2.0, 2.0, 1.0, 1.0, 1.0, 1.0, 1.0, 1.0, 1.0, 88.0]}]], "is_list": {"id": false, "agg": false, "c1": false, "c1_number": false, "c2": false, "c3": false, "c3_number": false, "c4": false, "c5": false, "c5_number": false, "c6": false, "c6_number": false, "c7": false, "c7_number": false, "c8": false, "c8_number": false, "c9": false, "c9_number": false}}