{"headers": ["id", "agg", "title", "character", "broadcaster", "episodes", "date"], "types": ["id", "agg", "text", "text", "text", "number", "number"], "contents": [[{"col": "id", "type": "INTEGER", "data": [1, 2, 3, 4, 5, 6, 7, 8, 9]}], [{"col": "agg", "type": "INTEGER", "data": [0, 0, 0, 0, 0, 0, 0, 0, 0]}], [{"col": "c1", "type": "TEXT", "data": ["rev", "the i.t. crowd", "eastenders: e20", "fresh meat", "phoneshop", "holby city", "plebs", "blandings", "death in paradise"]}], [{"col": "c2", "type": "TEXT", "data": ["pip", "nikki", "ava", "caz", "daisy", "heidi hall", "cynthia", "valerie fanshawe", "helen walker"]}], [{"col": "c3", "type": "TEXT", "data": ["bbc two", "channel 4", "bbc one", "channel 4", "channel 4", "bbc one", "itv2", "bbc", "bbc"]}], [{"col": "c4", "type": "TEXT", "data": ["1", "1", "15", "1", "1", "1", "6", "2.5", "3.4"]}, {"col": "c4_number", "type": "REAL", "data": [1.0, 1.0, 15.0, 1.0, 1.0, 1.0, 6.0, 2.5, 3.4]}], [{"col": "c5", "type": "TEXT", "data": ["2010", "2010", "2011", "2011", "2011", "2012", "2013", "2014", "2014"]}, {"col": "c5_number", "type": "INTEGER", "data": [2010, 2010, 2011, 2011, 2011, 2012, 2013, 2014, 2014]}]], "is_list": {"id": false, "agg": false, "c1": false, "c2": false, "c3": false, "c4": false, "c4_number": false, "c5": false, "c5_number": false}}