{"headers": ["id", "agg", "rank", "bib", "name", "nation", "run 1", "rank", "run 2", "rank", "total", "difference"], "types": ["id", "agg", "number", "number", "text", "text", "time", "number", "time", "number", "time", "number"], "contents": [[{"col": "id", "type": "INTEGER", "data": [1, 2, 3, 4, 5, 6, 7, 8, 9, 10, 11, 12, 13, 14, 15, 16, 17, 18, 19, 20, 21, 22, 23, 24, 25, 26, 27, 28, 29, 30, 31, 32, 33, 34, 35, 36, 37, 38, 39, 40, 41, 42, 43, 44, 45, 46, 47, 48, 49, 50, 51, 52, 53, 54, 55, 56, 57, 58, 59, 60, 61, 62, 63, 64, 65, 66, 67, 68, 69, 70, 71, 72, 73, 74, 75, 76, 77, 78, 79, 80, 81, 82, 83, 84, 85, 86, 87, 88, 89, 90, 91, 92, 93, 94, 95, 96, 97, 98, 99, 100, 101, 102, 103, 104, 105, 106, 107, 108, 109, 110, 111, 112, 113, 114, 115, 116]}], [{"col": "agg", "type": "INTEGER", "data": [0, 0, 0, 0, 0, 0, 0, 0, 0, 0, 0, 0, 0, 0, 0, 0, 0, 0, 0, 0, 0, 0, 0, 0, 0, 0, 0, 0, 0, 0, 0, 0, 0, 0, 0, 0, 0, 0, 0, 0, 0, 0, 0, 0, 0, 0, 0, 0, 0, 0, 0, 0, 0, 0, 0, 0, 0, 0, 0, 0, 0, 0, 0, 0, 0, 0, 0, 0, 0, 0, 0, 0, 0, 0, 0, 0, 0, 0, 0, 0, 0, 0, 0, 0, 0, 0, 0, 0, 0, 0, 0, 0, 0, 0, 0, 0, 0, 0, 0, 0, 0, 0, 0, 0, 0, 0, 0, 0, 0, 0, 0, 0, 0, 0, 0, 0]}], [{"col": "c1", "type": "TEXT", "data": [null, null, null, "4", "5", "6", "7", "8", "9", "10", "10", "12", "13", "14", "15", "16", "17", "18", "19", "20", "21", "22", "23", "24", "25", "26", "27", "28", "29", "30", "31", "32", "33", "34", "35", "36", "37", "38", "39", "40", "41", "42", "43", "44", "45", "46", "47", "48", "49", "50", "51", "52", "53", "54", "55", null, null, null, null, null, null, null, null, null, null, null, null, null, null, null, null, null, null, null, null, null, null, null, null, null, null, null, null, null, null, null, null, null, null, null, null, null, null, null, null, null, null, null, null, null, null, null, null, null, null, null, null, null, null, null, null, null, null, null, null, null]}, {"col": "c1_number", "type": "REAL", "data": [null, null, null, 4.0, 5.0, 6.0, 7.0, 8.0, 9.0, 10.0, 10.0, 12.0, 13.0, 14.0, 15.0, 16.0, 17.0, 18.0, 19.0, 20.0, 21.0, 22.0, 23.0, 24.0, 25.0, 26.0, 27.0, 28.0, 29.0, 30.0, 31.0, 32.0, 33.0, 34.0, 35.0, 36.0, 37.0, 38.0, 39.0, 40.0, 41.0, 42.0, 43.0, 44.0, 45.0, 46.0, 47.0, 48.0, 49.0, 50.0, 51.0, 52.0, 53.0, 54.0, 55.0, null, null, null, null, null, null, null, null, null, null, null, null, null, null, null, null, null, null, null, null, null, null, null, null, null, null, null, null, null, null, null, null, null, null, null, null, null, null, null, null, null, null, null, null, null, null, null, null, null, null, null, null, null, null, null, null, null, null, null, null, null]}], [{"col": "c2", "type": "TEXT", "data": ["1", "9", "3", "20", "6", "13", "26", "19", "16", "14", "8", "5", "2", "12", "31", "11", "27", "24", "29", "17", "21", "10", "22", "25", "15", "39", "23", "35", "41", "28", "32", "48", "36", "30", "43", "44", "51", "52", "46", "37", "34", "62", "42", "49", "40", "50", "65", "55", "59", "58", "80", "77", "68", "56", "67", "7", "4", "38", "47", "69", "45", "74", "72", "81", "64", "78", "66", "61", "83", "85", "82", "97", "86", "88", "100", "95", "73", "94", "87", "92", "84", "91", "75", "93", "96", "113", "105", "102", "109", "103", "114", "106", "108", "110", "107", "104", "99", "112", "115", "111", "18", "98", "33", "53", "54", "57", "60", "63", "70", "71", "76", "79", "89", "90", "101", "116"]}, {"col": "c2_number", "type": "REAL", "data": [1.0, 9.0, 3.0, 20.0, 6.0, 13.0, 26.0, 19.0, 16.0, 14.0, 8.0, 5.0, 2.0, 12.0, 31.0, 11.0, 27.0, 24.0, 29.0, 17.0, 21.0, 10.0, 22.0, 25.0, 15.0, 39.0, 23.0, 35.0, 41.0, 28.0, 32.0, 48.0, 36.0, 30.0, 43.0, 44.0, 51.0, 52.0, 46.0, 37.0, 34.0, 62.0, 42.0, 49.0, 40.0, 50.0, 65.0, 55.0, 59.0, 58.0, 80.0, 77.0, 68.0, 56.0, 67.0, 7.0, 4.0, 38.0, 47.0, 69.0, 45.0, 74.0, 72.0, 81.0, 64.0, 78.0, 66.0, 61.0, 83.0, 85.0, 82.0, 97.0, 86.0, 88.0, 100.0, 95.0, 73.0, 94.0, 87.0, 92.0, 84.0, 91.0, 75.0, 93.0, 96.0, 113.0, 105.0, 102.0, 109.0, 103.0, 114.0, 106.0, 108.0, 110.0, 107.0, 104.0, 99.0, 112.0, 115.0, 111.0, 18.0, 98.0, 33.0, 53.0, 54.0, 57.0, 60.0, 63.0, 70.0, 71.0, 76.0, 79.0, 89.0, 90.0, 101.0, 116.0]}], [{"col": "c3", "type": "TEXT", "data": ["tina maze", "federica brignone", "tessa worley", "denise karbon", "viktoria rebensburg", "manuela molgg", "jessica lindell-vikarby", "marlies schild", "anja parson", "taina barioz", "elisabeth gorgl", "kathrin zettel", "tanja poutiainen", "anemone marmottan", "veronika zuzulova", "julia mancuso", "sara hector", "lena durr", "anne-sophie barthet", "lara gut", "sarah schleper", "maria pietila-holmner", "marie-michele gagnon", "marie-pier prefontaine", "andrea fischbacher", "marusa ferk", "irene curtoni", "britt janyk", "wendy holdener", "veronika staber", "maria jose rienda", "andrea jardi", "carolina ruiz castillo", "megan mcjames", "denise feierabend", "kristina saalova", "katerina paulathova", "jana gantnerova", "vladislava bureeva", "mizue hoshi", "emi hasegawa", "zana novakovic", "sofija novoselic", "jana skvarkova", "maria belen simari birkner", "moe hanaoka", "maria shkanova", "katarzyna karasinska", "daniela markova", "nevena ignjatovic", "maria kirkova", "bogdana matsotska", "zsofia doeme", "anna-laura buhler", "martina dubovska", "kathrin holzl", "maria riesch", "rebecca buhler", "vanessa schadler", "iris gudmundsdottir", "tea palic", "macarena simari birkner", "lavinia chrystal", "lelde gasuna", "aleksandra klus", "nino tsiklauri", "sarah jarvis", "anna berecz", "sandra-elena narea", "iulia petruta craciun", "isabel van buynder", "liene fimbauere", "kristina krone", "nicole valcareggi", "sophie fjellvang-s\u00f8lling", "ornella oettl reyes", "xia lina", "kseniya grigoreva", "tugba dasdemir", "malene madsen", "liu yang", "yom hirshfeld", "salome bancora", "ronnie kiek-gedalyahu", "chiara marano", "anne libak nielsen", "donata hellner", "liu yu", "lida zvoznikova", "szelina hellner", "irina volkova", "svetlana baranova", "tatjana baranova", "fatemeh kiadarbandsari", "ziba kalhor", "paraskevi mavridou", "marjan kalhor", "mitra kalhor", "laura bauer", "sarah ekmekejian", "fabienne suter", "maja klepic", "agniezska gasienica daniel", "karolina chrapek", "mireia gutierrez", "brittany phelan", "tereza kmochova", "michelle van herwerden", "maya harrisson", "elizabeth pilat", "katrin kristjansdottir", "julietta quiroga", "evija benhena", "qin xiyue", "sophia ralli", "siranush maghakyan"]}], [{"col": "c4", "type": "TEXT", "data": ["slovenia", "italy", "france", "italy", "germany", "italy", "sweden", "austria", "sweden", "france", "austria", "austria", "finland", "france", "slovakia", "united states", "sweden", "germany", "france", "switzerland", "united states", "sweden", "canada", "canada", "austria", "slovenia", "italy", "canada", "switzerland", "germany", "spain", "spain", "spain", "united states", "switzerland", "slovakia", "czech republic", "slovakia", "russia", "japan", "japan", "bosnia and herzegovina", "croatia", "slovakia", "argentina", "japan", "belarus", "poland", "czech republic", "serbia", "bulgaria", "ukraine", "hungary", "liechtenstein", "czech republic", "germany", "germany", "liechtenstein", "liechtenstein", "iceland", "croatia", "argentina", "australia", "latvia", "poland", "georgia", "new zealand", "hungary", "romania", "romania", "belgium", "latvia", "puerto rico", "greece", "denmark", "peru", "china", "uzbekistan", "turkey", "denmark", "china", "israel", "argentina", "israel", "brazil", "denmark", "hungary", "china", "kyrgyzstan", "hungary", "kyrgyzstan", "uzbekistan", "uzbekistan", "iran", "iran", "greece", "iran", "iran", "south africa", "lebanon", "switzerland", "bosnia and herzegovina", "poland", "poland", "andorra", "canada", "czech republic", "netherlands", "brazil", "australia", "iceland", "argentina", "latvia", "china", "greece", "armenia"]}], [{"col": "c5", "type": "TEXT", "data": ["1:07.05", "1:07.39", "1:09.17", "1:08.24", "1:08.04", "1:07.99", "1:08.94", "1:09.16", "1:08.23", "1:09.59", "1:07.76", "1:08.04", "1:08.59", "1:08.54", "1:09.76", "1:08.82", "1:10.37", "1:08.94", "1:09.55", "1:08.91", "1:09.75", "1:09.15", "1:09.95", "1:09.91", "1:09.13", "1:10.35", "1:09.56", "1:10.18", "1:10.63", "1:10.80", "1:11.24", "1:11.03", "1:10.93", "1:11.13", "1:11.37", "1:12.22", "1:12.10", "1:12.01", "1:12.83", "1:10.43", "1:12.67", "1:13.05", "1:13.18", "1:13.63", "1:13.14", "1:13.20", "1:13.86", "1:13.92", "1:13.78", "1:14.38", "1:13.70", "1:14.21", "1:14.57", "1:14.22", "1:14.62", "1:09.41", "1:07.86", "1:12.03", "1:12.47", "1:13.93", "1:14.73", "1:15.18", "1:15.35", "1:15.37", "1:15.41", "1:15.54", "1:15.94", "1:15.95", "1:16.67", "1:16.80", "1:17.06", "1:17.83", "1:17.93", "1:18.19", "1:18.37", "1:18.61", "1:19.12", "1:19.16", "1:21.50", "1:22.25", "1:22.80", "1:22.87", "1:23.08", "1:23.38", "1:24.16", "1:25.08", "1:26.97", "1:27.03", "1:27.17", "1:27.27", "1:29.73", "1:30.62", "1:31.81", "1:32.16", "1:32.64", "1:32.83", "1:34.94", "1:37.93", "1:42.19", "1:42.22", "dns", "dns", "dnf", "dnf", "dnf", "dnf", "dnf", "dnf", "dnf", "dnf", "dnf", "dnf", "dnf", "dnf", "dnf", "dnf"]}, {"col": "c5_number", "type": "INTEGER", "data": [1, 1, 1, 1, 1, 1, 1, 1, 1, 1, 1, 1, 1, 1, 1, 1, 1, 1, 1, 1, 1, 1, 1, 1, 1, 1, 1, 1, 1, 1, 1, 1, 1, 1, 1, 1, 1, 1, 1, 1, 1, 1, 1, 1, 1, 1, 1, 1, 1, 1, 1, 1, 1, 1, 1, 1, 1, 1, 1, 1, 1, 1, 1, 1, 1, 1, 1, 1, 1, 1, 1, 1, 1, 1, 1, 1, 1, 1, 1, 1, 1, 1, 1, 1, 1, 1, 1, 1, 1, 1, 1, 1, 1, 1, 1, 1, 1, 1, 1, 1, null, null, null, null, null, null, null, null, null, null, null, null, null, null, null, null]}, {"col": "c5_min", "type": "INTEGER", "data": [1, 1, 1, 1, 1, 1, 1, 1, 1, 1, 1, 1, 1, 1, 1, 1, 1, 1, 1, 1, 1, 1, 1, 1, 1, 1, 1, 1, 1, 1, 1, 1, 1, 1, 1, 1, 1, 1, 1, 1, 1, 1, 1, 1, 1, 1, 1, 1, 1, 1, 1, 1, 1, 1, 1, 1, 1, 1, 1, 1, 1, 1, 1, 1, 1, 1, 1, 1, 1, 1, 1, 1, 1, 1, 1, 1, 1, 1, 1, 1, 1, 1, 1, 1, 1, 1, 1, 1, 1, 1, 1, 1, 1, 1, 1, 1, 1, 1, 1, 1, null, null, null, null, null, null, null, null, null, null, null, null, null, null, null, null]}, {"col": "c5_sec", "type": "REAL", "data": [7.05, 7.39, 9.17, 8.24, 8.04, 7.99, 8.94, 9.16, 8.23, 9.59, 7.76, 8.04, 8.59, 8.54, 9.76, 8.82, 10.37, 8.94, 9.55, 8.91, 9.75, 9.15, 9.95, 9.91, 9.13, 10.35, 9.56, 10.18, 10.63, 10.8, 11.24, 11.03, 10.93, 11.13, 11.37, 12.22, 12.1, 12.01, 12.83, 10.43, 12.67, 13.05, 13.18, 13.63, 13.14, 13.2, 13.86, 13.92, 13.78, 14.38, 13.7, 14.21, 14.57, 14.22, 14.62, 9.41, 7.86, 12.03, 12.47, 13.93, 14.73, 15.18, 15.35, 15.37, 15.41, 15.54, 15.94, 15.95, 16.67, 16.8, 17.06, 17.83, 17.93, 18.19, 18.37, 18.61, 19.12, 19.16, 21.5, 22.25, 22.8, 22.87, 23.08, 23.38, 24.16, 25.08, 26.97, 27.03, 27.17, 27.27, 29.73, 30.62, 31.81, 32.16, 32.64, 32.83, 34.94, 37.93, 42.19, 42.22, null, null, null, null, null, null, null, null, null, null, null, null, null, null, null, null]}], [{"col": "c6", "type": "TEXT", "data": ["1", "2", "19", "9", "6", "5", "14", "18", "8", "23", "3", "6", "11", "10", "25", "12", "30", "14", "21", "13", "24", "17", "27", "26", "16", "29", "22", "28", "32", "33", "37", "35", "34", "36", "38", "42", "41", "39", "45", "31", "44", "46", "48", "50", "47", "49", "53", "54", "52", "58", "51", "56", "59", "57", "60", "20", "4", "40", "43", "55", "61", "62", "63", "64", "65", "66", "67", "68", "69", "70", "71", "72", "73", "74", "75", "76", "77", "78", "79", "80", "81", "82", "83", "84", "85", "86", "87", "88", "89", "90", "91", "92", "93", "94", "95", "96", "97", "98", "99", "100", null, null, null, null, null, null, null, null, null, null, null, null, null, null, null, null]}, {"col": "c6_number", "type": "REAL", "data": [1.0, 2.0, 19.0, 9.0, 6.0, 5.0, 14.0, 18.0, 8.0, 23.0, 3.0, 6.0, 11.0, 10.0, 25.0, 12.0, 30.0, 14.0, 21.0, 13.0, 24.0, 17.0, 27.0, 26.0, 16.0, 29.0, 22.0, 28.0, 32.0, 33.0, 37.0, 35.0, 34.0, 36.0, 38.0, 42.0, 41.0, 39.0, 45.0, 31.0, 44.0, 46.0, 48.0, 50.0, 47.0, 49.0, 53.0, 54.0, 52.0, 58.0, 51.0, 56.0, 59.0, 57.0, 60.0, 20.0, 4.0, 40.0, 43.0, 55.0, 61.0, 62.0, 63.0, 64.0, 65.0, 66.0, 67.0, 68.0, 69.0, 70.0, 71.0, 72.0, 73.0, 74.0, 75.0, 76.0, 77.0, 78.0, 79.0, 80.0, 81.0, 82.0, 83.0, 84.0, 85.0, 86.0, 87.0, 88.0, 89.0, 90.0, 91.0, 92.0, 93.0, 94.0, 95.0, 96.0, 97.0, 98.0, 99.0, 100.0, null, null, null, null, null, null, null, null, null, null, null, null, null, null, null, null]}], [{"col": "c7", "type": "TEXT", "data": ["1:13.49", "1:13.24", "1:11.85", "1:13.04", "1:13.38", "1:13.44", "1:12.61", "1:12.58", "1:13.52", "1:12.20", "1:14.03", "1:13.80", "1:13.29", "1:13.80", "1:12.81", "1:13.77", "1:12.30", "1:13.75", "1:13.18", "1:13.92", "1:13.12", "1:13.87", "1:13.37", "1:13.58", "1:14.40", "1:13.70", "1:14.50", "1:15.55", "1:15.17", "1:15.16", "1:15.13", "1:15.52", "1:15.98", "1:16.49", "1:16.61", "1:16.44", "1:16.71", "1:17.29", "1:16.63", "1:19.53", "1:17.58", "1:17.24", "1:17.40", "1:17.22", "1:17.84", "1:18.56", "1:18.28", "1:18.46", "1:18.87", "1:18.56", "1:19.56", "1:19.18", "1:18.93", "1:19.36", "1:19.95", "dns", "dnf", "dnf", "dnf", "dnf", "dnq", "dnq", "dnq", "dnq", "dnq", "dnq", "dnq", "dnq", "dnq", "dnq", "dnq", "dnq", "dnq", "dnq", "dnq", "dnq", "dnq", "dnq", "dnq", "dnq", "dnq", "dnq", "dnq", "dnq", "dnq", "dnq", "dnq", "dnq", "dnq", "dnq", "dnq", "dnq", "dnq", "dnq", "dnq", "dnq", "dnq", "dnq", "dnq", "dnq", null, null, null, null, null, null, null, null, null, null, null, null, null, null, null, null]}, {"col": "c7_number", "type": "INTEGER", "data": [1, 1, 1, 1, 1, 1, 1, 1, 1, 1, 1, 1, 1, 1, 1, 1, 1, 1, 1, 1, 1, 1, 1, 1, 1, 1, 1, 1, 1, 1, 1, 1, 1, 1, 1, 1, 1, 1, 1, 1, 1, 1, 1, 1, 1, 1, 1, 1, 1, 1, 1, 1, 1, 1, 1, null, null, null, null, null, null, null, null, null, null, null, null, null, null, null, null, null, null, null, null, null, null, null, null, null, null, null, null, null, null, null, null, null, null, null, null, null, null, null, null, null, null, null, null, null, null, null, null, null, null, null, null, null, null, null, null, null, null, null, null, null]}, {"col": "c7_min", "type": "INTEGER", "data": [1, 1, 1, 1, 1, 1, 1, 1, 1, 1, 1, 1, 1, 1, 1, 1, 1, 1, 1, 1, 1, 1, 1, 1, 1, 1, 1, 1, 1, 1, 1, 1, 1, 1, 1, 1, 1, 1, 1, 1, 1, 1, 1, 1, 1, 1, 1, 1, 1, 1, 1, 1, 1, 1, 1, null, null, null, null, null, null, null, null, null, null, null, null, null, null, null, null, null, null, null, null, null, null, null, null, null, null, null, null, null, null, null, null, null, null, null, null, null, null, null, null, null, null, null, null, null, null, null, null, null, null, null, null, null, null, null, null, null, null, null, null, null]}, {"col": "c7_sec", "type": "REAL", "data": [13.49, 13.24, 11.85, 13.04, 13.38, 13.44, 12.61, 12.58, 13.52, 12.2, 14.03, 13.8, 13.29, 13.8, 12.81, 13.77, 12.3, 13.75, 13.18, 13.92, 13.12, 13.87, 13.37, 13.58, 14.4, 13.7, 14.5, 15.55, 15.17, 15.16, 15.13, 15.52, 15.98, 16.49, 16.61, 16.44, 16.71, 17.29, 16.63, 19.53, 17.58, 17.24, 17.4, 17.22, 17.84, 18.56, 18.28, 18.46, 18.87, 18.56, 19.56, 19.18, 18.93, 19.36, 19.95, null, null, null, null, null, null, null, null, null, null, null, null, null, null, null, null, null, null, null, null, null, null, null, null, null, null, null, null, null, null, null, null, null, null, null, null, null, null, null, null, null, null, null, null, null, null, null, null, null, null, null, null, null, null, null, null, null, null, null, null, null]}], [{"col": "c8", "type": "TEXT", "data": ["15", "10", "1", "7", "13", "14", "5", "4", "16", "2", "25", "21", "11", "21", "6", "20", "3", "19", "9", "24", "8", "23", "12", "17", "26", "18", "27", "32", "30", "28", "29", "31", "33", "35", "36", "34", "38", "41", "37", "53", "43", "40", "42", "39", "44", "47", "45", "46", "49", "47", "54", "51", "50", "52", "55", null, null, null, null, null, null, null, null, null, null, null, null, null, null, null, null, null, null, null, null, null, null, null, null, null, null, null, null, null, null, null, null, null, null, null, null, null, null, null, null, null, null, null, null, null, null, null, null, null, null, null, null, null, null, null, null, null, null, null, null, null]}, {"col": "c8_number", "type": "REAL", "data": [15.0, 10.0, 1.0, 7.0, 13.0, 14.0, 5.0, 4.0, 16.0, 2.0, 25.0, 21.0, 11.0, 21.0, 6.0, 20.0, 3.0, 19.0, 9.0, 24.0, 8.0, 23.0, 12.0, 17.0, 26.0, 18.0, 27.0, 32.0, 30.0, 28.0, 29.0, 31.0, 33.0, 35.0, 36.0, 34.0, 38.0, 41.0, 37.0, 53.0, 43.0, 40.0, 42.0, 39.0, 44.0, 47.0, 45.0, 46.0, 49.0, 47.0, 54.0, 51.0, 50.0, 52.0, 55.0, null, null, null, null, null, null, null, null, null, null, null, null, null, null, null, null, null, null, null, null, null, null, null, null, null, null, null, null, null, null, null, null, null, null, null, null, null, null, null, null, null, null, null, null, null, null, null, null, null, null, null, null, null, null, null, null, null, null, null, null, null]}], [{"col": "c9", "type": "TEXT", "data": ["2:20.54", "2:20.63", "2:21.02", "2:21.28", "2:21.42", "2:21.43", "2:21.55", "2:21.74", "2:21.75", "2:21.79", "2:21.79", "2:21.84", "2:21.88", "2:22.34", "2:22.57", "2:22.59", "2:22.67", "2:22.69", "2:22.73", "2:22.83", "2:22.87", "2:23.02", "2:23.32", "2:23.49", "2:23.53", "2:24.05", "2:24.06", "2:25.73", "2:25.80", "2:25.96", "2:26.37", "2:26.55", "2:26.91", "2:27.62", "2:27.98", "2:28.66", "2:28.81", "2:29.30", "2:29.46", "2:29.96", "2:30.25", "2:30.29", "2:30.58", "2:30.85", "2:30.98", "2:31.76", "2:32.14", "2:32.38", "2:32.65", "2:32.94", "2:33.26", "2:33.39", "2:33.50", "2:33.58", "2:34.57", null, null, null, null, null, null, null, null, null, null, null, null, null, null, null, null, null, null, null, null, null, null, null, null, null, null, null, null, null, null, null, null, null, null, null, null, null, null, null, null, null, null, null, null, null, null, null, null, null, null, null, null, null, null, null, null, null, null, null, null, null]}, {"col": "c9_number", "type": "INTEGER", "data": [2, 2, 2, 2, 2, 2, 2, 2, 2, 2, 2, 2, 2, 2, 2, 2, 2, 2, 2, 2, 2, 2, 2, 2, 2, 2, 2, 2, 2, 2, 2, 2, 2, 2, 2, 2, 2, 2, 2, 2, 2, 2, 2, 2, 2, 2, 2, 2, 2, 2, 2, 2, 2, 2, 2, null, null, null, null, null, null, null, null, null, null, null, null, null, null, null, null, null, null, null, null, null, null, null, null, null, null, null, null, null, null, null, null, null, null, null, null, null, null, null, null, null, null, null, null, null, null, null, null, null, null, null, null, null, null, null, null, null, null, null, null, null]}, {"col": "c9_min", "type": "INTEGER", "data": [2, 2, 2, 2, 2, 2, 2, 2, 2, 2, 2, 2, 2, 2, 2, 2, 2, 2, 2, 2, 2, 2, 2, 2, 2, 2, 2, 2, 2, 2, 2, 2, 2, 2, 2, 2, 2, 2, 2, 2, 2, 2, 2, 2, 2, 2, 2, 2, 2, 2, 2, 2, 2, 2, 2, null, null, null, null, null, null, null, null, null, null, null, null, null, null, null, null, null, null, null, null, null, null, null, null, null, null, null, null, null, null, null, null, null, null, null, null, null, null, null, null, null, null, null, null, null, null, null, null, null, null, null, null, null, null, null, null, null, null, null, null, null]}, {"col": "c9_sec", "type": "REAL", "data": [20.54, 20.63, 21.02, 21.28, 21.42, 21.43, 21.55, 21.74, 21.75, 21.79, 21.79, 21.84, 21.88, 22.34, 22.57, 22.59, 22.67, 22.69, 22.73, 22.83, 22.87, 23.02, 23.32, 23.49, 23.53, 24.05, 24.06, 25.73, 25.8, 25.96, 26.37, 26.55, 26.91, 27.62, 27.98, 28.66, 28.81, 29.3, 29.46, 29.96, 30.25, 30.29, 30.58, 30.85, 30.98, 31.76, 32.14, 32.38, 32.65, 32.94, 33.26, 33.39, 33.5, 33.58, 34.57, null, null, null, null, null, null, null, null, null, null, null, null, null, null, null, null, null, null, null, null, null, null, null, null, null, null, null, null, null, null, null, null, null, null, null, null, null, null, null, null, null, null, null, null, null, null, null, null, null, null, null, null, null, null, null, null, null, null, null, null, null]}], [{"col": "c10", "type": "TEXT", "data": [null, "0.09", "0.48", "0.74", "0.88", "0.89", "1.01", "1.2", "1.21", "1.25", "1.25", "1.3", "1.34", "1.8", "2.03", "2.05", "2.13", "2.15", "2.19", "2.29", "2.33", "2.48", "2.78", "2.95", "2.99", "3.51", "3.52", "5.19", "5.26", "5.42", "5.83", "6.01", "6.37", "7.08", "7.44", "8.12", "8.27", "8.76", "8.92", "9.42", "9.71", "9.75", "10.04", "10.31", "10.44", "11.22", "11.6", "11.84", "12.11", "12.4", "12.72", "12.85", "12.96", "13.04", "14.03", null, null, null, null, null, null, null, null, null, null, null, null, null, null, null, null, null, null, null, null, null, null, null, null, null, null, null, null, null, null, null, null, null, null, null, null, null, null, null, null, null, null, null, null, null, null, null, null, null, null, null, null, null, null, null, null, null, null, null, null, null]}, {"col": "c10_number", "type": "REAL", "data": [null, 0.09, 0.48, 0.74, 0.88, 0.89, 1.01, 1.2, 1.21, 1.25, 1.25, 1.3, 1.34, 1.8, 2.03, 2.05, 2.13, 2.15, 2.19, 2.29, 2.33, 2.48, 2.78, 2.95, 2.99, 3.51, 3.52, 5.19, 5.26, 5.42, 5.83, 6.01, 6.37, 7.08, 7.44, 8.12, 8.27, 8.76, 8.92, 9.42, 9.71, 9.75, 10.04, 10.31, 10.44, 11.22, 11.6, 11.84, 12.11, 12.4, 12.72, 12.85, 12.96, 13.04, 14.03, null, null, null, null, null, null, null, null, null, null, null, null, null, null, null, null, null, null, null, null, null, null, null, null, null, null, null, null, null, null, null, null, null, null, null, null, null, null, null, null, null, null, null, null, null, null, null, null, null, null, null, null, null, null, null, null, null, null, null, null, null]}]], "is_list": {"id": false, "agg": false, "c1": false, "c1_number": false, "c2": false, "c2_number": false, "c3": false, "c4": false, "c5": false, "c5_number": false, "c5_min": false, "c5_sec": false, "c6": false, "c6_number": false, "c7": false, "c7_number": false, "c7_min": false, "c7_sec": false, "c8": false, "c8_number": false, "c9": false, "c9_number": false, "c9_min": false, "c9_sec": false, "c10": false, "c10_number": false}}