{"headers": ["id", "agg", "team", "city", "venue", "capacity", "head coach", "team captain", "past season"], "types": ["id", "agg", "text", "text", "text", "number", "text", "text", "rank"], "contents": [[{"col": "id", "type": "INTEGER", "data": [1, 2, 3, 4, 5, 6, 7, 8, 9, 10, 11, 12, 13, 14, 15, 16, 17, 18]}], [{"col": "agg", "type": "INTEGER", "data": [0, 0, 0, 0, 0, 0, 0, 0, 0, 0, 0, 0, 0, 0, 0, 0, 0, 0]}], [{"col": "c1", "type": "TEXT", "data": ["aboomoslem", "bargh shiraz", "damash gilan", "est. ahvaz", "esteghlal", "foolad", "malavan", "mes kerman", "moghavemat", "pas hamedan", "paykan", "payam", "persepolis", "rah ahan", "saba qom", "saipa", "sepahan", "zob ahan"]}], [{"col": "c2", "type": "TEXT", "data": ["mashhad", "shiraz", "rasht", "ahvaz", "tehran", "ahvaz", "anzali", "kerman", "shiraz", "hamedan", "qazvin", "mashhad", "tehran", "rey, iran", "qom", "karaj", "esfahan", "esfahan"]}], [{"col": "c3", "type": "TEXT", "data": ["samen", "hafezieh", "sardar jangal", "takhti ahvaz", "azadi", "takhti ahvaz", "takhti anzali", "shahid bahonar", "hafezieh", "ghods", "shahid rajaei", "samen", "azadi", "rah ahan", "yadegar emam", "enghelab karaj", "foolad shahr", "foolad shahr"]}], [{"col": "c4", "type": "TEXT", "data": ["35000", "20000", "15000", "30000", "90000", "15000", "8000", "15000", "20000", "5000", "5000", "35000", "90000", "15000", "15000", "15000", "25000", "25000"]}, {"col": "c4_number", "type": "REAL", "data": [35000.0, 20000.0, 15000.0, 30000.0, 90000.0, 15000.0, 8000.0, 15000.0, 20000.0, 5000.0, 5000.0, 35000.0, 90000.0, 15000.0, 15000.0, 15000.0, 25000.0, 25000.0]}], [{"col": "c5", "type": "TEXT", "data": ["ali hanteh", "rasoul korbekandi", "stanko poklepovic", "khodadad azizi", "amir ghalenoei", "majid jalali", "mohammad ahmadzadeh", "parviz mazloomi", "gholam hossein peyrovani", "vinko begovic", "ali asghar modir roosta", "kazem ghiyasiyan", "nelo vingada", "mehdi tartar", "firouz karimi", "mohammad mayeli kohan", "farhad kazemi", "mansour ebrahimzadeh"]}], [{"col": "c6", "type": "TEXT", "data": ["saeed khani", "sattar zare", "mohammad reza mahdavi", "afshin komaei", "farhad majidi", "ali badavi", "masoud gholamalizad", "farzad hosseinkhani", "mostafa sabri", "omid khouraj", "mohammad reza tahmasebi", "mehdi hasheminasab", "karim bagheri", "ahmad taghavi", "yahya golmohammadi", "ebrahim sadeghi", "moharram navidkia", "mohammad salsali"]}], [{"col": "c7", "type": "TEXT", "data": ["4th", "7th", "15th", "8th", "13th", "qualifier", "16th", "10th", "14th", "5th", "9th", "qualifier", "champion", "12th", "3rd", "11th", "2nd", "6th"]}, {"col": "c7_number", "type": "REAL", "data": [4.0, 7.0, 15.0, 8.0, 13.0, null, 16.0, 10.0, 14.0, 5.0, 9.0, null, null, 12.0, 3.0, 11.0, 2.0, 6.0]}]], "is_list": {"id": false, "agg": false, "c1": false, "c2": false, "c3": false, "c4": false, "c4_number": false, "c5": false, "c6": false, "c7": false, "c7_number": false}}