{"headers": ["id", "agg", "county", "km", "intersecting road", "notes", "coordinates"], "types": ["id", "agg", "text", "number", "<c,text(text)>", "text", "text"], "contents": [[{"col": "id", "type": "INTEGER", "data": [1, 2, 3, 4, 5, 6, 7, 8, 9, 10, 11, 12]}], [{"col": "agg", "type": "INTEGER", "data": [0, 0, 0, 0, 0, 0, 0, 0, 0, 0, 0, 0]}], [{"col": "c1", "type": "TEXT", "data": ["rocky view county", "rocky view county", "rocky view county", "rocky view county", "rocky view county", "rocky view county", "rocky view county", "rocky view county", "rocky view county", "rocky view county", "rocky view county", "rocky view county"]}], [{"col": "c2", "type": "TEXT", "data": ["0", "3", "5", "7", "10", "11", "13", "18", "28", "32", "34", "36"]}, {"col": "c2_number", "type": "REAL", "data": [0.0, 3.0, 5.0, 7.0, 10.0, 11.0, 13.0, 18.0, 28.0, 32.0, 34.0, 36.0]}], [{"col": "c3", "type": "TEXT", "data": ["hwy 772 (symons valley road), range road 22", "panorama road (24 street nw), range road 15", "14 street nw, range road 14", "centre street n, range road 13", "15 street ne (calgary), 8 street (airdrie), range road 11", "hwy 2, range road 10, fifth meridian, 114\u00b0 longitude", "range road 293, 36 street ne", "range road 290, 84 street ne", "hwy 791, range road 280", "range road 273", "hwy 9, range road 272", "1 avenue, range road 271"]}, {"col": "c3_list", "type": "LIST TEXT", "data": [["hwy 772 (symons valley road)", "range road 22"], ["panorama road (24 street nw)", "range road 15"], ["14 street nw", "range road 14"], ["centre street n", "range road 13"], ["15 street ne (calgary)", "8 street (airdrie)", "range road 11"], ["hwy 2", "range road 10", "fifth meridian", "114\u00b0 longitude"], ["range road 293", "36 street ne"], ["range road 290", "84 street ne"], ["hwy 791", "range road 280"], ["range road 273"], ["hwy 9", "range road 272"], ["1 avenue", "range road 271"]]}, {"col": "c3_length", "type": "INTEGER", "data": [2, 2, 2, 2, 3, 4, 2, 2, 2, 1, 2, 2]}, {"col": "c3_list_first", "type": "LIST TEXT", "data": [["hwy 772", "range road 22"], ["panorama road", "range road 15"], ["14 street nw", "range road 14"], ["centre street n", "range road 13"], ["15 street ne", "8 street", "range road 11"], ["hwy 2", "range road 10", "fifth meridian", "114\u00b0 longitude"], ["range road 293", "36 street ne"], ["range road 290", "84 street ne"], ["hwy 791", "range road 280"], ["range road 273"], ["hwy 9", "range road 272"], ["1 avenue", "range road 271"]]}, {"col": "c3_list_second", "type": "LIST TEXT", "data": [["symons valley road"], ["24 street nw"], [], [], ["calgary", "airdrie"], [], [], [], [], [], [], []]}], [{"col": "c4", "type": "TEXT", "data": ["north to madden\nsouth to sage hill & evanston", "south to evanston", "south to panorama hills", "formerly highway 782\nsouth to coventry hills", "balzac\nsouth to stony industrial", "grade separated\nnorth to airdrie\nsouth to deerfoot trail", "crossiron mills shopping centre\nsouth to stony industrial", null, "south to delacour", "kathyrn", "north to irricana\nsouth to langdon", "keoma"]}], [{"col": "c5", "type": "TEXT", "data": ["51\u00b013\u20324\u2032\u2032n 114\u00b09\u203252\u2032\u2032w\ufeff / \ufeff51.21778\u00b0n 114.16444\u00b0w", "51\u00b012\u203245\u2032\u2032n 114\u00b07\u20325\u2032\u2032w\ufeff / \ufeff51.21250\u00b0n 114.11806\u00b0w", "51\u00b012\u203245\u2032\u2032n 114\u00b05\u203241\u2032\u2032w\ufeff / \ufeff51.21250\u00b0n 114.09472\u00b0w", "51\u00b012\u203245\u2032\u2032n 114\u00b04\u203217\u2032\u2032w\ufeff / \ufeff51.21250\u00b0n 114.07139\u00b0w", "51\u00b012\u203245\u2032\u2032n 114\u00b01\u203229\u2032\u2032w\ufeff / \ufeff51.21250\u00b0n 114.02472\u00b0w", "51\u00b012\u203245\u2032\u2032n 114\u00b00\u20325\u2032\u2032w\ufeff / \ufeff51.21250\u00b0n 114.00139\u00b0w", "51\u00b012\u203245\u2032\u2032n 113\u00b058\u203254\u2032\u2032w\ufeff / \ufeff51.21250\u00b0n 113.98167\u00b0w", "51\u00b012\u203245\u2032\u2032n 113\u00b054\u203243\u2032\u2032w\ufeff / \ufeff51.21250\u00b0n 113.91194\u00b0w", "51\u00b012\u203245\u2032\u2032n 113\u00b046\u203221\u2032\u2032w\ufeff / \ufeff51.21250\u00b0n 113.77250\u00b0w", "51\u00b012\u203245\u2032\u2032n 113\u00b042\u203210\u2032\u2032w\ufeff / \ufeff51.21250\u00b0n 113.70278\u00b0w", "51\u00b012\u203245\u2032\u2032n 113\u00b040\u203244\u2032\u2032w\ufeff / \ufeff51.21250\u00b0n 113.67889\u00b0w", "51\u00b012\u203245\u2032\u2032n 113\u00b039\u20323\u2032\u2032w\ufeff / \ufeff51.21250\u00b0n 113.65083\u00b0w"]}]], "is_list": {"id": false, "agg": false, "c1": false, "c2": false, "c2_number": false, "c3": false, "c3_list": true, "c3_length": false, "c3_list_first": true, "c3_list_second": true, "c4": false, "c5": false}}