{"headers": ["id", "agg", "year", "winner", "second", "third", "starters"], "types": ["id", "agg", "number", "text", "text", "text", "number"], "contents": [[{"col": "id", "type": "INTEGER", "data": [1, 2, 3, 4, 5, 6, 7, 8, 9, 10, 11, 12, 13, 14, 15, 16, 17, 18, 19, 20, 21, 22, 23, 24, 25, 26, 27, 28, 29, 30]}], [{"col": "agg", "type": "INTEGER", "data": [0, 0, 0, 0, 0, 0, 0, 0, 0, 0, 0, 0, 0, 0, 0, 0, 0, 0, 0, 0, 0, 0, 0, 0, 0, 0, 0, 0, 0, 0]}], [{"col": "c1", "type": "TEXT", "data": ["2013", "2012", "2011", "2010", "2009", "2008", "2007", "2006", "2005", "2004", "2003", "2002", "2001", "2000", "1999", "1998", "1997", "1996", "1995", "1994", "1993", "1992", "1991", "1990", "1989", "1988", "1987", "1986", "1985", "1984"]}, {"col": "c1_number", "type": "INTEGER", "data": [2013, 2012, 2011, 2010, 2009, 2008, 2007, 2006, 2005, 2004, 2003, 2002, 2001, 2000, 1999, 1998, 1997, 1996, 1995, 1994, 1993, 1992, 1991, 1990, 1989, 1988, 1987, 1986, 1985, 1984]}], [{"col": "c2", "type": "TEXT", "data": ["new year's day", "shanghai bobby", "hansen", "uncle mo", "vale of york", "midshipman", "war pass", "street sense", "stevie wonderboy", "wilko", "action this day", "vindication", "johannesburg", "macho uno", "anees", "answer lively", "favorite trick", "boston harbor", "unbridled's song", "timber country", "brocco", "gilded time", "arazi", "fly so free", "rhythm", "is it true", "success express", "capote", "tasso", "chief's crown"]}], [{"col": "c3", "type": "TEXT", "data": ["havana", "he's had enough", "union rags", "boys at toscanova", "lookin at lucky", "square eddie", "pyro", "circular quay", "henny hughes", "afleet alex", "minister eric", "kafwain", "repent", "point given", "chief seattle", "aly's alley", "dawson's legacy", "acceptable", "hennessy", "eltish", "blumin affair", "it'sali'lknownfact", "bertrando", "take me out", "grand canyon", "easy goer", "regal classic", "qualify", "storm cat", "tank's prospect"]}], [{"col": "c4", "type": "TEXT", "data": ["strong mandate", "capo bastone", "creative cause", "rogue romance", "noble's promise", "street hero", "kodiak kowboy", "great hunter", "first samurai", "sun king", "chapel royal", "hold that tiger", "siphonic", "street cry", "high yield", "cat thief", "nationalore", "ordway", "editor's note", "tejano run", "tabasco cat", "river special", "snappy landing", "lost mountain", "slavic", "tagel", "tejano", "alysheba", "scat dancer", "spend a buck"]}], [{"col": "c5", "type": "TEXT", "data": ["13", "9", "13", "11", "13", "12", "11", "14", "14", "8", "12", "13", "12", "14", "14", "13", "8", "10", "13", "13", "11", "13", "14", "11", "12", "10", "13", "13", "13", "10"]}, {"col": "c5_number", "type": "REAL", "data": [13.0, 9.0, 13.0, 11.0, 13.0, 12.0, 11.0, 14.0, 14.0, 8.0, 12.0, 13.0, 12.0, 14.0, 14.0, 13.0, 8.0, 10.0, 13.0, 13.0, 11.0, 13.0, 14.0, 11.0, 12.0, 10.0, 13.0, 13.0, 13.0, 10.0]}]], "is_list": {"id": false, "agg": false, "c1": false, "c1_number": false, "c2": false, "c3": false, "c4": false, "c5": false, "c5_number": false}}