{"headers": ["id", "agg", "number", "symbol", "name", "21st", "22nd", "23rd", "24th", "25th", "26th", "27th", "28th", "29th", "30th"], "types": ["id", "agg", "number", "text", "text", "number", "number", "number", "number", "number", "number", "number", "number", "number", "number"], "contents": [[{"col": "id", "type": "INTEGER", "data": [1, 2, 3, 4, 5, 6, 7, 8, 9, 10, 11, 12]}], [{"col": "agg", "type": "INTEGER", "data": [0, 0, 0, 0, 0, 0, 0, 0, 0, 0, 0, 0]}], [{"col": "c1", "type": "TEXT", "data": ["21", "22", "23", "24", "25", "26", "27", "28", "29", "30", "36", "42"]}, {"col": "c1_number", "type": "REAL", "data": [21.0, 22.0, 23.0, 24.0, 25.0, 26.0, 27.0, 28.0, 29.0, 30.0, 36.0, 42.0]}], [{"col": "c2", "type": "TEXT", "data": ["sc", "ti", "v", "cr", "mn", "fe", "co", "ni", "cu", "zn", "kr", "mo"]}], [{"col": "c3", "type": "TEXT", "data": ["scandium", "titanium", "vanadium", "chromium", "manganese", "iron", "cobalt", "nickel", "copper", "zinc", "krypton", "molybdenum"]}], [{"col": "c4", "type": "TEXT", "data": ["582163", "602930", "151440", "157700", "158600", "163000", "167400", "169400", "174100", "179100", "85300", "87000"]}, {"col": "c4_number", "type": "REAL", "data": [582163.0, 602930.0, 151440.0, 157700.0, 158600.0, 163000.0, 167400.0, 169400.0, 174100.0, 179100.0, 85300.0, 87000.0]}], [{"col": "c5", "type": "TEXT", "data": [null, "639294", "661050", "166090", "172500", "173600", "178100", "182700", "184900", null, "90400", "93400"]}, {"col": "c5_number", "type": "REAL", "data": [null, 639294.0, 661050.0, 166090.0, 172500.0, 173600.0, 178100.0, 182700.0, 184900.0, null, 90400.0, 93400.0]}], [{"col": "c6", "type": "TEXT", "data": [null, null, "699144", "721870", "181380", "188100", "189300", "194000", "198800", null, "96300", "98420"]}, {"col": "c6_number", "type": "REAL", "data": [null, null, 699144.0, 721870.0, 181380.0, 188100.0, 189300.0, 194000.0, 198800.0, null, 96300.0, 98420.0]}], [{"col": "c7", "type": "TEXT", "data": [null, null, null, "761733", "785450", "195200", "204500", "205600", "210500", null, "101400", "104400"]}, {"col": "c7_number", "type": "REAL", "data": [null, null, null, 761733.0, 785450.0, 195200.0, 204500.0, 205600.0, 210500.0, null, 101400.0, 104400.0]}], [{"col": "c8", "type": "TEXT", "data": [null, null, null, null, "827067", "851800", "214100", "221400", "222700", null, "111100", "121900"]}, {"col": "c8_number", "type": "REAL", "data": [null, null, null, null, 827067.0, 851800.0, 214100.0, 221400.0, 222700.0, null, 111100.0, 121900.0]}], [{"col": "c9", "type": "TEXT", "data": [null, null, null, null, null, "895161", "920870", "231490", "239100", null, "116290", "127700"]}, {"col": "c9_number", "type": "REAL", "data": [null, null, null, null, null, 895161.0, 920870.0, 231490.0, 239100.0, null, 116290.0, 127700.0]}], [{"col": "c10", "type": "TEXT", "data": [null, null, null, null, null, null, "966023", "992718", "249660", null, "282500", "133800"]}, {"col": "c10_number", "type": "REAL", "data": [null, null, null, null, null, null, 966023.0, 992718.0, 249660.0, null, 282500.0, 133800.0]}], [{"col": "c11", "type": "TEXT", "data": [null, null, null, null, null, null, null, "1039668", "1067358", null, "296200", "139800"]}, {"col": "c11_number", "type": "REAL", "data": [null, null, null, null, null, null, null, 1039668.0, 1067358.0, null, 296200.0, 139800.0]}], [{"col": "c12", "type": "TEXT", "data": [null, null, null, null, null, null, null, null, "1116105", null, "311400", "148100"]}, {"col": "c12_number", "type": "REAL", "data": [null, null, null, null, null, null, null, null, 1116105.0, null, 311400.0, 148100.0]}], [{"col": "c13", "type": "TEXT", "data": [null, null, null, null, null, null, null, null, null, null, "326200", "154500"]}, {"col": "c13_number", "type": "REAL", "data": [null, null, null, null, null, null, null, null, null, null, 326200.0, 154500.0]}]], "is_list": {"id": false, "agg": false, "c1": false, "c1_number": false, "c2": false, "c3": false, "c4": false, "c4_number": false, "c5": false, "c5_number": false, "c6": false, "c6_number": false, "c7": false, "c7_number": false, "c8": false, "c8_number": false, "c9": false, "c9_number": false, "c10": false, "c10_number": false, "c11": false, "c11_number": false, "c12": false, "c12_number": false, "c13": false, "c13_number": false}}