{"headers": ["id", "agg", "name(s)", "yard no.", "type (as built)", "owner", "imo number", "laid down", "launched", "delivered/\ncommissioned", "fate/\ndecommissioned", "notes"], "types": ["id", "agg", "text(text)", "number", "text", "text", "number", "date", "date", "date", "date", "text"], "contents": [[{"col": "id", "type": "INTEGER", "data": [1, 2, 3, 4, 5, 6, 7]}], [{"col": "agg", "type": "INTEGER", "data": [0, 0, 0, 0, 0, 0, 0]}], [{"col": "c1", "type": "TEXT", "data": ["sally", "caprice", "eleanor", "uss lawrence (dd-8)", "uss macdonough (dd-9)", "jule", "united states lightship lv-72"]}, {"col": "c1_first", "type": "TEXT", "data": ["sally", "caprice", "eleanor", "uss lawrence", "uss macdonough", "jule", "united states lightship lv-72"]}, {"col": "c1_second", "type": "TEXT", "data": [null, null, null, "dd-8", "dd-9", null, null]}], [{"col": "c2", "type": "TEXT", "data": ["100", "101", "103", "104", "105", "106", "107"]}, {"col": "c2_number", "type": "REAL", "data": [100.0, 101.0, 103.0, 104.0, 105.0, 106.0, 107.0]}], [{"col": "c3", "type": "TEXT", "data": ["yacht", "yacht", "yacht", "bainbridge-class destroyer", "bainbridge-class destroyer", "yacht", "lightvessel"]}], [{"col": "c4", "type": "TEXT", "data": ["lyman", "robinson", "clapp", "u.s. navy", "u.s. navy", "j. arthur", "u.s lighthouse board"]}], [{"col": "c5", "type": "EMPTY", "data": ["", "", "", "", "", "", ""]}], [{"col": "c6", "type": "TEXT", "data": [null, null, null, "10 april 1899", "10 april 1899", null, null]}, {"col": "c6_number", "type": "INTEGER", "data": [null, null, null, 10, 10, null, null]}, {"col": "c6_parsed", "type": "TEXT", "data": [null, null, null, "1899-04-10", "1899-04-10", null, null]}, {"col": "c6_year", "type": "INTEGER", "data": [null, null, null, 1899, 1899, null, null]}, {"col": "c6_month", "type": "INTEGER", "data": [null, null, null, 4, 4, null, null]}, {"col": "c6_day", "type": "INTEGER", "data": [null, null, null, 10, 10, null, null]}], [{"col": "c7", "type": "TEXT", "data": [null, null, null, "7 november 1900", "24 december 1900", null, null]}, {"col": "c7_number", "type": "INTEGER", "data": [null, null, null, 7, 24, null, null]}, {"col": "c7_parsed", "type": "TEXT", "data": [null, null, null, "1900-11-07", "1900-12-24", null, null]}, {"col": "c7_year", "type": "INTEGER", "data": [null, null, null, 1900, 1900, null, null]}, {"col": "c7_month", "type": "INTEGER", "data": [null, null, null, 11, 12, null, null]}, {"col": "c7_day", "type": "INTEGER", "data": [null, null, null, 7, 24, null, null]}], [{"col": "c8", "type": "TEXT", "data": [null, null, null, "7 april 1903", "5 september 1903", "12 june 1899", "13 february 1901"]}, {"col": "c8_number", "type": "INTEGER", "data": [null, null, null, 7, 5, 12, 13]}, {"col": "c8_parsed", "type": "TEXT", "data": [null, null, null, "1903-04-07", "1903-09-05", "1899-06-12", "1901-02-13"]}, {"col": "c8_year", "type": "INTEGER", "data": [null, null, null, 1903, 1903, 1899, 1901]}, {"col": "c8_month", "type": "INTEGER", "data": [null, null, null, 4, 9, 6, 2]}, {"col": "c8_day", "type": "INTEGER", "data": [null, null, null, 7, 5, 12, 13]}], [{"col": "c9", "type": "TEXT", "data": [null, null, null, "20 june 1919", "3 september 1919", null, null]}, {"col": "c9_number", "type": "INTEGER", "data": [null, null, null, 20, 3, null, null]}, {"col": "c9_parsed", "type": "TEXT", "data": [null, null, null, "1919-06-20", "1919-09-03", null, null]}, {"col": "c9_year", "type": "INTEGER", "data": [null, null, null, 1919, 1919, null, null]}, {"col": "c9_month", "type": "INTEGER", "data": [null, null, null, 6, 9, null, null]}, {"col": "c9_day", "type": "INTEGER", "data": [null, null, null, 20, 3, null, null]}], [{"col": "c10", "type": "TEXT", "data": [null, null, null, "sold to joseph g. hitner; scrapped", "sold to joseph g. hitner; scrapped", null, null]}]], "is_list": {"id": false, "agg": false, "c1": false, "c1_first": false, "c1_second": false, "c2": false, "c2_number": false, "c3": false, "c4": false, "c5": false, "c6": false, "c6_number": false, "c6_parsed": false, "c6_year": false, "c6_month": false, "c6_day": false, "c7": false, "c7_number": false, "c7_parsed": false, "c7_year": false, "c7_month": false, "c7_day": false, "c8": false, "c8_number": false, "c8_parsed": false, "c8_year": false, "c8_month": false, "c8_day": false, "c9": false, "c9_number": false, "c9_parsed": false, "c9_year": false, "c9_month": false, "c9_day": false, "c10": false}}