{"headers": ["id", "agg", "rank", "athlete", "nationality", "time"], "types": ["id", "agg", "number", "text", "text", "time"], "contents": [[{"col": "id", "type": "INTEGER", "data": [1, 2, 3, 4, 5, 6, 7, 8]}], [{"col": "agg", "type": "INTEGER", "data": [0, 0, 0, 0, 0, 0, 0, 0]}], [{"col": "c1", "type": "TEXT", "data": [null, null, null, "4", "5", "6", "7", "8"]}, {"col": "c1_number", "type": "REAL", "data": [null, null, null, 4.0, 5.0, 6.0, 7.0, 8.0]}], [{"col": "c2", "type": "TEXT", "data": ["liliana barbulescu", "anna zagorska", "irina vashentseva", "laura gerber", "christiane dos santos", "tamara volkova", "tatyana yegorova", "sandra teixeira"]}], [{"col": "c3", "type": "TEXT", "data": ["romania", "poland", "russia", "switzerland", "brazil", "ukraine", "russia", "portugal"]}], [{"col": "c4", "type": "TEXT", "data": ["2:00.06", "2:00.11", "2:00.77", "2:01.39", "2:01.53", "2:01.86", "2:02.64", "2:03.01"]}, {"col": "c4_number", "type": "INTEGER", "data": [2, 2, 2, 2, 2, 2, 2, 2]}, {"col": "c4_min", "type": "INTEGER", "data": [2, 2, 2, 2, 2, 2, 2, 2]}, {"col": "c4_sec", "type": "REAL", "data": [0.06, 0.11, 0.77, 1.39, 1.53, 1.86, 2.64, 3.01]}]], "is_list": {"id": false, "agg": false, "c1": false, "c1_number": false, "c2": false, "c3": false, "c4": false, "c4_number": false, "c4_min": false, "c4_sec": false}}