{"headers": ["id", "agg", "no.", "date", "location", "surface", "opponent in final", "score"], "types": ["id", "agg", "number", "date", "text", "text", "text", "<w,score(number)>"], "contents": [[{"col": "id", "type": "INTEGER", "data": [1, 2, 3, 4, 5, 6, 7, 8]}], [{"col": "agg", "type": "INTEGER", "data": [0, 0, 0, 0, 0, 0, 0, 0]}], [{"col": "c1", "type": "TEXT", "data": ["1", "2", "3", "4", "5", "6", "7", "8"]}, {"col": "c1_number", "type": "REAL", "data": [1.0, 2.0, 3.0, 4.0, 5.0, 6.0, 7.0, 8.0]}], [{"col": "c2", "type": "TEXT", "data": ["28 august 2000", "9 april 2001", "16 april 2001", "15 october 2002", "5 november 2002", "14 april 2003", "27 april 2009", "1 june 2009"]}, {"col": "c2_number", "type": "INTEGER", "data": [28, 9, 16, 15, 5, 14, 27, 1]}, {"col": "c2_parsed", "type": "TEXT", "data": ["2000-08-28", "2001-04-09", "2001-04-16", "2002-10-15", "2002-11-05", "2003-04-14", "2009-04-27", "2009-06-01"]}, {"col": "c2_year", "type": "INTEGER", "data": [2000, 2001, 2001, 2002, 2002, 2003, 2009, 2009]}, {"col": "c2_month", "type": "INTEGER", "data": [8, 4, 4, 10, 11, 4, 4, 6]}, {"col": "c2_day", "type": "INTEGER", "data": [28, 9, 16, 15, 5, 14, 27, 1]}], [{"col": "c3", "type": "TEXT", "data": ["spoleto, italy $10,000", "san luis potosi, mexico $25,000", "coatzacoalcos, mexico $25,000", "sedona, usa $25,000", "pittsburgh, usa $50,000", "san luis potosi, mexico $25,000", "cagnes-sur-mer, france $100,000", "nottingham, england $50,000"]}], [{"col": "c4", "type": "TEXT", "data": ["clay", "clay", "hard", "hard", "hard", "clay", "clay", "grass"]}], [{"col": "c5", "type": "TEXT", "data": ["maret ani", "martina muller", "gabriela volekova", "brie rippner", "maria sharapova", "maria vanina garcia sokol", "zuzana ondraskova", "stefanie vogele"]}], [{"col": "c6", "type": "TEXT", "data": ["6-2 7-6(7)", "6-4 7-5", "6-1 6-3", "6-3 4-6 6-3", "7-6(4) 6-2", "6-0 6-4", "6-1 6-2", "6-2 4-6 6-1"]}, {"col": "c6_list", "type": "LIST TEXT", "data": [["6-2", "7-6(7)"], ["6-4", "7-5"], ["6-1", "6-3"], ["6-3", "4-6", "6-3"], ["7-6(4)", "6-2"], ["6-0", "6-4"], ["6-1", "6-2"], ["6-2", "4-6", "6-1"]]}, {"col": "c6_length", "type": "INTEGER", "data": [2, 2, 2, 3, 2, 2, 2, 3]}, {"col": "c6_list_first", "type": "LIST TEXT", "data": [["6-2", "7-6"], ["6-4", "7-5"], ["6-1", "6-3"], ["6-3", "4-6", "6-3"], ["7-6", "6-2"], ["6-0", "6-4"], ["6-1", "6-2"], ["6-2", "4-6", "6-1"]]}, {"col": "c6_list_second", "type": "LIST TEXT", "data": [["7"], [], [], [], ["4"], [], [], []]}, {"col": "c6_list_first_number", "type": "LIST INTEGER", "data": [[6, 7], [6, 7], [6, 6], [6, 4, 6], [7, 6], [6, 6], [6, 6], [6, 4, 6]]}, {"col": "c6_list_first_number1", "type": "LIST INTEGER", "data": [[6, 7], [6, 7], [6, 6], [6, 4, 6], [7, 6], [6, 6], [6, 6], [6, 4, 6]]}, {"col": "c6_list_first_number2", "type": "LIST INTEGER", "data": [[2, 6], [4, 5], [1, 3], [3, 6, 3], [6, 2], [0, 4], [1, 2], [2, 6, 1]]}, {"col": "c6_list_second_number", "type": "LIST REAL", "data": [[7.0], [], [], [], [4.0], [], [], []]}]], "is_list": {"id": false, "agg": false, "c1": false, "c1_number": false, "c2": false, "c2_number": false, "c2_parsed": false, "c2_year": false, "c2_month": false, "c2_day": false, "c3": false, "c4": false, "c5": false, "c6": false, "c6_list": true, "c6_length": false, "c6_list_first": true, "c6_list_second": true, "c6_list_first_number": true, "c6_list_first_number1": true, "c6_list_first_number2": true, "c6_list_second_number": true}}