{"headers": ["id", "agg", "place", "nation", "5 hoops", "3 balls,\n2 ribbons", "total"], "types": ["id", "agg", "number", "text", "number(number)", "number(number)", "number"], "contents": [[{"col": "id", "type": "INTEGER", "data": [1, 2, 3, 4, 5, 6, 7, 8]}], [{"col": "agg", "type": "INTEGER", "data": [0, 0, 0, 0, 0, 0, 0, 0]}], [{"col": "c1", "type": "TEXT", "data": ["1", "2", "3", "4", "5", "6", "7", "8"]}, {"col": "c1_number", "type": "REAL", "data": [1.0, 2.0, 3.0, 4.0, 5.0, 6.0, 7.0, 8.0]}], [{"col": "c2", "type": "TEXT", "data": ["bulgaria", "spain", "belarus", "russia", "ukraine", "japan", "italy", "hungary"]}], [{"col": "c3", "type": "TEXT", "data": ["19.800 (1)", "19.700 (3)", "19.733 (2)", "19.600 (4)", "19.366 (5)", "19.166 (6)", "19.066 (7)", "18.766 (8)"]}, {"col": "c3_first", "type": "TEXT", "data": ["19.800", "19.700", "19.733", "19.600", "19.366", "19.166", "19.066", "18.766"]}, {"col": "c3_second", "type": "TEXT", "data": ["1", "3", "2", "4", "5", "6", "7", "8"]}, {"col": "c3_first_number", "type": "REAL", "data": [19.8, 19.7, 19.733, 19.6, 19.366, 19.166, 19.066, 18.766]}, {"col": "c3_second_number", "type": "REAL", "data": [1.0, 3.0, 2.0, 4.0, 5.0, 6.0, 7.0, 8.0]}], [{"col": "c4", "type": "TEXT", "data": ["19.800 (1)", "19.700 (2)", "19.600 (3)", "19.566 (4)", "15.500 (5)", "19.333 (7)", "19.400 (6)", "19.166 (8)"]}, {"col": "c4_first", "type": "TEXT", "data": ["19.800", "19.700", "19.600", "19.566", "15.500", "19.333", "19.400", "19.166"]}, {"col": "c4_second", "type": "TEXT", "data": ["1", "2", "3", "4", "5", "7", "6", "8"]}, {"col": "c4_first_number", "type": "REAL", "data": [19.8, 19.7, 19.6, 19.566, 15.5, 19.333, 19.4, 19.166]}, {"col": "c4_second_number", "type": "REAL", "data": [1.0, 2.0, 3.0, 4.0, 5.0, 7.0, 6.0, 8.0]}], [{"col": "c5", "type": "TEXT", "data": ["39.600", "39.400", "39.333", "39.166", "38.866", "38.499", "38.466", "37.932"]}, {"col": "c5_number", "type": "REAL", "data": [39.6, 39.4, 39.333, 39.166, 38.866, 38.499, 38.466, 37.932]}]], "is_list": {"id": false, "agg": false, "c1": false, "c1_number": false, "c2": false, "c3": false, "c3_first": false, "c3_second": false, "c3_first_number": false, "c3_second_number": false, "c4": false, "c4_first": false, "c4_second": false, "c4_first_number": false, "c4_second_number": false, "c5": false, "c5_number": false}}