{"headers": ["id", "agg", "year", "place", "gold", "silver", "bronze"], "types": ["id", "agg", "number", "text", "text(text)", "text(text)", "text(text)"], "contents": [[{"col": "id", "type": "INTEGER", "data": [1, 2, 3, 4, 5, 6, 7, 8, 9, 10, 11, 12, 13, 14, 15, 16, 17, 18, 19, 20, 21, 22, 23, 24, 25, 26, 27, 28, 29, 30, 31, 32]}], [{"col": "agg", "type": "INTEGER", "data": [0, 0, 0, 0, 0, 0, 0, 0, 0, 0, 0, 0, 0, 0, 0, 0, 0, 0, 0, 0, 0, 0, 0, 0, 0, 0, 0, 0, 0, 0, 0, 0]}], [{"col": "c1", "type": "TEXT", "data": ["1962", "1966", "1967", "1969", "1970", "1971", "1974", "1975", "1977", "1978", "1979", "1981", "1982", "1983", "1985", "1986", "1987", "1989", "1990", "1991", "1994", "1995", "1997", "1998", "1999", "2001", "2002", "2003", "2005", "2006", "2007", "2009"]}, {"col": "c1_number", "type": "INTEGER", "data": [1962, 1966, 1967, 1969, 1970, 1971, 1974, 1975, 1977, 1978, 1979, 1981, 1982, 1983, 1985, 1986, 1987, 1989, 1990, 1991, 1994, 1995, 1997, 1998, 1999, 2001, 2002, 2003, 2005, 2006, 2007, 2009]}], [{"col": "c2", "type": "TEXT", "data": ["cairo", "wiesbaden", "bologna", "san sebastian", "phoenix", "bologna", "bern", "munich", "antibes", "seoul", "montecatini terme", "tucuman", "caracas", "edmonton", "montecatini terme", "suhl", "valencia", "montecatini terme", "moscow", "perth", "fagnano", "nicosia", "lima", "barcelona", "tampere", "cairo", "lahti", "nicosia", "lonato", "zagreb", "nicosia", "maribor"]}], [{"col": "c3", "type": "TEXT", "data": ["mercedes mata (ven)", "claudia smirnova (urs)", "larisa gurvich (urs)", "nuria ortiz (mex)", "larissa korchinskaya (urs)", "nuria ortiz (mex)", "larissa korchinskaya (urs)", "larisa gurvich (urs)", "ruth jordan (frg)", "bianca rosa hansberg (ita)", "bianca rosa hansberg (ita)", "lanying wu (chn)", "svetlana yakimova (urs)", "svetlana yakimova (urs)", "terry carlisle (usa)", "svetlana demina (urs)", "meimei feng (chn)", "shan zhang (chn)", "svetlana demina (urs)", "jong ran pak (prk)", "erdzhanik avetisyan (arm)", "zemfira meftakhetdinova (aze)", "antonella parrini (ita)", "diana igaly (hun)", "erdzhanik avetisyan (rus)", "zemfira meftakhetdinova (aze)", "diana igaly (hun)", "ning wei (chn)", "veronique girardet-allard (fra)", "erdzhanik avetisyan (rus)", "christine brinker (ger)", "christine brinker (ger)"]}, {"col": "c3_first", "type": "TEXT", "data": ["mercedes mata", "claudia smirnova", "larisa gurvich", "nuria ortiz", "larissa korchinskaya", "nuria ortiz", "larissa korchinskaya", "larisa gurvich", "ruth jordan", "bianca rosa hansberg", "bianca rosa hansberg", "lanying wu", "svetlana yakimova", "svetlana yakimova", "terry carlisle", "svetlana demina", "meimei feng", "shan zhang", "svetlana demina", "jong ran pak", "erdzhanik avetisyan", "zemfira meftakhetdinova", "antonella parrini", "diana igaly", "erdzhanik avetisyan", "zemfira meftakhetdinova", "diana igaly", "ning wei", "veronique girardet-allard", "erdzhanik avetisyan", "christine brinker", "christine brinker"]}, {"col": "c3_second", "type": "TEXT", "data": ["ven", "urs", "urs", "mex", "urs", "mex", "urs", "urs", "frg", "ita", "ita", "chn", "urs", "urs", "usa", "urs", "chn", "chn", "urs", "prk", "arm", "aze", "ita", "hun", "rus", "aze", "hun", "chn", "fra", "rus", "ger", "ger"]}], [{"col": "c4", "type": "TEXT", "data": ["marjorie annan (usa)", "mercedes garcia (ven)", "claudia smirnova (urs)", "larisa gurvich (urs)", "nuria ortiz (mex)", "larissa korchinskaya (urs)", "saskia brixner (frg)", "pinky le grelle (bel)", "ila hill (usa)", "terry bankey (usa)", "larisa gurvich (urs)", "ila hill (usa)", "meimei feng (chn)", "nuria ortiz (mex)", "ling liu (chn)", "michaela rink (frg)", "bonnie mc laurin (usa)", "antonella parrini (ita)", "erzsebet vasvari (hun)", "svetlana demina (urs)", "diana igaly (hun)", "connie schiller (usa)", "diana valk (ned)", "shan zhang (chn)", "cristina vitali (ita)", "olga panarina (rus)", "andrea stranovska (svk)", "katiuscia spada (ita)", "cristina vitali (ita)", "chiara cainero (ita)", "ning wei (chn)", "sutiya jiewchaloemmit (tha)"]}, {"col": "c4_first", "type": "TEXT", "data": ["marjorie annan", "mercedes garcia", "claudia smirnova", "larisa gurvich", "nuria ortiz", "larissa korchinskaya", "saskia brixner", "pinky le grelle", "ila hill", "terry bankey", "larisa gurvich", "ila hill", "meimei feng", "nuria ortiz", "ling liu", "michaela rink", "bonnie mc laurin", "antonella parrini", "erzsebet vasvari", "svetlana demina", "diana igaly", "connie schiller", "diana valk", "shan zhang", "cristina vitali", "olga panarina", "andrea stranovska", "katiuscia spada", "cristina vitali", "chiara cainero", "ning wei", "sutiya jiewchaloemmit"]}, {"col": "c4_second", "type": "TEXT", "data": ["usa", "ven", "urs", "urs", "mex", "urs", "frg", "bel", "usa", "usa", "urs", "usa", "chn", "mex", "chn", "frg", "usa", "ita", "hun", "urs", "hun", "usa", "ned", "chn", "ita", "rus", "svk", "ita", "ita", "ita", "chn", "tha"]}], [{"col": "c5", "type": "TEXT", "data": ["elena shebashova (urs)", "michele valery (fra)", "mirella lenzini (ita)", "elena shebashova (urs)", "kari linden (nor)", "kari linden (nor)", "evior melander (swe)", "ruth jordan (frg)", "bianca rosa hansberg (ita)", "ruth jordan (frg)", "svetlana yakimova (urs)", "bianca rosa hansberg (ita)", "weiping shao (chn)", "terry carlisle (usa)", "weiping shao (chn)", "connie schiller (usa)", "nuria ortiz (mex)", "erzsebet vasvari (hun)", "shan zhang (chn)", "erzsebet vasvari (hun)", "daniela bolis (ita)", "diana igaly (hun)", "jaana pitkanen (fin)", "andrea stranovska (svk)", "svetlana demina (rus)", "cristina vitali (ita)", "elena little (gbr)", "diana igaly (hun)", "danka bartekova (svk)", "danka bartekova (svk)", "chiara cainero (ita)", "katiuscia spada (ita)"]}, {"col": "c5_first", "type": "TEXT", "data": ["elena shebashova", "michele valery", "mirella lenzini", "elena shebashova", "kari linden", "kari linden", "evior melander", "ruth jordan", "bianca rosa hansberg", "ruth jordan", "svetlana yakimova", "bianca rosa hansberg", "weiping shao", "terry carlisle", "weiping shao", "connie schiller", "nuria ortiz", "erzsebet vasvari", "shan zhang", "erzsebet vasvari", "daniela bolis", "diana igaly", "jaana pitkanen", "andrea stranovska", "svetlana demina", "cristina vitali", "elena little", "diana igaly", "danka bartekova", "danka bartekova", "chiara cainero", "katiuscia spada"]}, {"col": "c5_second", "type": "TEXT", "data": ["urs", "fra", "ita", "urs", "nor", "nor", "swe", "frg", "ita", "frg", "urs", "ita", "chn", "usa", "chn", "usa", "mex", "hun", "chn", "hun", "ita", "hun", "fin", "svk", "rus", "ita", "gbr", "hun", "svk", "svk", "ita", "ita"]}]], "is_list": {"id": false, "agg": false, "c1": false, "c1_number": false, "c2": false, "c3": false, "c3_first": false, "c3_second": false, "c4": false, "c4_first": false, "c4_second": false, "c5": false, "c5_first": false, "c5_second": false}}