{"headers": ["id", "agg", "first name", "surname", "death year", "beginning of\nservice", "end of\nservice", "notes"], "types": ["id", "agg", "text", "text", "number", "<f, number>", "<f, number>", "text"], "contents": [[{"col": "id", "type": "INTEGER", "data": [1, 2, 3, 4, 5, 6, 7, 8, 9, 10, 11, 12, 13, 14, 15, 16, 17, 18, 19, 20, 21, 22, 23, 24, 25, 26, 27, 28, 29, 30, 31, 32, 33, 34, 35, 36, 37, 38, 39, 40, 41, 42, 43, 44, 45, 46, 47, 48, 49, 50, 51, 52, 53, 54, 55, 56, 57, 58, 59, 60, 61, 62, 63, 64, 65, 66, 67, 68, 69, 70, 71, 72, 73, 74, 75, 76, 77, 78, 79, 80, 81, 82, 83, 84, 85, 86, 87, 88, 89, 90, 91, 92]}], [{"col": "agg", "type": "INTEGER", "data": [0, 0, 0, 0, 0, 0, 0, 0, 0, 0, 0, 0, 0, 0, 0, 0, 0, 0, 0, 0, 0, 0, 0, 0, 0, 0, 0, 0, 0, 0, 0, 0, 0, 0, 0, 0, 0, 0, 0, 0, 0, 0, 0, 0, 0, 0, 0, 0, 0, 0, 0, 0, 0, 0, 0, 0, 0, 0, 0, 0, 0, 0, 0, 0, 0, 0, 0, 0, 0, 0, 0, 0, 0, 0, 0, 0, 0, 0, 0, 0, 0, 0, 0, 0, 0, 0, 0, 0, 0, 0, 0, 0]}], [{"col": "c1", "type": "TEXT", "data": ["pilzbach", "fritsch", "kempf", "aizele", "bottka", "vendeschu", "einsner", "bartl", "loschardt", "pallanik", "seitz", "amschlinger", "gehl", "rothmayer", "schummer", "schutz", "eisele", "dietl", "misenko", "palya", "simonich", "schiller szantho", "elsner", "schrotz", "fiedler", "hager", "fulda", "blaskovics", "rudolf", "waltner", "rech", "szekely", "toth", "lischerong", "strubert", "wild", "lindnder", "eisele", "juhasz", "kauschitz", "benz", "janisch", "honig", "brosos", "hardt", "hauptamnn", "hampel", "willw", "schwartz", "gerstenengst", "voo", "lackner", "kokos", "buding", "katic", "borth", "demele", "neu", "babeu", "fritz", "hajdu", "hoher", "dobra", "henger", "nagy", "dragomir", "lovasz", "mutiu", "matei", "pal", "szocs", "medek", "catici", "balogh", "wonerth", "ebenspanger", "zarioiu", "grega", "groza", "debert", "palie", "gyorgy", "altman", "conceanga", "fecheta", "tampu", "jager", "rebegila", "lucacela", "kozovits", "lunic", "varga"]}], [{"col": "c2", "type": "TEXT", "data": ["johann adam", "lorenz", "laurentius", "matthias", "paul", "augustin johann", "georg", "anton", "ferdinand", "johann", "michael", "franz", "othmar", "siegmund", "rudolf", "nikolaus", "matthias", "august gustav", "josef", "matthias", "maximilian", "geza", "josef", "stefan", "stefan", "nikolaus", "paul", "adalbert", "josef", "josef", "karl geza", "franz", "stefan", "matthias", "peter", "josef", "wendelin", "josef", "tibor", "antonius", "johannes", "desiderius", "franz", "ludwig", "alfons", "ferdinand", "karl", "andreas", "josef", "josef", "peter", "paul", "alexander", "zoltan", "theodor", "nikolaus\npater gottfried", "vencel", "anton", "mihai", "anton", "josef", "otto", "petar", "michael", "carol", "andrei gheorghe", "reinhold", "petru", "peter gottlieb", "jozsef csaba", "laszlo", "ioan siegfried", "gheorghe", "andras", "laszlo", "ferenc", "iuliu", "bertram", "dan", "reiner", "veniamin", "zoltan", "josef", "ulderic", "virgil", "petru", "martin", "petru", "davor", "attila", "daniel", "janos"]}], [{"col": "c3", "type": "TEXT", "data": ["1802", null, null, "1856", "1872", "1896", null, "1897", "1914", "1922", "1930", "1946", "1951", "1902", "1944", null, "1944", "1928", null, "1915", null, "1950", "1965", "1967", null, null, null, "1981", null, "1986", "1956", null, null, "1950", "1956", "1961", null, "1981", null, null, "1985", null, null, null, null, "1989", null, null, null, "1992", null, "1987", "1954", "1996", null, null, "1999", null, null, null, null, "2006", null, null, null, null, null, null, null, null, null, null, null, null, null, null, null, null, null, null, null, null, null, null, null, null, null, null, null, null, null, null]}, {"col": "c3_number", "type": "INTEGER", "data": [1802, null, null, 1856, 1872, 1896, null, 1897, 1914, 1922, 1930, 1946, 1951, 1902, 1944, null, 1944, 1928, null, 1915, null, 1950, 1965, 1967, null, null, null, 1981, null, 1986, 1956, null, null, 1950, 1956, 1961, null, 1981, null, null, 1985, null, null, null, null, 1989, null, null, null, 1992, null, 1987, 1954, 1996, null, null, 1999, null, null, null, null, 2006, null, null, null, null, null, null, null, null, null, null, null, null, null, null, null, null, null, null, null, null, null, null, null, null, null, null, null, null, null, null]}], [{"col": "c4", "type": "TEXT", "data": ["1772", "1794", "1798", "1812", "1836", "1845", "1846", "1870", "1893", "1888", "1883", "1894", "1892", "1899", "1893", "1899", "1901", "1901", "1902", "1903", "1903", "1908", "1911", "1912", "1916", "1917", "1922", "1912/1956", "1912", "1920", "1924", "1923", "1936", "1925", "1924", "1927", "1925", "1926", "1930", "1933", "1936", "1934", "1926", "1933", "1927", null, "1934", "1941", "1942", "1946", "1940", "1946", "1953", "1955/1995", "1955", "1958", "1959", "1963", "1965", "1972", "1974", "1976", "1977", "1978", "1979", "1980", "1982", "1983", "1983", "1987", "1987", "1988", "1988", "1988", "1989", "1989", "1990", "1991", "1992", "1993", "1994", "1996", "1997", "1997/2001", "1998", "1999", "2002", "2004", "2006", "2008", "2009", "2013"]}, {"col": "c4_list", "type": "LIST TEXT", "data": [["1772"], ["1794"], ["1798"], ["1812"], ["1836"], ["1845"], ["1846"], ["1870"], ["1893"], ["1888"], ["1883"], ["1894"], ["1892"], ["1899"], ["1893"], ["1899"], ["1901"], ["1901"], ["1902"], ["1903"], ["1903"], ["1908"], ["1911"], ["1912"], ["1916"], ["1917"], ["1922"], ["1912", "1956"], ["1912"], ["1920"], ["1924"], ["1923"], ["1936"], ["1925"], ["1924"], ["1927"], ["1925"], ["1926"], ["1930"], ["1933"], ["1936"], ["1934"], ["1926"], ["1933"], ["1927"], [], ["1934"], ["1941"], ["1942"], ["1946"], ["1940"], ["1946"], ["1953"], ["1955", "1995"], ["1955"], ["1958"], ["1959"], ["1963"], ["1965"], ["1972"], ["1974"], ["1976"], ["1977"], ["1978"], ["1979"], ["1980"], ["1982"], ["1983"], ["1983"], ["1987"], ["1987"], ["1988"], ["1988"], ["1988"], ["1989"], ["1989"], ["1990"], ["1991"], ["1992"], ["1993"], ["1994"], ["1996"], ["1997"], ["1997", "2001"], ["1998"], ["1999"], ["2002"], ["2004"], ["2006"], ["2008"], ["2009"], ["2013"]]}, {"col": "c4_length", "type": "INTEGER", "data": [1, 1, 1, 1, 1, 1, 1, 1, 1, 1, 1, 1, 1, 1, 1, 1, 1, 1, 1, 1, 1, 1, 1, 1, 1, 1, 1, 2, 1, 1, 1, 1, 1, 1, 1, 1, 1, 1, 1, 1, 1, 1, 1, 1, 1, 0, 1, 1, 1, 1, 1, 1, 1, 2, 1, 1, 1, 1, 1, 1, 1, 1, 1, 1, 1, 1, 1, 1, 1, 1, 1, 1, 1, 1, 1, 1, 1, 1, 1, 1, 1, 1, 1, 2, 1, 1, 1, 1, 1, 1, 1, 1]}, {"col": "c4_list_number", "type": "LIST INTEGER", "data": [[1772], [1794], [1798], [1812], [1836], [1845], [1846], [1870], [1893], [1888], [1883], [1894], [1892], [1899], [1893], [1899], [1901], [1901], [1902], [1903], [1903], [1908], [1911], [1912], [1916], [1917], [1922], [1912, 1956], [1912], [1920], [1924], [1923], [1936], [1925], [1924], [1927], [1925], [1926], [1930], [1933], [1936], [1934], [1926], [1933], [1927], [], [1934], [1941], [1942], [1946], [1940], [1946], [1953], [1955, 1995], [1955], [1958], [1959], [1963], [1965], [1972], [1974], [1976], [1977], [1978], [1979], [1980], [1982], [1983], [1983], [1987], [1987], [1988], [1988], [1988], [1989], [1989], [1990], [1991], [1992], [1993], [1994], [1996], [1997], [1997, 2001], [1998], [1999], [2002], [2004], [2006], [2008], [2009], [2013]]}], [{"col": "c5", "type": "TEXT", "data": ["1776", "1798", "1812", "1836", "1845", "1846", "1870", "1893", "1899", "1910", "1892", "1903", "1903", "1902", "1907", "1901", "1906", "1912", "1909", "1915", "1915", "1909", "1926", "1923", "1923", "1926", null, "1929/1981", "1921", "1923", "1925", "1930", "1943", "1950", "1932", "1933", "1929", "1931", "1938", "1939", "1942", "1941", "1931", "1938", "1930", null, "1937", "1946", "1946", "1958", "1941", "1987", "1954", "1956/1996", null, "1959", "1963", "1965", "1972", "1974", "1976", "1978", "1979", "1980", "1987", "1982", null, null, "1988", null, "1988", "1989", "1992", "1989", "1990", "1990", "1991", "1993", "1993", "1994", "1996", "1998", "1999", "2003", "1999", "2001", "2004", "2006", "2008", "2009", "2011", null]}, {"col": "c5_list", "type": "LIST TEXT", "data": [["1776"], ["1798"], ["1812"], ["1836"], ["1845"], ["1846"], ["1870"], ["1893"], ["1899"], ["1910"], ["1892"], ["1903"], ["1903"], ["1902"], ["1907"], ["1901"], ["1906"], ["1912"], ["1909"], ["1915"], ["1915"], ["1909"], ["1926"], ["1923"], ["1923"], ["1926"], [], ["1929", "1981"], ["1921"], ["1923"], ["1925"], ["1930"], ["1943"], ["1950"], ["1932"], ["1933"], ["1929"], ["1931"], ["1938"], ["1939"], ["1942"], ["1941"], ["1931"], ["1938"], ["1930"], [], ["1937"], ["1946"], ["1946"], ["1958"], ["1941"], ["1987"], ["1954"], ["1956", "1996"], [], ["1959"], ["1963"], ["1965"], ["1972"], ["1974"], ["1976"], ["1978"], ["1979"], ["1980"], ["1987"], ["1982"], [], [], ["1988"], [], ["1988"], ["1989"], ["1992"], ["1989"], ["1990"], ["1990"], ["1991"], ["1993"], ["1993"], ["1994"], ["1996"], ["1998"], ["1999"], ["2003"], ["1999"], ["2001"], ["2004"], ["2006"], ["2008"], ["2009"], ["2011"], []]}, {"col": "c5_length", "type": "INTEGER", "data": [1, 1, 1, 1, 1, 1, 1, 1, 1, 1, 1, 1, 1, 1, 1, 1, 1, 1, 1, 1, 1, 1, 1, 1, 1, 1, 0, 2, 1, 1, 1, 1, 1, 1, 1, 1, 1, 1, 1, 1, 1, 1, 1, 1, 1, 0, 1, 1, 1, 1, 1, 1, 1, 2, 0, 1, 1, 1, 1, 1, 1, 1, 1, 1, 1, 1, 0, 0, 1, 0, 1, 1, 1, 1, 1, 1, 1, 1, 1, 1, 1, 1, 1, 1, 1, 1, 1, 1, 1, 1, 1, 0]}, {"col": "c5_list_number", "type": "LIST INTEGER", "data": [[1776], [1798], [1812], [1836], [1845], [1846], [1870], [1893], [1899], [1910], [1892], [1903], [1903], [1902], [1907], [1901], [1906], [1912], [1909], [1915], [1915], [1909], [1926], [1923], [1923], [1926], [], [1929, 1981], [1921], [1923], [1925], [1930], [1943], [1950], [1932], [1933], [1929], [1931], [1938], [1939], [1942], [1941], [1931], [1938], [1930], [], [1937], [1946], [1946], [1958], [1941], [1987], [1954], [1956, 1996], [], [1959], [1963], [1965], [1972], [1974], [1976], [1978], [1979], [1980], [1987], [1982], [], [], [1988], [], [1988], [1989], [1992], [1989], [1990], [1990], [1991], [1993], [1993], [1994], [1996], [1998], [1999], [2003], [1999], [2001], [2004], [2006], [2008], [2009], [2011], []]}], [{"col": "c6", "type": "TEXT", "data": [null, null, null, null, null, null, null, null, null, null, null, null, null, null, null, null, null, null, null, null, null, null, null, null, null, null, null, null, null, null, null, null, null, null, null, null, null, null, null, null, null, null, null, null, null, "ordained as a priest at\nresita on march, 29th 1936", null, null, null, null, null, null, null, null, null, null, null, null, null, null, null, null, null, null, null, null, null, null, null, null, null, null, null, null, null, null, null, null, null, null, null, null, null, null, null, null, null, null, null, null, null, null]}]], "is_list": {"id": false, "agg": false, "c1": false, "c2": false, "c3": false, "c3_number": false, "c4": false, "c4_list": true, "c4_length": false, "c4_list_number": true, "c5": false, "c5_list": true, "c5_length": false, "c5_list_number": true, "c6": false}}