{"headers": ["id", "agg", "pondicherry assembly", "duration", "name of m.l.a.", "party affiliation", "election year"], "types": ["id", "agg", "text", "timespan", "text", "text", "number"], "contents": [[{"col": "id", "type": "INTEGER", "data": [1, 2, 3, 4, 5, 6, 7, 8, 9, 10, 11, 12]}], [{"col": "agg", "type": "INTEGER", "data": [0, 0, 0, 0, 0, 0, 0, 0, 0, 0, 0, 0]}], [{"col": "c1", "type": "TEXT", "data": ["first", "second", "third", "fourth", "fifth", "sixth", "seventh", "eighth", "ninth", "tenth", "elewenth", "twelfth"]}], [{"col": "c2", "type": "TEXT", "data": ["1964-69", "1969-1973", "1974-1977", "1977-80", "1980-83", "1985-90", "1990-91", "1991-96", "1996-01", "2001-06", "2006-11", "2011-"]}, {"col": "c2_minimum_number", "type": "INTEGER", "data": [1964, 1969, 1974, 1977, 1980, 1985, 1990, 1991, 1996, 2001, 2006, 2011]}, {"col": "c2_minimum_parsed", "type": "TEXT", "data": [1964, "1969", "1974", 1977, 1980, 1985, 1990, 1991, 1996, 2001, 2006, "2011"]}, {"col": "c2_minimum_year", "type": "INTEGER", "data": [1964, 1969, 1974, 1977, 1980, 1985, 1990, 1991, 1996, 2001, 2006, 2011]}, {"col": "c2_maximum_number", "type": "INTEGER", "data": [1969, 1973, 1977, 1980, 1983, 1990, 1991, 1996, 1901, 2006, 2011, 2011]}, {"col": "c2_maximum_parsed", "type": "TEXT", "data": [1969, "1973", "1977", 1980, 1983, 1990, 1991, 1996, 1901, 2006, 2011, "2011"]}, {"col": "c2_maximum_year", "type": "INTEGER", "data": [1969, 1973, 1977, 1980, 1983, 1990, 1991, 1996, 1901, 2006, 2011, 2011]}], [{"col": "c3", "type": "TEXT", "data": ["v. venkatasubha reddiar", "m. d. r. ramachandran", "v. venkatasubha reddiar", "s. sivaprakasam", "r. subbaraya gounder", "v. vaithilingam", "v. vaithilingam", "v. vaithilingam", "v. vaithilingam", "v. vaithilingam", "v. vaithilingam", "l. periyasamy"]}], [{"col": "c4", "type": "TEXT", "data": ["indian national congress", "dravida munnetra kazhagam", "indian national congress", "indian national congress", "janata party", "indian national congress", "indian national congress", "indian national congress", "indian national congress", "indian national congress", "indian national congress", "all india anna dravida munnetra kazhagam"]}], [{"col": "c5", "type": "TEXT", "data": ["1964", "1969", "1974", "1977", "1980", "1985", "1990", "1991", "1996", "2001", "2006", "2011"]}, {"col": "c5_number", "type": "INTEGER", "data": [1964, 1969, 1974, 1977, 1980, 1985, 1990, 1991, 1996, 2001, 2006, 2011]}]], "is_list": {"id": false, "agg": false, "c1": false, "c2": false, "c2_minimum_number": false, "c2_minimum_parsed": false, "c2_minimum_year": false, "c2_maximum_number": false, "c2_maximum_parsed": false, "c2_maximum_year": false, "c3": false, "c4": false, "c5": false, "c5_number": false}}