{"headers": ["id", "agg", "#", "title", "producers", "guest performers", "length"], "types": ["id", "agg", "number", "text", "<t,text>", "<t,text>", "time"], "contents": [[{"col": "id", "type": "INTEGER", "data": [1, 2, 3, 4, 5, 6, 7, 8, 9, 10, 11, 12, 13, 14, 15, 16, 17, 18, 19, 20]}], [{"col": "agg", "type": "INTEGER", "data": [0, 0, 0, 0, 0, 0, 0, 0, 0, 0, 0, 0, 0, 0, 0, 0, 0, 0, 0, 0]}], [{"col": "c1", "type": "TEXT", "data": ["1", "2", "3", "4", "5", "6", "7", "8", "9", "10", "11", "12", "13", "14", "15", "16", "17", "18", "19", "20"]}, {"col": "c1_number", "type": "REAL", "data": [1.0, 2.0, 3.0, 4.0, 5.0, 6.0, 7.0, 8.0, 9.0, 10.0, 11.0, 12.0, 13.0, 14.0, 15.0, 16.0, 17.0, 18.0, 19.0, 20.0]}], [{"col": "c2", "type": "TEXT", "data": ["\"throw aways\"", "\"i'm a gangsta\"", "\"life goes on interlude #1", "\"screwed up\"", "\"against all odds\"", "\"life goes on interlude #2", "\"nuthin' 2 a boss\"", "\"life goes on\"", "\"smile\"", "\"life goes on interlude #3", "\"give my last breathe intro\"", "\"give my last breathe\"", "\"gittin' high\"", "\"life goes on interlude #4", "\"ghetto queen\"", "\"million bucks\"", "\"c me ride\"", "\"i'm good\"", "\"the truth\"", "\"life goes on\" (outro)"]}], [{"col": "c3", "type": "TEXT", "data": ["maj & sosa", "drew", null, "mr. lee", "q-stone", null, "i.n.f.o. & nova", "goichi & mike dean", "sean t", null, "mike dean", "mr. lee", "mr. rogers", null, "i.n.f.o. & nova", "platinum hands", "nitti", "i.n.f.o. & nova", "i.n.f.o. & nova", null]}, {"col": "c3_list", "type": "LIST TEXT", "data": [["maj", "sosa"], ["drew"], [], ["mr. lee"], ["q-stone"], [], ["i.n.f.o.", "nova"], ["goichi", "mike dean"], ["sean t"], [], ["mike dean"], ["mr. lee"], ["mr. rogers"], [], ["i.n.f.o.", "nova"], ["platinum hands"], ["nitti"], ["i.n.f.o.", "nova"], ["i.n.f.o.", "nova"], []]}, {"col": "c3_length", "type": "INTEGER", "data": [2, 1, 0, 1, 1, 0, 2, 2, 1, 0, 1, 1, 1, 0, 2, 1, 1, 2, 2, 0]}], [{"col": "c4", "type": "TEXT", "data": ["gorilla zoe & yung joc", null, "lil' duval", "lil' wayne", "2pac", "lil' duval", "slim thug", "l. boogie", "jadakiss & styles p", "lil' duval", null, null, null, "lil' duval", "lloyd & rich boy", "jay'ton & lil' boss", null, "jody breeze", null, "lil' duval"]}, {"col": "c4_list", "type": "LIST TEXT", "data": [["gorilla zoe", "yung joc"], [], ["lil' duval"], ["lil' wayne"], ["2pac"], ["lil' duval"], ["slim thug"], ["l. boogie"], ["jadakiss", "styles p"], ["lil' duval"], [], [], [], ["lil' duval"], ["lloyd", "rich boy"], ["jay'ton", "lil' boss"], [], ["jody breeze"], [], ["lil' duval"]]}, {"col": "c4_length", "type": "INTEGER", "data": [2, 0, 1, 1, 1, 1, 1, 1, 2, 1, 0, 0, 0, 1, 2, 2, 0, 1, 0, 1]}], [{"col": "c5", "type": "TEXT", "data": ["3:11", "4:16", "0:58", "5:02", "4:22", "1:12", "3:59", "4:11", "4:32", "1:12", "1:40", "4:23", "4:06", "1:00", "5:00", "4:43", "4:51", "4:21", "4:07", "0:38"]}, {"col": "c5_number", "type": "INTEGER", "data": [3, 4, 0, 5, 4, 1, 3, 4, 4, 1, 1, 4, 4, 1, 5, 4, 4, 4, 4, 0]}, {"col": "c5_min", "type": "INTEGER", "data": [3, 4, 0, 5, 4, 1, 3, 4, 4, 1, 1, 4, 4, 1, 5, 4, 4, 4, 4, 0]}, {"col": "c5_sec", "type": "INTEGER", "data": [11, 16, 58, 2, 22, 12, 59, 11, 32, 12, 40, 23, 6, 0, 0, 43, 51, 21, 7, 38]}]], "is_list": {"id": false, "agg": false, "c1": false, "c1_number": false, "c2": false, "c3": false, "c3_list": true, "c3_length": false, "c4": false, "c4_list": true, "c4_length": false, "c5": false, "c5_number": false, "c5_min": false, "c5_sec": false}}