{"headers": ["id", "agg", "player", "friendlies", "fifa confederations cup", "fifa world cup qual.", "total goals"], "types": ["id", "agg", "text", "number", "number", "number", "number"], "contents": [[{"col": "id", "type": "INTEGER", "data": [1, 2, 3, 4, 5, 6, 7, 8, 9, 10, 11, 12, 13, 14]}], [{"col": "agg", "type": "INTEGER", "data": [0, 0, 0, 0, 0, 0, 0, 0, 0, 0, 0, 0, 0, 0]}], [{"col": "c1", "type": "TEXT", "data": ["aloisi", "bresciano", "thompson", "viduka", "chipperfield", "emerton", "milicic", "cahill", "colosimo", "culina", "elrich", "griffiths", "skoko", "zdrilic"]}], [{"col": "c2", "type": "TEXT", "data": ["1", "2", "1", "1", "1", null, "2", null, "1", null, "1", "1", null, "1"]}, {"col": "c2_number", "type": "REAL", "data": [1.0, 2.0, 1.0, 1.0, 1.0, null, 2.0, null, 1.0, null, 1.0, 1.0, null, 1.0]}], [{"col": "c3", "type": "TEXT", "data": ["4", null, null, null, null, null, null, null, null, null, null, null, "1", null]}, {"col": "c3_number", "type": "REAL", "data": [4.0, null, null, null, null, null, null, null, null, null, null, null, 1.0, null]}], [{"col": "c4", "type": "TEXT", "data": [null, "1", "2", "2", "1", "2", null, "1", null, "1", null, null, null, null]}, {"col": "c4_number", "type": "REAL", "data": [null, 1.0, 2.0, 2.0, 1.0, 2.0, null, 1.0, null, 1.0, null, null, null, null]}], [{"col": "c5", "type": "TEXT", "data": ["5", "3", "3", "3", "2", "2", "2", "1", "1", "1", "1", "1", "1", "1"]}, {"col": "c5_number", "type": "REAL", "data": [5.0, 3.0, 3.0, 3.0, 2.0, 2.0, 2.0, 1.0, 1.0, 1.0, 1.0, 1.0, 1.0, 1.0]}]], "is_list": {"id": false, "agg": false, "c1": false, "c2": false, "c2_number": false, "c3": false, "c3_number": false, "c4": false, "c4_number": false, "c5": false, "c5_number": false}}