{"headers": ["id", "agg", "stage", "date", "route", "terrain", "length", "winner"], "types": ["id", "agg", "text", "date", "text", "text", "unitnum(unitnum)", "text(text)"], "contents": [[{"col": "id", "type": "INTEGER", "data": [1, 2, 3, 4, 5, 6, 7, 8, 9, 10, 11, 12, 13, 14, 15, 16, 17, 18, 19, 20, 21, 22, 23, 24, 25]}], [{"col": "agg", "type": "INTEGER", "data": [0, 0, 0, 0, 0, 0, 0, 0, 0, 0, 0, 0, 0, 0, 0, 0, 0, 0, 0, 0, 0, 0, 0, 0, 0]}], [{"col": "c1", "type": "TEXT", "data": ["p", "1a", "1b", "2", "3", "4", "5", "6", "7", "8", "9", "10", "11", "12a", "12b", "13", "14", "15", "16", "17", "18", "19", "20", "21", "22"]}], [{"col": "c2", "type": "TEXT", "data": ["29 june", "30 june", "30 june", "1 july", "2 july", "3 july", "4 july", "5 july", "6 july", "7 july", "8 july", "10 july", "11 july", "12 july", "12 july", "13 july", "14 july", "15 july", "16 july", "18 july", "19 july", "20 july", "21 july", "22 july", "23 july"]}, {"col": "c2_number", "type": "INTEGER", "data": [29, 30, 30, 1, 2, 3, 4, 5, 6, 7, 8, 10, 11, 12, 12, 13, 14, 15, 16, 18, 19, 20, 21, 22, 23]}, {"col": "c2_parsed", "type": "TEXT", "data": ["xxxx-06-29", "xxxx-06-30", "xxxx-06-30", "xxxx-07-01", "xxxx-07-02", "xxxx-07-03", "xxxx-07-04", "xxxx-07-05", "xxxx-07-06", "xxxx-07-07", "xxxx-07-08", "xxxx-07-10", "xxxx-07-11", "xxxx-07-12", "xxxx-07-12", "xxxx-07-13", "xxxx-07-14", "xxxx-07-15", "xxxx-07-16", "xxxx-07-18", "xxxx-07-19", "xxxx-07-20", "xxxx-07-21", "xxxx-07-22", "xxxx-07-23"]}, {"col": "c2_year", "type": "INTEGER", "data": [-1, -1, -1, -1, -1, -1, -1, -1, -1, -1, -1, -1, -1, -1, -1, -1, -1, -1, -1, -1, -1, -1, -1, -1, -1]}, {"col": "c2_month", "type": "INTEGER", "data": [6, 6, 6, 7, 7, 7, 7, 7, 7, 7, 7, 7, 7, 7, 7, 7, 7, 7, 7, 7, 7, 7, 7, 7, 7]}, {"col": "c2_day", "type": "INTEGER", "data": [29, 30, 30, 1, 2, 3, 4, 5, 6, 7, 8, 10, 11, 12, 12, 13, 14, 15, 16, 18, 19, 20, 21, 22, 23]}], [{"col": "c3", "type": "TEXT", "data": ["leiden", "leiden - st willebrord", "st willebrord - brussel", "brussel - st amand les eaux", "st amand les eaux - st germain en laye", "evreux - caen", "caen - maze montgeoffroy", "maze montgeoffroy - poitiers", "poitiers - bordeaux", "st emilion - ste foy la grande", "bordeaux - biarritz", "biarritz - pau", "pau - st lary soulan", "tarbes - valence d'agen", "valence d'agen - toulouse", "figeac - super besse", "besse en chandesse - puy de dome", "st dier d'auvergne - st etienne", "st etienne - l'alpe d'huez", "grenoble - morzine", "morzine - lausanne", "lausanne - belfort", "metz - nancy", "epernay - senlis", "st germain en laye - paris (champs-elysees)"]}], [{"col": "c4", "type": "TEXT", "data": ["individual time trial", "plain stage", "plain stage", "plain stage", "plain stage", "team time trial", "plain stage", "plain stage", "plain stage", "individual time trial", "plain stage", "hilly stage", "stage with mountain(s)", "plain stage", "plain stage", "hilly stage", "individual time trial", "hilly stage", "stage with mountain(s)", "stage with mountain(s)", "plain stage", "plain stage", "individual time trial", "plain stage", "plain stage"]}], [{"col": "c5", "type": "TEXT", "data": ["5 km (3.1 mi)", "135 km (84 mi)", "100 km (62 mi)", "199 km (124 mi)", "244 km (152 mi)", "153 km (95 mi)", "244 km (152 mi)", "162 km (101 mi)", "242 km (150 mi)", "59 km (37 mi)", "233 km (145 mi)", "192 km (119 mi)", "161 km (100 mi)", "158 km (98 mi)", "96 km (60 mi)", "221 km (137 mi)", "52 km (32 mi)", "196 km (122 mi)", "241 km (150 mi)", "225 km (140 mi)", "137 km (85 mi)", "182 km (113 mi)", "72 km (45 mi)", "207 km (129 mi)", "162 km (101 mi)"]}, {"col": "c5_first", "type": "TEXT", "data": ["5 km", "135 km", "100 km", "199 km", "244 km", "153 km", "244 km", "162 km", "242 km", "59 km", "233 km", "192 km", "161 km", "158 km", "96 km", "221 km", "52 km", "196 km", "241 km", "225 km", "137 km", "182 km", "72 km", "207 km", "162 km"]}, {"col": "c5_second", "type": "TEXT", "data": ["3.1 mi", "84 mi", "62 mi", "124 mi", "152 mi", "95 mi", "152 mi", "101 mi", "150 mi", "37 mi", "145 mi", "119 mi", "100 mi", "98 mi", "60 mi", "137 mi", "32 mi", "122 mi", "150 mi", "140 mi", "85 mi", "113 mi", "45 mi", "129 mi", "101 mi"]}, {"col": "c5_first_number", "type": "REAL", "data": [5.0, 135.0, 100.0, 199.0, 244.0, 153.0, 244.0, 162.0, 242.0, 59.0, 233.0, 192.0, 161.0, 158.0, 96.0, 221.0, 52.0, 196.0, 241.0, 225.0, 137.0, 182.0, 72.0, 207.0, 162.0]}, {"col": "c5_second_number", "type": "REAL", "data": [3.1, 84.0, 62.0, 124.0, 152.0, 95.0, 152.0, 101.0, 150.0, 37.0, 145.0, 119.0, 100.0, 98.0, 60.0, 137.0, 32.0, 122.0, 150.0, 140.0, 85.0, 113.0, 45.0, 129.0, 101.0]}], [{"col": "c6", "type": "TEXT", "data": ["jan raas (ned)", "jan raas (ned)", "walter planckaert (bel)", "jacques esclassan (fra)", "klaus-peter thaler (ger)", "ti-raleigh", "freddy maertens (bel)", "sean kelly (ire)", "freddy maertens (bel)", "bernard hinault (fra)", "miguel maria lasa (esp)", "henk lubberding (ned)", "mariano martinez (fra)", "cancelled", "jacques esclassan (fra)", "paul wellens (bel)", "joop zoetemelk (ned)", "bernard hinault (fra)", "hennie kuiper (ned)", "christian seznec (fra)", "gerrie knetemann (ned)", "marc demeyer (bel)", "bernard hinault (fra)", "jan raas (ned)", "gerrie knetemann (ned)"]}, {"col": "c6_first", "type": "TEXT", "data": ["jan raas", "jan raas", "walter planckaert", "jacques esclassan", "klaus-peter thaler", "ti-raleigh", "freddy maertens", "sean kelly", "freddy maertens", "bernard hinault", "miguel maria lasa", "henk lubberding", "mariano martinez", "cancelled", "jacques esclassan", "paul wellens", "joop zoetemelk", "bernard hinault", "hennie kuiper", "christian seznec", "gerrie knetemann", "marc demeyer", "bernard hinault", "jan raas", "gerrie knetemann"]}, {"col": "c6_second", "type": "TEXT", "data": ["ned", "ned", "bel", "fra", "ger", null, "bel", "ire", "bel", "fra", "esp", "ned", "fra", null, "fra", "bel", "ned", "fra", "ned", "fra", "ned", "bel", "fra", "ned", "ned"]}]], "is_list": {"id": false, "agg": false, "c1": false, "c2": false, "c2_number": false, "c2_parsed": false, "c2_year": false, "c2_month": false, "c2_day": false, "c3": false, "c4": false, "c5": false, "c5_first": false, "c5_second": false, "c5_first_number": false, "c5_second_number": false, "c6": false, "c6_first": false, "c6_second": false}}