{"headers": ["id", "agg", "pos", "no", "driver", "constructor", "laps", "time/retired", "grid", "points"], "types": ["id", "agg", "rank", "number", "text", "text", "number", "time", "number", "number"], "contents": [[{"col": "id", "type": "INTEGER", "data": [1, 2, 3, 4, 5, 6, 7, 8, 9, 10, 11, 12, 13, 14, 15, 16, 17, 18, 19, 20]}], [{"col": "agg", "type": "INTEGER", "data": [0, 0, 0, 0, 0, 0, 0, 0, 0, 0, 0, 0, 0, 0, 0, 0, 0, 0, 0, 0]}], [{"col": "c1", "type": "TEXT", "data": ["1", "2", "3", "4", "5", "6", "7", "8", "9", "10", "11", "12", "13", "14", "15", "16", "17", "ret", "ret", "ret"]}, {"col": "c1_number", "type": "REAL", "data": [1.0, 2.0, 3.0, 4.0, 5.0, 6.0, 7.0, 8.0, 9.0, 10.0, 11.0, 12.0, 13.0, 14.0, 15.0, 16.0, 17.0, null, null, null]}], [{"col": "c2", "type": "TEXT", "data": ["15", "14", "22", "23", "2", "1", "10", "12", "7", "4", "11", "6", "5", "21", "16", "8", "20", "17", "3", "9"]}, {"col": "c2_number", "type": "REAL", "data": [15.0, 14.0, 22.0, 23.0, 2.0, 1.0, 10.0, 12.0, 7.0, 4.0, 11.0, 6.0, 5.0, 21.0, 16.0, 8.0, 20.0, 17.0, 3.0, 9.0]}], [{"col": "c3", "type": "TEXT", "data": ["sebastian vettel", "mark webber", "jenson button", "rubens barrichello", "heikki kovalainen", "lewis hamilton", "timo glock", "sebastien buemi", "fernando alonso", "kimi raikkonen", "sebastien bourdais", "nick heidfeld", "robert kubica", "giancarlo fisichella", "nico rosberg", "nelson piquet, jr", "adrian sutil", "kazuki nakajima", "felipe massa", "jarno trulli"]}], [{"col": "c4", "type": "TEXT", "data": ["red bull-renault", "red bull-renault", "brawn-mercedes", "brawn-mercedes", "mclaren-mercedes", "mclaren-mercedes", "toyota", "toro rosso-ferrari", "renault", "ferrari", "toro rosso-ferrari", "bmw sauber", "bmw sauber", "force india-mercedes", "williams-toyota", "renault", "force india-mercedes", "williams-toyota", "ferrari", "toyota"]}], [{"col": "c5", "type": "TEXT", "data": ["56", "56", "56", "56", "56", "56", "56", "56", "56", "56", "56", "56", "56", "55", "55", "54", "50", "43", "20", "18"]}, {"col": "c5_number", "type": "REAL", "data": [56.0, 56.0, 56.0, 56.0, 56.0, 56.0, 56.0, 56.0, 56.0, 56.0, 56.0, 56.0, 56.0, 55.0, 55.0, 54.0, 50.0, 43.0, 20.0, 18.0]}], [{"col": "c6", "type": "TEXT", "data": ["1:57:43.485", "10.97", "44.975", "+1:03.704", "+1:05.102", "+1:11.866", "+1:14.476", "+1:16.439", "+1:24.309", "+1:31.750", "+1:34.156", "+1:35.834", "+1:46.853", "+1 lap", "+1 lap", "+2 laps", "accident", "transmission", "electrical", "collision damage"]}, {"col": "c6_number", "type": "REAL", "data": [1, 10.97, 44.975, 1, 1, 1, 1, 1, 1, 1, 1, 1, 1, 1, 1, 2, null, null, null, null]}, {"col": "c6_hour", "type": "INTEGER", "data": [1, null, null, null, null, null, null, null, null, null, null, null, null, null, null, null, null, null, null, null]}, {"col": "c6_min", "type": "INTEGER", "data": [57, null, null, 1, 1, 1, 1, 1, 1, 1, 1, 1, 1, null, null, null, null, null, null, null]}, {"col": "c6_sec", "type": "REAL", "data": [43.485, null, null, 3.704, 5.102, 11.866, 14.476, 16.439, 24.309, 31.75, 34.156, 35.834, 46.853, null, null, null, null, null, null, null]}], [{"col": "c7", "type": "TEXT", "data": ["1", "3", "5", "4", "12", "9", "19", "10", "2", "8", "15", "11", "17", "20", "7", "16", "18", "14", "13", "6"]}, {"col": "c7_number", "type": "REAL", "data": [1.0, 3.0, 5.0, 4.0, 12.0, 9.0, 19.0, 10.0, 2.0, 8.0, 15.0, 11.0, 17.0, 20.0, 7.0, 16.0, 18.0, 14.0, 13.0, 6.0]}], [{"col": "c8", "type": "TEXT", "data": ["10", "8", "6", "5", "4", "3", "2", "1", null, null, null, null, null, null, null, null, null, null, null, null]}, {"col": "c8_number", "type": "REAL", "data": [10.0, 8.0, 6.0, 5.0, 4.0, 3.0, 2.0, 1.0, null, null, null, null, null, null, null, null, null, null, null, null]}]], "is_list": {"id": false, "agg": false, "c1": false, "c1_number": false, "c2": false, "c2_number": false, "c3": false, "c4": false, "c5": false, "c5_number": false, "c6": false, "c6_number": false, "c6_hour": false, "c6_min": false, "c6_sec": false, "c7": false, "c7_number": false, "c8": false, "c8_number": false}}