{"headers": ["id", "agg", "university", "winner", "runner-up", "years won", "years runner-up"], "types": ["id", "agg", "text", "number", "number", "<c,number>", "<c,number>"], "contents": [[{"col": "id", "type": "INTEGER", "data": [1, 2, 3, 4, 5, 6, 7, 8, 9, 10, 11, 12]}], [{"col": "agg", "type": "INTEGER", "data": [0, 0, 0, 0, 0, 0, 0, 0, 0, 0, 0, 0]}], [{"col": "c1", "type": "TEXT", "data": ["waseda university", "meiji university", "kanto gakuin university", "doshisha university", "hosei university", "keio university", "daito bunka university", "nippon sport science university", "teikyo university", "tokai university", "tenri university", "tsukuba university"]}], [{"col": "c2", "type": "TEXT", "data": ["15", "12", "6", "4", "3", "3", "3", "2", "3", "0", "0", "0"]}, {"col": "c2_number", "type": "REAL", "data": [15.0, 12.0, 6.0, 4.0, 3.0, 3.0, 3.0, 2.0, 3.0, 0.0, 0.0, 0.0]}], [{"col": "c3", "type": "TEXT", "data": ["15", "9", "4", "2", "5", "3", "1", "3", "1", "1", "1", "1"]}, {"col": "c3_number", "type": "REAL", "data": [15.0, 9.0, 4.0, 2.0, 5.0, 3.0, 1.0, 3.0, 1.0, 1.0, 1.0, 1.0]}], [{"col": "c4", "type": "TEXT", "data": ["1965,1966,1968,1970,1971,1973,1974,1976,1987,1989,\n2002,2004,2005,2007,2008", "1972,1975,1977,1979,1981,1985,1988,1990,1991,1993,\n1995,1996", "1997,1998,2000,2001,2003,2006", "1980,1982,1983,1984", "1964,1967,1992", "1968,1985,1999", "1986,1988,1994", "1969,1978", "2009,2010,2011,2012", null, null, null]}, {"col": "c4_list", "type": "LIST TEXT", "data": [["1965", "1966", "1968", "1970", "1971", "1973", "1974", "1976", "1987", "1989", "2002", "2004", "2005", "2007", "2008"], ["1972", "1975", "1977", "1979", "1981", "1985", "1988", "1990", "1991", "1993", "1995", "1996"], ["1997", "1998", "2000", "2001", "2003", "2006"], ["1980", "1982", "1983", "1984"], ["1964", "1967", "1992"], ["1968", "1985", "1999"], ["1986", "1988", "1994"], ["1969", "1978"], ["2009", "2010", "2011", "2012"], [], [], []]}, {"col": "c4_length", "type": "INTEGER", "data": [15, 12, 6, 4, 3, 3, 3, 2, 4, 0, 0, 0]}, {"col": "c4_list_number", "type": "LIST INTEGER", "data": [[1965, 1966, 1968, 1970, 1971, 1973, 1974, 1976, 1987, 1989, 2002, 2004, 2005, 2007, 2008], [1972, 1975, 1977, 1979, 1981, 1985, 1988, 1990, 1991, 1993, 1995, 1996], [1997, 1998, 2000, 2001, 2003, 2006], [1980, 1982, 1983, 1984], [1964, 1967, 1992], [1968, 1985, 1999], [1986, 1988, 1994], [1969, 1978], [2009, 2010, 2011, 2012], [], [], []]}], [{"col": "c5", "type": "TEXT", "data": ["1964,1967,1969,1972,1975,1981,1986,1990,1992,1995,\n1996,2001,2003,2006,2010", "1973,1974,1976,1978,1980,1982,1994,1997,1998", "1999,2002,2004,2005", "1979,1987", "1965,1966,1971,1993,2000", "1977,1984,2007", "1991", "1970,1983,1989", "2008", "2009", "2011", "2012"]}, {"col": "c5_list", "type": "LIST TEXT", "data": [["1964", "1967", "1969", "1972", "1975", "1981", "1986", "1990", "1992", "1995", "1996", "2001", "2003", "2006", "2010"], ["1973", "1974", "1976", "1978", "1980", "1982", "1994", "1997", "1998"], ["1999", "2002", "2004", "2005"], ["1979", "1987"], ["1965", "1966", "1971", "1993", "2000"], ["1977", "1984", "2007"], ["1991"], ["1970", "1983", "1989"], ["2008"], ["2009"], ["2011"], ["2012"]]}, {"col": "c5_length", "type": "INTEGER", "data": [15, 9, 4, 2, 5, 3, 1, 3, 1, 1, 1, 1]}, {"col": "c5_list_number", "type": "LIST INTEGER", "data": [[1964, 1967, 1969, 1972, 1975, 1981, 1986, 1990, 1992, 1995, 1996, 2001, 2003, 2006, 2010], [1973, 1974, 1976, 1978, 1980, 1982, 1994, 1997, 1998], [1999, 2002, 2004, 2005], [1979, 1987], [1965, 1966, 1971, 1993, 2000], [1977, 1984, 2007], [1991], [1970, 1983, 1989], [2008], [2009], [2011], [2012]]}]], "is_list": {"id": false, "agg": false, "c1": false, "c2": false, "c2_number": false, "c3": false, "c3_number": false, "c4": false, "c4_list": true, "c4_length": false, "c4_list_number": true, "c5": false, "c5_list": true, "c5_length": false, "c5_list_number": true}}