{"headers": ["id", "agg", "rank", "name", "nationality", "time", "notes"], "types": ["id", "agg", "number", "text", "text", "time", "text"], "contents": [[{"col": "id", "type": "INTEGER", "data": [1, 2, 3, 4, 5, 6, 7, 8, 9, 10, 11, 12, 13, 14]}], [{"col": "agg", "type": "INTEGER", "data": [0, 0, 0, 0, 0, 0, 0, 0, 0, 0, 0, 0, 0, 0]}], [{"col": "c1", "type": "TEXT", "data": [null, null, null, null, "5", "6", "7", "8", "9", "10", "11", "12", "13", "14"]}, {"col": "c1_number", "type": "REAL", "data": [null, null, null, null, 5.0, 6.0, 7.0, 8.0, 9.0, 10.0, 11.0, 12.0, 13.0, 14.0]}], [{"col": "c2", "type": "TEXT", "data": ["alberto garcia", "antonio david jimenez", "jesus espana", "john mayock", "michael buchleitner", "mohammed mourhit", "sergey ivanov", "mindaugas pukstas", "irba lakhal", "joakim johansson", "harald steindorfer", "ferdinando vicari", "martin steinbauer", "christos papapetrou"]}], [{"col": "c3", "type": "TEXT", "data": ["spain", "spain", "spain", "great britain", "austria", "belgium", "russia", "lithuania", "france", "denmark", "austria", "italy", "austria", "cyprus"]}], [{"col": "c4", "type": "TEXT", "data": ["7:43.89", "7:46.49", "7:48.08", "7:48.08", "7:54.39", "7:59.79", "8:02.98", "8:03.21", "8:03.38", "8:06.47", "8:09.21", "8:17.46", "8:22.06", "8:30.59"]}, {"col": "c4_number", "type": "INTEGER", "data": [7, 7, 7, 7, 7, 7, 8, 8, 8, 8, 8, 8, 8, 8]}, {"col": "c4_min", "type": "INTEGER", "data": [7, 7, 7, 7, 7, 7, 8, 8, 8, 8, 8, 8, 8, 8]}, {"col": "c4_sec", "type": "REAL", "data": [43.89, 46.49, 48.08, 48.08, 54.39, 59.79, 2.98, 3.21, 3.38, 6.47, 9.21, 17.46, 22.06, 30.59]}], [{"col": "c5", "type": "TEXT", "data": ["cr", "pb", "pb", null, "sb", null, null, "pb", null, null, null, null, null, null]}]], "is_list": {"id": false, "agg": false, "c1": false, "c1_number": false, "c2": false, "c3": false, "c4": false, "c4_number": false, "c4_min": false, "c4_sec": false, "c5": false}}