{"headers": ["id", "agg", "no.", "country", "2009 winter\nuniversiade", "2007 wjcc", "2007 wwcc", "2008 wjcc", "2008 wwcc", "points"], "types": ["id", "agg", "number", "text(text)", "number", "number", "number", "number", "number", "number"], "contents": [[{"col": "id", "type": "INTEGER", "data": [1, 2, 3, 4, 5, 6, 7, 8, 9, 10, 11, 12, 13, 14, 15, 16, 17, 18]}], [{"col": "agg", "type": "INTEGER", "data": [0, 0, 0, 0, 0, 0, 0, 0, 0, 0, 0, 0, 0, 0, 0, 0, 0, 0]}], [{"col": "c1", "type": "TEXT", "data": ["1", "2", "3", "4", "5", "6", "7", "8", "9", "10", "11", "12", "13", "14", "15", "16", "17", null]}, {"col": "c1_number", "type": "REAL", "data": [1.0, 2.0, 3.0, 4.0, 5.0, 6.0, 7.0, 8.0, 9.0, 10.0, 11.0, 12.0, 13.0, 14.0, 15.0, 16.0, 17.0, null]}], [{"col": "c2", "type": "TEXT", "data": ["canada", "china", "sweden", "great britain", "russia", "united states", "switzerland", "germany", "denmark", "czech republic", "south korea", "japan", "france", "norway", "poland", "italy", "latvia", "turkey (host)"]}, {"col": "c2_first", "type": "TEXT", "data": ["canada", "china", "sweden", "great britain", "russia", "united states", "switzerland", "germany", "denmark", "czech republic", "south korea", "japan", "france", "norway", "poland", "italy", "latvia", "turkey"]}, {"col": "c2_second", "type": "TEXT", "data": [null, null, null, null, null, null, null, null, null, null, null, null, null, null, null, null, null, "host"]}], [{"col": "c3", "type": "TEXT", "data": ["24", "28", "10", "16", "20", "4", null, null, null, "12", "8", "6", null, null, "2", null, null, null]}, {"col": "c3_number", "type": "REAL", "data": [24.0, 28.0, 10.0, 16.0, 20.0, 4.0, null, null, null, 12.0, 8.0, 6.0, null, null, 2.0, null, null, null]}], [{"col": "c4", "type": "TEXT", "data": ["12", null, "5", "14", "8", "6", "10", null, "3", "4", null, "1", "2", null, null, null, null, null]}, {"col": "c4_number", "type": "REAL", "data": [12.0, null, 5.0, 14.0, 8.0, 6.0, 10.0, null, 3.0, 4.0, null, 1.0, 2.0, null, null, null, null, null]}], [{"col": "c5", "type": "TEXT", "data": ["9", "14", "12", "5", "6", "4", "8", "7", "10", null, "3", null, null, "2", null, "1", null, null]}, {"col": "c5_number", "type": "REAL", "data": [9.0, 14.0, 12.0, 5.0, 6.0, 4.0, 8.0, 7.0, 10.0, null, 3.0, null, null, 2.0, null, 1.0, null, null]}], [{"col": "c6", "type": "TEXT", "data": ["12", "4", "14", "1", "6", "10", "8", "2", null, "3", null, null, "5", null, null, null, null, null]}, {"col": "c6_number", "type": "REAL", "data": [12.0, 4.0, 14.0, 1.0, 6.0, 10.0, 8.0, 2.0, null, 3.0, null, null, 5.0, null, null, null, null, null]}], [{"col": "c7", "type": "TEXT", "data": ["10", "6", "9", "12", "5", "8", "3", "14", "7", null, null, "2", null, "4", null, null, "1", null]}, {"col": "c7_number", "type": "REAL", "data": [10.0, 6.0, 9.0, 12.0, 5.0, 8.0, 3.0, 14.0, 7.0, null, null, 2.0, null, 4.0, null, null, 1.0, null]}], [{"col": "c8", "type": "TEXT", "data": ["67", "52", "50", "48", "45", "32", "29", "23", "20", "19", "11", "9", "7", "6", "2", "1", "1", "0"]}, {"col": "c8_number", "type": "REAL", "data": [67.0, 52.0, 50.0, 48.0, 45.0, 32.0, 29.0, 23.0, 20.0, 19.0, 11.0, 9.0, 7.0, 6.0, 2.0, 1.0, 1.0, 0.0]}]], "is_list": {"id": false, "agg": false, "c1": false, "c1_number": false, "c2": false, "c2_first": false, "c2_second": false, "c3": false, "c3_number": false, "c4": false, "c4_number": false, "c5": false, "c5_number": false, "c6": false, "c6_number": false, "c7": false, "c7_number": false, "c8": false, "c8_number": false}}