{"headers": ["id", "agg", "name", "railway", "series", "maker", "dates", "drive", "wheel arrangement", "weight", "power", "notes"], "types": ["id", "agg", "text", "text", "text", "<cf, text>", "<cs, timespan>", "text", "text", "unitnum", "text", "text"], "contents": [[{"col": "id", "type": "INTEGER", "data": [1, 2, 3, 4, 5, 6, 7, 8, 9, 10, 11, 12, 13, 14, 15, 16, 17, 18, 19, 20, 21, 22, 23, 24, 25, 26, 27, 28, 29, 30, 31, 32, 33, 34, 35, 36, 37, 38, 39, 40, 41, 42, 43, 44]}], [{"col": "agg", "type": "INTEGER", "data": [0, 0, 0, 0, 0, 0, 0, 0, 0, 0, 0, 0, 0, 0, 0, 0, 0, 0, 0, 0, 0, 0, 0, 0, 0, 0, 0, 0, 0, 0, 0, 0, 0, 0, 0, 0, 0, 0, 0, 0, 0, 0, 0, 0]}], [{"col": "c1", "type": "TEXT", "data": ["re 465", "re 6/6", "re 4/4", "ae 8/8", "ad43c", "ae 6/6", "ae 6/8", "ae 8/14", "prr gg1", "class 461", "allegheny", "m1", "big boy", "xa triplex", "challenger", "gtel 8500 'big blow'", "emd dda40x", "sj dm3", "db class 103", "060-ea", "060-ea softronic phoenix version", "softronic transmontana (060-ea version)", "sbb-cff-ffs re 620", "jr freight class ef200", "emd sd90mac", "ge ac6000cw", "indian locomotive class wag-9", "china railways hxn3", "china railways hxn5", "china railways hxd1", "china railways hxd2", "china railways hxd3", "china railways hxd1b", "china railways hxd2b", "china railways hxd3b", "china railways hxd1c", "china railways hxd2c", "china railways hxd3c", "iore", "jawn henry", "vl85", "wdg5", "union pacific coal gtel", "h220"]}], [{"col": "c2", "type": "TEXT", "data": ["bls, switzerland", "sbb, switzerland", "bls, switzerland", "bls, switzerland", "iranian railways(rai)", "sbb, switzerland", "bls, switzerland", "sbb, switzerland", "pennsylvania rail road (prr), penn central, conrail, amtrak & nj transit", "zeleznice srbije, serbia", "chesapeake and ohio railway (c&o) & virginian railway (vgn)", "chesapeake and ohio railway (c&o)", "union pacific", "virginian railway", "union pacific", "union pacific", "union pacific", "malmbanan", null, "romanian railways(cfr)", "romanian railways (cfr) and hungarian state railways ( mav )", "romanian railways (cfr)", "gotthardbahn", "jr freight", "union pacific", "union pacific; csx transportation; bhp billiton", "indian railways", "china railways", "china railways", "china railways", "china railways", "china railways", "china railways", "china railways", "china railways", "china railways", "china railways", "china railways", "malmbanan", "norfolk and western railway (n&w)", "russian railways", "indian railways", "union pacific", "victorian railways"]}], [{"col": "c3", "type": "TEXT", "data": ["re 465 001-465 0018", "11601-11689", "re 425 161-re 425 195)", "271-275", "2001-2100", "11401-11520", "201-208", "11852", "4800-4938, 900-929", "zs461-0/1, zs461-2", "1600-1659 (c&o), 900-907 (vgn)", "500-502", "x4000-x4024", "700", "3985", "1-30 (control cab), 1b-30b (turbine unit)", "6900-6947", null, null, "001-1000", "001, 2001-2004", "1", null, null, "8500-8561", "600-699, 5000-5016, 6070-6077, 7500-7579 (being overhauled and renumbered 69xx)", null, "hxn30001-hxn30300", "hxn50001-hxn50300", "hxd10001-hxd10220", "hxd20001-hxd20180", "hxd30001-hxd30890, hxd38001-38150", "hxd1b0001-hxd1b0500", "hxd2b0001-hxd2b0500", "hxd3b0001-hxd3b0500", "hxd1c0001-hxd1c0990", "hxd2c0001-", "hxd3c0001-", "iore 101-iore 126", "2300", "270", null, "80 (later 8080)", "h class"]}], [{"col": "c4", "type": "TEXT", "data": ["slm, abb", "slm, mfo/bbc/secheron", "slm / bbc", "slm / bbc", "alstom", "slm, mfo/ bbc", "slm / secheron", "slm, mfo/ bbc", "altoona works, general electric", "electroputere craiova, romania", "lima locomotive works", "baldwin locomotive works", "alco", "baldwin", "alco", "general electric", "electro-motive division of general motors", "asea", null, "electroputere craiova", "softronic craiova", "softronic craiova", "bbc", "hitachi ltd", "electro-motive diesel", "general electric", "chittaranjan locomotive works, india", "dalian locomotive, emd", "ge, csr qishuyan locomotive", "csr zhuzhou electric locomotive, siemens", "datong electric locomotive, alstom", "toshiba, dalian locomotive", "csr zhuzhou electric locomotive, siemens", "datong electric locomotive, alstom", "dalian, bombardier", "csr zhuzhou electric locomotive, siemens", "datong electric locomotive, alstom", "dalian, bombardier", "bombardier", "baldwin locomotive works", "novocherkassk electric locomotive plant", "emd / dlw", "union pacific omaha shops", "victorian railways / [newport workshop]"]}, {"col": "c4_list", "type": "LIST TEXT", "data": [["slm", "abb"], ["slm", "mfo", "bbc", "secheron"], ["slm", "bbc"], ["slm", "bbc"], ["alstom"], ["slm", "mfo", "bbc"], ["slm", "secheron"], ["slm", "mfo", "bbc"], ["altoona works", "general electric"], ["electroputere craiova", "romania"], ["lima locomotive works"], ["baldwin locomotive works"], ["alco"], ["baldwin"], ["alco"], ["general electric"], ["electro-motive division of general motors"], ["asea"], [], ["electroputere craiova"], ["softronic craiova"], ["softronic craiova"], ["bbc"], ["hitachi ltd"], ["electro-motive diesel"], ["general electric"], ["chittaranjan locomotive works", "india"], ["dalian locomotive", "emd"], ["ge", "csr qishuyan locomotive"], ["csr zhuzhou electric locomotive", "siemens"], ["datong electric locomotive", "alstom"], ["toshiba", "dalian locomotive"], ["csr zhuzhou electric locomotive", "siemens"], ["datong electric locomotive", "alstom"], ["dalian", "bombardier"], ["csr zhuzhou electric locomotive", "siemens"], ["datong electric locomotive", "alstom"], ["dalian", "bombardier"], ["bombardier"], ["baldwin locomotive works"], ["novocherkassk electric locomotive plant"], ["emd", "dlw"], ["union pacific omaha shops"], ["victorian railways", "[newport workshop]"]]}, {"col": "c4_length", "type": "INTEGER", "data": [2, 4, 2, 2, 1, 3, 2, 3, 2, 2, 1, 1, 1, 1, 1, 1, 1, 1, 0, 1, 1, 1, 1, 1, 1, 1, 2, 2, 2, 2, 2, 2, 2, 2, 2, 2, 2, 2, 1, 1, 1, 2, 1, 2]}], [{"col": "c5", "type": "TEXT", "data": ["1994-97", "1972, 1975-80", "1964-83", "1959-66", "2001", "1952; 1955-66", "1939", "1939", "1934-43", "1965-91", "1941-48", "1947-50", "1941--44", "1916", "1936-43", "1958-61", "1969-71", "1953-71", "1970-73", "1970-91", "2009-present", "2010", "1972-80", "1990-", "1996-2002", "1996-2001", "1998", "2008-", "2008-", "2006-08", "2006-08", "2006-09", "2009-", "2009-", "2009-", "2009-", "2010-", "2010-", "2000-04", "1954-58", "1983-94", "2012-present", "1961", "1941-1958"]}, {"col": "c5_list", "type": "LIST TEXT", "data": [["1994-97"], ["1972", "1975-80"], ["1964-83"], ["1959-66"], ["2001"], ["1952", "1955-66"], ["1939"], ["1939"], ["1934-43"], ["1965-91"], ["1941-48"], ["1947-50"], ["1941--44"], ["1916"], ["1936-43"], ["1958-61"], ["1969-71"], ["1953-71"], ["1970-73"], ["1970-91"], ["2009-present"], ["2010"], ["1972-80"], ["1990-"], ["1996-2002"], ["1996-2001"], ["1998"], ["2008-"], ["2008-"], ["2006-08"], ["2006-08"], ["2006-09"], ["2009-"], ["2009-"], ["2009-"], ["2009-"], ["2010-"], ["2010-"], ["2000-04"], ["1954-58"], ["1983-94"], ["2012-present"], ["1961"], ["1941-1958"]]}, {"col": "c5_length", "type": "INTEGER", "data": [1, 2, 1, 1, 1, 2, 1, 1, 1, 1, 1, 1, 1, 1, 1, 1, 1, 1, 1, 1, 1, 1, 1, 1, 1, 1, 1, 1, 1, 1, 1, 1, 1, 1, 1, 1, 1, 1, 1, 1, 1, 1, 1, 1]}, {"col": "c5_list_minimum_number", "type": "LIST INTEGER", "data": [[1994], [1972, 1975], [1964], [1959], [2001], [1952, 1955], [1939], [1939], [1934], [1965], [1941], [1947], [1941], [1916], [1936], [1958], [1969], [1953], [1970], [1970], [2009], [2010], [1972], [1990], [1996], [1996], [1998], [2008], [2008], [2006], [2006], [2006], [2009], [2009], [2009], [2009], [2010], [2010], [2000], [1954], [1983], [2012], [1961], [1941]]}, {"col": "c5_list_minimum_parsed", "type": "LIST TEXT", "data": [[1994], ["1972", 1975], [1964], [1959], ["2001"], ["1952", 1955], ["1939"], ["1939"], [1934], [1965], [1941], [1947], ["1941"], ["1916"], [1936], [1958], [1969], [1953], [1970], [1970], ["2009"], ["2010"], [1972], ["1990"], ["1996"], ["1996"], ["1998"], ["2008"], ["2008"], [2006], [2006], [2006], ["2009"], ["2009"], ["2009"], ["2009"], ["2010"], ["2010"], [2000], [1954], [1983], ["2012"], ["1961"], ["1941"]]}, {"col": "c5_list_minimum_year", "type": "LIST INTEGER", "data": [[1994], [1972, 1975], [1964], [1959], [2001], [1952, 1955], [1939], [1939], [1934], [1965], [1941], [1947], [1941], [1916], [1936], [1958], [1969], [1953], [1970], [1970], [2009], [2010], [1972], [1990], [1996], [1996], [1998], [2008], [2008], [2006], [2006], [2006], [2009], [2009], [2009], [2009], [2010], [2010], [2000], [1954], [1983], [2012], [1961], [1941]]}, {"col": "c5_list_maximum_number", "type": "LIST INTEGER", "data": [[1997], [1972, 1980], [1983], [1966], [2001], [1952, 1966], [1939], [1939], [1943], [1991], [1948], [1950], [1941], [1916], [1943], [1961], [1971], [1971], [1973], [1991], [], [2010], [1980], [1990], [2002], [2001], [1998], [2008], [2008], [2008], [2008], [2009], [2009], [2009], [2009], [2009], [2010], [2010], [2004], [1958], [1994], [], [1961], [1958]]}, {"col": "c5_list_maximum_parsed", "type": "LIST TEXT", "data": [[1997], ["1972", 1980], [1983], [1966], ["2001"], ["1952", 1966], ["1939"], ["1939"], [1943], [1991], [1948], [1950], ["1941"], ["1916"], [1943], [1961], [1971], [1971], [1973], [1991], ["present_ref"], ["2010"], [1980], ["1990"], ["2002"], ["2001"], ["1998"], ["2008"], ["2008"], [2008], [2008], [2009], ["2009"], ["2009"], ["2009"], ["2009"], ["2010"], ["2010"], [2004], [1958], [1994], ["present_ref"], ["1961"], ["1958"]]}, {"col": "c5_list_maximum_year", "type": "LIST INTEGER", "data": [[1997], [1972, 1980], [1983], [1966], [2001], [1952, 1966], [1939], [1939], [1943], [1991], [1948], [1950], [1941], [1916], [1943], [1961], [1971], [1971], [1973], [1991], [2014], [2010], [1980], [1990], [2002], [2001], [1998], [2008], [2008], [2008], [2008], [2009], [2009], [2009], [2009], [2009], [2010], [2010], [2004], [1958], [1994], [2014], [1961], [1958]]}], [{"col": "c6", "type": "TEXT", "data": ["electric", "electric", "electric", "electric", "diesel electric", "electric", "electric", "electric", "electric", "electric", "steam", "steam turbine electric", "steam", "steam", "steam", "gas turbine-electric", "diesel-electric", "electric", "electric", "electric", "electric", "electric", "electric", "electric", "diesel-electric", "diesel-electric", "electric", "diesel-electric", "diesel-electric", "electric", "electric", "electric", "electric", "electric", "electric", "electric", "electric", "electric", "electric", "steam turbine electric", "electric", "diesel-electric transmission", "diesel-electric + gas turbine-electric", "220 psi steam boiler, 3 cylinder"]}], [{"col": "c7", "type": "TEXT", "data": ["bo-bo", "bo-bo-bo", "(bo)(bo)", "(bo)(bo)+(bo)(bo)", "co'co'", "co-co", "(1'co)(co1')", "(1'a)a1'a(a1')+(1'a)a1'a(a1')", "2-c+c-2 (4-6-6-4)", "co'co'", "2-6-6-6", "2-c1-2-c1-b\n(4-8-0-4-8-4)", "4-8-8-4", "2-8-8-8-4", "4-6-6-4", "c-c+c-c", "d-d", "1'd+d+d1'", "co'co'", "co'co'", "co'co'", "co'co'", "bo'bo'bo'", "bo'bo'bo'", "c-c", "co'co'", "co'co'", "co'co'", "co'co'", "bo'bo'+bo'bo'", "bo'bo'+bo'bo'", "co'co'", "co'co'", "co'co'", "co'co'", "co'co'", "co'co'", "co'co'", "co'co'+co'co'", "c+c-c+c", "bo'bo'bo'+bo'bo'bo'", "bo-bo-bo", "a1a-a1a+2-d-d-2", "4-8-4"]}], [{"col": "c8", "type": "TEXT", "data": ["84 t", "120 t", "80 t", "160 t", "120 t", "120 t", "140 t", "236 t", "208.9 to 216.4", "120 t", "544 t", "428 t", "548 t", "383 t", "485 t", "425 t", "244 t", "273 t", "114 t", "120 t", "120 t", "120 t", "120 t", "100.8 t", "210 t", "210 t", "123 t", "150 t", "150 t", "200 t", "200 t", "150 t", "150 t", "150 t", "150 t", "150 t", "150 t", "150 t", "360 t", "404 t", "300 t", null, "728 t", "265t"]}, {"col": "c8_number", "type": "REAL", "data": [84.0, 120.0, 80.0, 160.0, 120.0, 120.0, 140.0, 236.0, 208.9, 120.0, 544.0, 428.0, 548.0, 383.0, 485.0, 425.0, 244.0, 273.0, 114.0, 120.0, 120.0, 120.0, 120.0, 100.8, 210.0, 210.0, 123.0, 150.0, 150.0, 200.0, 200.0, 150.0, 150.0, 150.0, 150.0, 150.0, 150.0, 150.0, 360.0, 404.0, 300.0, null, 728.0, 265]}], [{"col": "c9", "type": "TEXT", "data": ["9,520 horsepower (7,099 kw)\n[tractive force: 300 kn (30.6 tons)", "10,908 horsepower (8,134 kw) tractive force: 398 kn (41 tons)", "6,772 horsepower (5,050 kw) tractive force 314 kn (32 tons)", "8,806 horsepower (6,567 kw), tractive force 471 kn (48 tons)", "4,300 horsepower (3,207 kw)", "6,000 horsepower (4,474 kw) [tractive force: 392 kn (40 tons)", "6,000 horsepower (4,474 kw), tractive force 353 kn (36 tons)", "11,000 horsepower (8,203 kw), tractive force: 490 kn (50 tons)", "4,629 horsepower (3,452 kw), tractive effort: 65,500 lbf", "7,638 horsepower (5,696 kw)", "7,500 horsepower (5,593 kw)", "6,000 horsepower (4,474 kw)", "6,290 horsepower (4,690 kw)", "n/a, tractive effort: 199,560 lb simple; 166,600 lb compound", "6,200 horsepower (4,623 kw)", "8,469 horsepower (6,315 kw) over 10,000 hp at lower altitude and ambient temperatures", "6,600 horsepower (4,922 kw)", "9,655 horsepower (7,200 kw)", "9,977 horsepower (7,440 kw)", "6,839 horsepower (5,100 kw)", "8,851 horsepower (6,600 kw)", "10,997 horsepower (8,200 kw)", "10,527 horsepower (7,850 kw)", "8,046 horsepower (6,000 kw)", "6,300 horsepower (4,698 kw)", "6,250 horsepower (4,661 kw)", "6,350 horsepower (4,735 kw)", "6,300 horsepower (4,698 kw)", "6,250 horsepower (4,661 kw)", "12,874 horsepower (9,600 kw)", "13,410 horsepower (10,000 kw)", "9,655 horsepower (7,200 kw)", "12,874 horsepower (9,600 kw)", "12,874 horsepower (9,600 kw)", "12,874 horsepower (9,600 kw)", "9,655 horsepower (7,200 kw)", "9,655 horsepower (7,200 kw)", "9,655 horsepower (7,200 kw)", "14,483 horsepower (10,800 kw)\nfor a pair, possible to operate halves which is not usually done", "4,500 horsepower (3,356 kw)", "13,437 horsepower (10,020 kw)", "5500hp locomotive with 560kn tractive effort", "7,000 horsepower (5,220 kw) (2000hp diesel + 5000hp turbine)", "3,600 hp / 2,680kw coal fired steam locomotive (50 mph) with 245kn tractive effort"]}], [{"col": "c10", "type": "TEXT", "data": ["most powerful locomotive with only four axles, similar locomotives with slightly different technical data are in operation with sbb (re 460; 119 pc/ nsb (el 18; 22 pc)/ vr (sr2; 46 pc)/ kcrc (hong kong; 2 pc)", "in operation (october 2012), revised classification re 620, most powerful single-frame locomotive till china railways hxd1b appeared", "in operation (october 2012)", "1 preserved in working order", "about 50 locomotives are stopped because of failures in the rk215 diesel engine", "still in operation (october 2012)", "2 remain in working order as heritage locos", "exhibit at swiss transport museum", "most scrapped; the prototype and 15 production locomotives preserved in museums", "operational in romania, serbia, montenegro, bulgaria, hungary & macedonia", "two on static display", "nicknamed \"sacred cows\". sold back to baldwin in 1950 and scrapped", "several on static display.\nno. 4014 is to be moved from pomona, calif., to cheyenne, wyo. for restoration", "rebuilt into separate locomotives", "operates in excursion service; largest operational steam locomotive in 2007", "two preserved in museums. most powerful internal combustion locomotive built", "one operational, several in museums; largest operational single-unit diesel locomotive and the most powerful", "highest continuous tractive effort when built, most powerful locomotive using jackshafts", null, "most powerful locomotive in 1970s; highest continuous tractive effort", "most powerful locomotive with highest continuous tractive effort", null, "most powerful single-frame locomotive when built", "most powerful single-frame narrow-gauge locomotive in series production", "retired from service, some on lease with emlx", "actual hp output on early production units is 4350 hp due to use of the 7fdl engine", "most powerful electric locomotive in india in 2010", "most powerful diesel-electric locomotive in active production", "most powerful diesel-electric locomotive in active production", null, null, null, "most powerful single-frame locomotive in series production", "most powerful single-frame locomotive in series production", "most powerful single-frame locomotive in series production", null, null, null, "highest continuous tractive effort", "struck from the n&w roster on january 4, 1958", null, "the most powerful diesel locomotive in india. a vision statement of ir suggests that up to 5,000 units of this class will be manufactured by 2020", "home-built experimental coal-fired gas turbine. assembled from alco pa-1 up #607, gn w1 #5018, and the tender from challenger #3990. 215 feet (66 m) overall length; 1,457,280 pounds (661,011 kg) total weight. unsuccessful; set aside in 1964 and scrapped in 1968", "the most powerful steam locomotive, at the time built in, australia. 1 built. preserved at newport, victoria"]}]], "is_list": {"id": false, "agg": false, "c1": false, "c2": false, "c3": false, "c4": false, "c4_list": true, "c4_length": false, "c5": false, "c5_list": true, "c5_length": false, "c5_list_minimum_number": true, "c5_list_minimum_parsed": true, "c5_list_minimum_year": true, "c5_list_maximum_number": true, "c5_list_maximum_parsed": true, "c5_list_maximum_year": true, "c6": false, "c7": false, "c8": false, "c8_number": false, "c9": false, "c10": false}}