{"headers": ["id", "agg", "date", "opponent", "time", "score", "record"], "types": ["id", "agg", "date", "text", "time", "score", "score"], "contents": [[{"col": "id", "type": "INTEGER", "data": [1, 2, 3, 4, 5, 6, 7, 8, 9, 10, 11, 12, 13, 14, 15, 16, 17, 18, 19, 20, 21, 22, 23, 24, 25, 26, 27, 28, 29, 30, 31, 32, 33, 34]}], [{"col": "agg", "type": "INTEGER", "data": [0, 0, 0, 0, 0, 0, 0, 0, 0, 0, 0, 0, 0, 0, 0, 0, 0, 0, 0, 0, 0, 0, 0, 0, 0, 0, 0, 0, 0, 0, 0, 0, 0, 0]}], [{"col": "c1", "type": "TEXT", "data": ["10/9/2009", "10/10/2009", "10/16/2009", "10/17/2009", "10/23/2009", "10/24/2009", "10/30/2009", "10/31/2009", "11/6/2009", "11/7/2009", "11/13/2009", "11/14/2009", "11/20/2009", "11/21/2009", "11/24/2009", "11/27/2009", "11/28/2009", "12/4/2009", "12/5/2009", "1/2/2010", "1/8/2010", "1/9/2010", "1/15/2010", "1/16/2010", "1/22/2010", "1/23/2010", "1/29/2010", "1/30/2010", "2/5/2010", "2/6/2010", "2/12/2010", "2/13/2010", "2/19/2010", "2/20/2010"]}, {"col": "c1_number", "type": "INTEGER", "data": [10, 10, 10, 10, 10, 10, 10, 10, 11, 11, 11, 11, 11, 11, 11, 11, 11, 12, 12, 1, 1, 1, 1, 1, 1, 1, 1, 1, 2, 2, 2, 2, 2, 2]}, {"col": "c1_parsed", "type": "TEXT", "data": ["2009-10-09", "2009-10-10", "2009-10-16", "2009-10-17", "2009-10-23", "2009-10-24", "2009-10-30", "2009-10-31", "2009-11-06", "2009-11-07", "2009-11-13", "2009-11-14", "2009-11-20", "2009-11-21", "2009-11-24", "2009-11-27", "2009-11-28", "2009-12-04", "2009-12-05", "2010-01-02", "2010-01-08", "2010-01-09", "2010-01-15", "2010-01-16", "2010-01-22", "2010-01-23", "2010-01-29", "2010-01-30", "2010-02-05", "2010-02-06", "2010-02-12", "2010-02-13", "2010-02-19", "2010-02-20"]}, {"col": "c1_year", "type": "INTEGER", "data": [2009, 2009, 2009, 2009, 2009, 2009, 2009, 2009, 2009, 2009, 2009, 2009, 2009, 2009, 2009, 2009, 2009, 2009, 2009, 2010, 2010, 2010, 2010, 2010, 2010, 2010, 2010, 2010, 2010, 2010, 2010, 2010, 2010, 2010]}, {"col": "c1_month", "type": "INTEGER", "data": [10, 10, 10, 10, 10, 10, 10, 10, 11, 11, 11, 11, 11, 11, 11, 11, 11, 12, 12, 1, 1, 1, 1, 1, 1, 1, 1, 1, 2, 2, 2, 2, 2, 2]}, {"col": "c1_day", "type": "INTEGER", "data": [9, 10, 16, 17, 23, 24, 30, 31, 6, 7, 13, 14, 20, 21, 24, 27, 28, 4, 5, 2, 8, 9, 15, 16, 22, 23, 29, 30, 5, 6, 12, 13, 19, 20]}], [{"col": "c2", "type": "TEXT", "data": ["university of new hampshire", "boston college", "providence college", "university of connecticut", "wayne state university", "wayne state university", "harvard university", "dartmouth college", "rensselaer", "union college", "st. lawrence university", "clarkson university", "quinnipiac university", "princeton university", "syracuse university", "mercyhurst college", "mercyhurst college", "brown university", "yale university", "syracuse university", "niagara university", "niagara university", "dartmouth college", "harvard university", "cornell university", "cornell university", "clarkson university", "st. lawrence university", "princeton university", "quinnipiac university", "yale university", "brown university", "union college", "rensselaer"]}], [{"col": "c3", "type": "TEXT", "data": ["7 p.m", "5 p.m", "7 p.m", "4 p.m", "7 p.m", "2 p.m", "7 p.m", "3:30 p.m", "2:30 p.m", "2:30 p.m", "7 p.m", "4 p.m", "7 p.m", "4 p.m", "7 p.m", "7 p.m", "2 p.m", "7 p.m", "4 p.m", "7 p.m", "7 p.m", "4 p.m", "7 p.m", "4 p.m", "3 p.m", "3 p.m", "7 p.m", "4 p.m", "7 p.m", "4 p.m", "7 p.m", "4 p.m", "7 p.m", "4 p.m"]}, {"col": "c3_number", "type": "INTEGER", "data": [7, 5, 7, 4, 7, 2, 7, 3, 2, 2, 7, 4, 7, 4, 7, 7, 2, 7, 4, 7, 7, 4, 7, 4, 3, 3, 7, 4, 7, 4, 7, 4, 7, 4]}, {"col": "c3_hour", "type": "INTEGER", "data": [null, null, null, null, null, null, null, 3, 2, 2, null, null, null, null, null, null, null, null, null, null, null, null, null, null, null, null, null, null, null, null, null, null, null, null]}, {"col": "c3_min", "type": "INTEGER", "data": [null, null, null, null, null, null, null, 30, 30, 30, null, null, null, null, null, null, null, null, null, null, null, null, null, null, null, null, null, null, null, null, null, null, null, null]}], [{"col": "c4", "type": "TEXT", "data": ["loss, 4-0", null, "1-4", null, null, null, null, null, null, "4-0", null, null, null, null, null, null, null, null, null, null, null, null, null, null, null, null, null, null, null, null, null, null, "2-1", null]}, {"col": "c4_result", "type": "TEXT", "data": ["l", null, null, null, null, null, null, null, null, null, null, null, null, null, null, null, null, null, null, null, null, null, null, null, null, null, null, null, null, null, null, null, null, null]}, {"col": "c4_number", "type": "INTEGER", "data": [4, null, 1, null, null, null, null, null, null, 4, null, null, null, null, null, null, null, null, null, null, null, null, null, null, null, null, null, null, null, null, null, null, 2, null]}, {"col": "c4_number1", "type": "INTEGER", "data": [4, null, 1, null, null, null, null, null, null, 4, null, null, null, null, null, null, null, null, null, null, null, null, null, null, null, null, null, null, null, null, null, null, 2, null]}, {"col": "c4_number2", "type": "INTEGER", "data": [0, null, 4, null, null, null, null, null, null, 0, null, null, null, null, null, null, null, null, null, null, null, null, null, null, null, null, null, null, null, null, null, null, 1, null]}], [{"col": "c5", "type": "TEXT", "data": ["0-1-0", null, null, null, null, null, null, null, null, null, null, null, null, null, null, null, null, null, null, null, null, null, null, null, null, null, null, null, null, null, null, null, null, null]}, {"col": "c5_number", "type": "INTEGER", "data": [0, null, null, null, null, null, null, null, null, null, null, null, null, null, null, null, null, null, null, null, null, null, null, null, null, null, null, null, null, null, null, null, null, null]}, {"col": "c5_number1", "type": "INTEGER", "data": [0, null, null, null, null, null, null, null, null, null, null, null, null, null, null, null, null, null, null, null, null, null, null, null, null, null, null, null, null, null, null, null, null, null]}, {"col": "c5_number2", "type": "INTEGER", "data": [1, null, null, null, null, null, null, null, null, null, null, null, null, null, null, null, null, null, null, null, null, null, null, null, null, null, null, null, null, null, null, null, null, null]}, {"col": "c5_number3", "type": "INTEGER", "data": [0, null, null, null, null, null, null, null, null, null, null, null, null, null, null, null, null, null, null, null, null, null, null, null, null, null, null, null, null, null, null, null, null, null]}]], "is_list": {"id": false, "agg": false, "c1": false, "c1_number": false, "c1_parsed": false, "c1_year": false, "c1_month": false, "c1_day": false, "c2": false, "c3": false, "c3_number": false, "c3_hour": false, "c3_min": false, "c4": false, "c4_result": false, "c4_number": false, "c4_number1": false, "c4_number2": false, "c5": false, "c5_number": false, "c5_number1": false, "c5_number2": false, "c5_number3": false}}