{"headers": ["id", "agg", "year", "competition", "venue", "position", "notes"], "types": ["id", "agg", "number", "text", "address", "rank(text)", "unitnum"], "contents": [[{"col": "id", "type": "INTEGER", "data": [1, 2, 3, 4, 5, 6, 7, 8, 9, 10, 11]}], [{"col": "agg", "type": "INTEGER", "data": [0, 0, 0, 0, 0, 0, 0, 0, 0, 0, 0]}], [{"col": "c1", "type": "TEXT", "data": ["1991", "1992", "1996", "1996", "1997", "1998", "2000", "2001", "2005", "2006", "2006"]}, {"col": "c1_number", "type": "INTEGER", "data": [1991, 1992, 1996, 1996, 1997, 1998, 2000, 2001, 2005, 2006, 2006]}], [{"col": "c2", "type": "TEXT", "data": ["european junior championships", "world junior championships", "european indoor championships", "olympic games", "world championships", "european championships", "european indoor championships", "universiade", "european indoor championships", "world indoor championships", "european championships"]}], [{"col": "c3", "type": "TEXT", "data": ["thessaloniki, greece", "seoul, south korea", "stockholm, sweden", "atlanta, united states", "athens, greece", "budapest, hungary", "ghent, belgium", "beijing, pr china", "madrid, spain", "moscow, russia", "gothenburg, sweden"]}, {"col": "c3_address", "type": "LIST TEXT", "data": [["thessaloniki", "greece"], ["seoul", "south korea"], ["stockholm", "sweden"], ["atlanta", "united states"], ["athens", "greece"], ["budapest", "hungary"], ["ghent", "belgium"], ["beijing", "pr china"], ["madrid", "spain"], ["moscow", "russia"], ["gothenburg", "sweden"]]}], [{"col": "c4", "type": "TEXT", "data": ["10th", "1st", "14th (q)", "23rd (q)", "27th (q)", "10th", "13th (q)", "3rd", "15th (q)", "14th (q)", "8th"]}, {"col": "c4_first", "type": "TEXT", "data": ["10th", "1st", "14th", "23rd", "27th", "10th", "13th", "3rd", "15th", "14th", "8th"]}, {"col": "c4_second", "type": "TEXT", "data": [null, null, "q", "q", "q", null, "q", null, "q", "q", null]}, {"col": "c4_first_number", "type": "REAL", "data": [10.0, 1.0, 14.0, 23.0, 27.0, 10.0, 13.0, 3.0, 15.0, 14.0, 8.0]}], [{"col": "c5", "type": "TEXT", "data": ["4.90 m", "5.45 m", "5.45 m", "5.40 m", "5.30 m", "5.40 m", "5.20 m", "5.60 m", "5.40 m", "5.45 m", "5.50 m"]}, {"col": "c5_number", "type": "REAL", "data": [4.9, 5.45, 5.45, 5.4, 5.3, 5.4, 5.2, 5.6, 5.4, 5.45, 5.5]}]], "is_list": {"id": false, "agg": false, "c1": false, "c1_number": false, "c2": false, "c3": false, "c3_address": true, "c4": false, "c4_first": false, "c4_second": false, "c4_first_number": false, "c5": false, "c5_number": false}}