{"headers": ["id", "agg", "week", "date", "opponent", "score", "result", "attendance", "record"], "types": ["id", "agg", "number", "date", "text", "score", "score", "number", "score"], "contents": [[{"col": "id", "type": "INTEGER", "data": [1, 2, 3, 4, 5, 6, 7, 8, 9, 10, 11, 12, 13, 14, 15, 16]}], [{"col": "agg", "type": "INTEGER", "data": [0, 0, 0, 0, 0, 0, 0, 0, 0, 0, 0, 0, 0, 0, 0, 0]}], [{"col": "c1", "type": "TEXT", "data": ["1", "2", "3", "4", "5", "6", "7", "8", "9", "10", "11", "12", "13", "14", "15", "16"]}, {"col": "c1_number", "type": "REAL", "data": [1.0, 2.0, 3.0, 4.0, 5.0, 6.0, 7.0, 8.0, 9.0, 10.0, 11.0, 12.0, 13.0, 14.0, 15.0, 16.0]}], [{"col": "c2", "type": "TEXT", "data": ["thursday, aug 11", "monday, aug 15", "saturday, aug 20", "monday, aug 22", "monday, aug 29", "thursday, sept 1", "monday, sept 5", "monday, sept 12", "saturday, sept 17", "monday, sept 19", "saturday, sept 24", "thursday, oct 6", "thursday, oct 13", "saturday, oct 15", "saturday, oct 22", "saturday, oct 29"]}, {"col": "c2_number", "type": "INTEGER", "data": [11, 15, 20, 22, 29, 1, 5, 12, 17, 19, 24, 6, 13, 15, 22, 29]}, {"col": "c2_parsed", "type": "TEXT", "data": ["xxxx-08-11", "xxxx-08-15", "xxxx-08-20", "xxxx-08-22", "xxxx-08-29", "xxxx-09-01", "xxxx-09-05", "xxxx-09-12", "xxxx-09-17", "xxxx-09-19", "xxxx-09-24", "xxxx-10-06", "xxxx-10-13", "xxxx-10-15", "xxxx-10-22", "xxxx-10-29"]}, {"col": "c2_year", "type": "INTEGER", "data": [-1, -1, -1, -1, -1, -1, -1, -1, -1, -1, -1, -1, -1, -1, -1, -1]}, {"col": "c2_month", "type": "INTEGER", "data": [8, 8, 8, 8, 8, 9, 9, 9, 9, 9, 9, 10, 10, 10, 10, 10]}, {"col": "c2_day", "type": "INTEGER", "data": [11, 15, 20, 22, 29, 1, 5, 12, 17, 19, 24, 6, 13, 15, 22, 29]}], [{"col": "c3", "type": "TEXT", "data": ["vs. winnipeg blue bombers", "at edmonton eskimos", "vs. saskatchewan roughriders", "at calgary stampeders", "vs. edmonton eskimos", "at winnipeg blue bombers", "at saskatchewan roughriders", "vs. calgary stampeders", "vs. winnipeg blue bombers", "at edmonton eskimos", "at calgary stampeders", "vs. edmonton eskimos", "at winnipeg blue bombers", "at saskatchewan roughriders", "vs. calgary stampeders", "vs. saskatchewan roughriders"]}, {"col": "c3_raw", "type": "TEXT", "data": ["winnipeg blue bombers", "edmonton eskimos", "saskatchewan roughriders", "calgary stampeders", "edmonton eskimos", "winnipeg blue bombers", "saskatchewan roughriders", "calgary stampeders", "winnipeg blue bombers", "edmonton eskimos", "calgary stampeders", "edmonton eskimos", "winnipeg blue bombers", "saskatchewan roughriders", "calgary stampeders", "saskatchewan roughriders"]}, {"col": "c3_home", "type": "TEXT", "data": ["home", "away", "home", "away", "home", "away", "away", "home", "home", "away", "away", "home", "away", "away", "home", "home"]}], [{"col": "c4", "type": "TEXT", "data": ["35-21", "33-14", "27-12", "26-19", "26-0", "19-14", "31-21", "21-21", "26-14", "18-10", "28-14", "21-13", "49-21", "14-14", "22-10", "38-0"]}, {"col": "c4_number", "type": "INTEGER", "data": [35, 33, 27, 26, 26, 19, 31, 21, 26, 18, 28, 21, 49, 14, 22, 38]}, {"col": "c4_number1", "type": "INTEGER", "data": [35, 33, 27, 26, 26, 19, 31, 21, 26, 18, 28, 21, 49, 14, 22, 38]}, {"col": "c4_number2", "type": "INTEGER", "data": [21, 14, 12, 19, 0, 14, 21, 21, 14, 10, 14, 13, 21, 14, 10, 0]}], [{"col": "c5", "type": "TEXT", "data": ["loss", "loss", "win", "win", "loss", "loss", "win", "tie", "loss", "loss", "loss", "win", "loss", "tie", "loss", "win"]}, {"col": "c5_result", "type": "TEXT", "data": ["loss", "loss", "win", "win", "loss", "loss", "win", "tie", "loss", "loss", "loss", "win", "loss", "tie", "loss", "win"]}], [{"col": "c6", "type": "TEXT", "data": ["31837", "17500", "29532", null, "28420", "18297", "14105", "27759", "30292", null, "13000", "21707", "16773", "7255", "29599", "21114"]}, {"col": "c6_number", "type": "REAL", "data": [31837.0, 17500.0, 29532.0, null, 28420.0, 18297.0, 14105.0, 27759.0, 30292.0, null, 13000.0, 21707.0, 16773.0, 7255.0, 29599.0, 21114.0]}], [{"col": "c7", "type": "TEXT", "data": ["0-1", "0-2", "1-2", "2-2", "2-3", "2-4", "3-4", "3-4-1", "3-5-1", "3-6-1", "3-7-1", "4-7-1", "4-8-1", "4-8-2", "4-9-2", "5-9-2"]}, {"col": "c7_number", "type": "INTEGER", "data": [0, 0, 1, 2, 2, 2, 3, 3, 3, 3, 3, 4, 4, 4, 4, 5]}, {"col": "c7_number1", "type": "INTEGER", "data": [0, 0, 1, 2, 2, 2, 3, 3, 3, 3, 3, 4, 4, 4, 4, 5]}, {"col": "c7_number2", "type": "INTEGER", "data": [1, 2, 2, 2, 3, 4, 4, 4, 5, 6, 7, 7, 8, 8, 9, 9]}, {"col": "c7_number3", "type": "INTEGER", "data": [null, null, null, null, null, null, null, 1, 1, 1, 1, 1, 1, 2, 2, 2]}]], "is_list": {"id": false, "agg": false, "c1": false, "c1_number": false, "c2": false, "c2_number": false, "c2_parsed": false, "c2_year": false, "c2_month": false, "c2_day": false, "c3": false, "c3_raw": false, "c3_home": false, "c4": false, "c4_number": false, "c4_number1": false, "c4_number2": false, "c5": false, "c5_result": false, "c6": false, "c6_number": false, "c7": false, "c7_number": false, "c7_number1": false, "c7_number2": false, "c7_number3": false}}