{"headers": ["id", "agg", "model", "origin", "type", "version", "in service", "notes"], "types": ["id", "agg", "text", "text", "text", "text", "number", "text"], "contents": [[{"col": "id", "type": "INTEGER", "data": [1, 2, 3, 4, 5, 6, 7, 8, 9, 10, 11, 12]}], [{"col": "agg", "type": "INTEGER", "data": [0, 0, 0, 0, 0, 0, 0, 0, 0, 0, 0, 0]}], [{"col": "c1", "type": "TEXT", "data": ["larc-v", "gkn aquatrack", "am general hmmwv", "maxi-ambulance", "m939 truck", "m35 truck", "m151", "delta mini cruiser", "marine multi-purpose vehicle", "km-50 series", "km-45 series", "km-45 series"]}], [{"col": "c2", "type": "TEXT", "data": ["united states", "united kingdom", "united states", "united states", "united states", "united states", "united states", "philippines", "philippines", "republic of korea", "republic of korea", "republic of korea"]}], [{"col": "c3", "type": "TEXT", "data": ["amphibious support vehicle", "amphibious support vehicle", "light utility vehicle", "light utility vehicle", "heavy utility vehicle", "2 1/2-ton utility vehicle", "1/4-ton light utility vehicle and weapons carrier", "1/4-ton light utility vehicle", "light utility vehicle and weapons carrier", "5-ton utility vehicle", "1 1/2-ton utility vehicle", "field ambulance"]}], [{"col": "c4", "type": "TEXT", "data": ["larc-v", "aquatrack", "m998a1\nm1038a1\nm1025a1", "m997a2", "m923", "m35", "standard", "m1777", "standard", "km-500", "km-450", "km-451"]}], [{"col": "c5", "type": "TEXT", "data": ["5", "2", null, "4", null, null, null, null, null, "12", ">50", "12"]}, {"col": "c5_number", "type": "REAL", "data": [5.0, 2.0, null, 4.0, null, null, null, null, null, 12.0, 50.0, 12.0]}], [{"col": "c6", "type": "TEXT", "data": ["most refurbished in 2006", "introduced in mid 1990s. originally owned by the office of civil defense but under pmc stewardship", "divided into several variants and series", "150 delivered to afp on november 2011, pmc received 50 units", "several delivered to afp in 2013, several units for the marines", "divided into several variants and series. more delivered in 2013", "in service, several carrying m40 106mm recoilless rifle", "divided into several variants and series, including short and stretched utility and armed variants, and modified variants for specialized units", "to replace the m151 mutt, usually armed with an m40 106mm recoilless rifle, or as a cheaper alternative to the humvee", "155mm artillery prime mover. 1st batch of 6 delivered 2012", "3000 purchased by afp on 2007, 1000 units shared by navy/marines and air force", "500 purchased by afp in 2012, 200 went to the marines"]}]], "is_list": {"id": false, "agg": false, "c1": false, "c2": false, "c3": false, "c4": false, "c5": false, "c5_number": false, "c6": false}}