{"headers": ["id", "agg", "", "name on the register", "date listed", "location", "city or town", "summary"], "types": ["id", "agg", "number", "text", "date(text)", "text", "text", "text"], "contents": [[{"col": "id", "type": "INTEGER", "data": [1, 2, 3, 4, 5, 6, 7, 8, 9, 10, 11, 12, 13, 14, 15, 16, 17, 18, 19, 20, 21, 22, 23, 24, 25, 26, 27, 28, 29, 30, 31, 32, 33, 34, 35, 36, 37, 38, 39, 40, 41, 42, 43, 44, 45, 46, 47, 48, 49, 50, 51, 52, 53, 54, 55, 56, 57, 58, 59, 60, 61, 62, 63, 64, 65, 66, 67, 68, 69, 70, 71, 72, 73, 74, 75, 76, 77, 78, 79]}], [{"col": "agg", "type": "INTEGER", "data": [0, 0, 0, 0, 0, 0, 0, 0, 0, 0, 0, 0, 0, 0, 0, 0, 0, 0, 0, 0, 0, 0, 0, 0, 0, 0, 0, 0, 0, 0, 0, 0, 0, 0, 0, 0, 0, 0, 0, 0, 0, 0, 0, 0, 0, 0, 0, 0, 0, 0, 0, 0, 0, 0, 0, 0, 0, 0, 0, 0, 0, 0, 0, 0, 0, 0, 0, 0, 0, 0, 0, 0, 0, 0, 0, 0, 0, 0, 0]}], [{"col": "c1", "type": "TEXT", "data": ["1", "2", "3", "4", "5", "6", "7", "8", "9", "10", "11", "12", "13", "14", "15", "16", "17", "18", "19", "20", "21", "22", "23", "24", "25", "26", "27", "28", "29", "30", "31", "32", "33", "34", "35", "36", "37", "38", "39", "40", "41", "42", "43", "44", "45", "46", "47", "48", "49", "50", "51", "52", "53", "54", "55", "56", "57", "58", "59", "60", "61", "62", "63", "64", "65", "66", "67", "68", "69", "70", "71", "72", "73", "74", "75", "76", "77", "78", "79"]}, {"col": "c1_number", "type": "REAL", "data": [1.0, 2.0, 3.0, 4.0, 5.0, 6.0, 7.0, 8.0, 9.0, 10.0, 11.0, 12.0, 13.0, 14.0, 15.0, 16.0, 17.0, 18.0, 19.0, 20.0, 21.0, 22.0, 23.0, 24.0, 25.0, 26.0, 27.0, 28.0, 29.0, 30.0, 31.0, 32.0, 33.0, 34.0, 35.0, 36.0, 37.0, 38.0, 39.0, 40.0, 41.0, 42.0, 43.0, 44.0, 45.0, 46.0, 47.0, 48.0, 49.0, 50.0, 51.0, 52.0, 53.0, 54.0, 55.0, 56.0, 57.0, 58.0, 59.0, 60.0, 61.0, 62.0, 63.0, 64.0, 65.0, 66.0, 67.0, 68.0, 69.0, 70.0, 71.0, 72.0, 73.0, 74.0, 75.0, 76.0, 77.0, 78.0, 79.0]}], [{"col": "c2", "type": "TEXT", "data": ["academy of the sacred heart", "russell a. alger, jr. house", "annapolis park historic district", "henry w. baker house", "tivadar and dorothy balogh house", "thomas and maria blackman bartlett house", "beverly road historic district", "david and elizabeth bell boldman house", "benjamin and mary ann bradford house", "jos. campau historic district", "cherry hill historic district", "christ church chapel", "thomas and isabella moore clyde house", "commandant's quarters", "charles g. curtiss sr. house", "dearborn inn and colonial homes", "defer elementary school", "paul harvey deming house", "phillip and maria hasselbach dingledey house", "east river road historic district", "east river road - north hickory canal bridge", "john and emma lacey eberts house", "orson everitt house", "fair lane", "ferry street - thorofare canal bridge", "first united methodist church", "john and edna truesdell fischer farmstead", "ford river rouge complex", "ford valve plant", "henry ford square house", "ford-bacon house", "gibraltar road - waterway canal bridge", "grace evangelical lutheran church", "greenfield village and henry ford museum", "greenmead farms", "grosse pointe high school", "grosse pointe memorial church", "hamtramck stadium", "highland heights-stevens' subdivision historic district", "highland park general hospital", "highland park plant, ford motor company", "highland park presbyterian church", "hull's trace north huron river corduroy segment", "jefferson avenue - huron river and harbin drive - silver creek canal bridges", "william and margot kessler house", "orrin and roxanne fairman kinyon house", "charles j. and ingrid v. (frendberg) koebel house", "lilley road - lower rouge river bridge", "lincoln park post office", "george p. macnichol house", "marx house", "medbury's-grove lawn subdivisions historic district", "mellus newspapers building", "northville historic district", "norwayne historic district", "palmer park boulevard apartments district", "parke lane road - thorofare canal bridge", "john and eliza barr patterson house", "redford township district no. 5 school", "pere gabriel richard elementary school", "rosedale gardens historic district", "ste. claire (steamer)", "st. florian historic district", "st. james episcopal church", "saint paul catholic church complex", "carl e. and alice candler schmidt house", "sheldon inn", "george and mary pine smith house", "south pointe drive - frenchman's creek bridge", "william b. and mary chase stratton house", "trinity united methodist church", "ephraim and emma woodworth truesdell house", "us 12 bridges", "carlton d. wall house", "waltz road - huron river bridge", "west jefferson avenue - rouge river bridge", "wilson barn", "john t. woodhouse house", "wyandotte odd fellows temple"]}], [{"col": "c3", "type": "TEXT", "data": ["june 25, 1987\n(#87001061)", "july 8, 1982\n(#82002917)", "may 18, 2006\n(#06000405)", "april 22, 1982\n(#82002922)", "september 30, 2013\n(#13000800)", "june 2, 2000\n(#00000614)", "april 7, 1995\n(#94001428)", "june 2, 2000\n(#00000615)", "june 9, 2000\n(#00000648)", "october 17, 2012\n(#12000870)", "april 2, 2003\n(#03000176)", "september 10, 1993\n(#93000424)", "april 2, 2003\n(#03000175)", "october 15, 1970\n(#70000286)", "december 2, 1993\n(#93001350)", "december 10, 1982\n(#82000549)", "may 2, 2001\n(#01000458)", "july 25, 1996\n(#96000811)", "june 2, 2000\n(#00000616)", "august 13, 1974\n(#74001003)", "february 4, 2000\n(#00000042)", "july 16, 2009\n(#09000524)", "october 14, 1980\n(#80001933)", "november 13, 1966\n(#66000399)", "february 18, 2000\n(#00000118)", "august 3, 1982\n(#82002918)", "june 2, 2000\n(#00000617)", "june 2, 1978\n(#78001516)", "august 1, 1995\n(#95000866)", "november 25, 1980\n(#80001932)", "december 1, 1997\n(#97001476)", "february 10, 2000\n(#00000082)", "august 3, 1982\n(#82002919)", "october 20, 1969\n(#69000071)", "march 24, 1972\n(#72000672)", "may 20, 1993\n(#93000429)", "december 6, 1993\n(#93001351)", "july 31, 2012\n(#12000458)", "february 8, 1988\n(#88000050)", "october 31, 1985\n(#85003400)", "february 6, 1973\n(#73000961)", "august 3, 1982\n(#82002920)", "december 13, 2010\n(#10001022)", "february 10, 2000\n(#00000080)", "september 30, 2013\n(#13000801)", "june 9, 2000\n(#00000649)", "december 8, 2009\n(#09001068)", "february 10, 2000\n(#00000078)", "february 4, 2004\n(#03001551)", "may 24, 1984\n(#84001859)", "august 13, 1976\n(#76001043)", "february 8, 1988\n(#88000049)", "july 20, 2005\n(#05000716)", "july 31, 1972\n(#72000673)", "july 9, 2013\n(#13000479)", "january 22, 1992\n(#91001983)", "february 4, 2000\n(#00000043)", "june 9, 2000\n(#00000647)", "march 28, 1997\n(#97000279)", "july 22, 1994\n(#94000752)", "july 19, 2010\n(#10000478)", "november 2, 1979\n(#79001177)", "september 13, 1984\n(#84001865)", "november 19, 1971\n(#71000434)", "june 17, 1994\n(#94000621)", "august 24, 2005\n(#05000909)", "june 2, 2000\n(#00000618)", "june 2, 2000\n(#00000619)", "february 18, 2000\n(#00000117)", "may 24, 1984\n(#84001867)", "august 3, 1982\n(#82002921)", "april 2, 2003\n(#03000174)", "february 4, 2000\n(#00000041)", "june 28, 1994\n(#94000620)", "february 10, 2000\n(#00000081)", "february 10, 2000\n(#00000079)", "december 12, 1973\n(#73000962)", "july 20, 2005\n(#05000715)", "july 16, 2009\n(#09000527)"]}, {"col": "c3_first", "type": "TEXT", "data": ["june 25, 1987", "july 8, 1982", "may 18, 2006", "april 22, 1982", "september 30, 2013", "june 2, 2000", "april 7, 1995", "june 2, 2000", "june 9, 2000", "october 17, 2012", "april 2, 2003", "september 10, 1993", "april 2, 2003", "october 15, 1970", "december 2, 1993", "december 10, 1982", "may 2, 2001", "july 25, 1996", "june 2, 2000", "august 13, 1974", "february 4, 2000", "july 16, 2009", "october 14, 1980", "november 13, 1966", "february 18, 2000", "august 3, 1982", "june 2, 2000", "june 2, 1978", "august 1, 1995", "november 25, 1980", "december 1, 1997", "february 10, 2000", "august 3, 1982", "october 20, 1969", "march 24, 1972", "may 20, 1993", "december 6, 1993", "july 31, 2012", "february 8, 1988", "october 31, 1985", "february 6, 1973", "august 3, 1982", "december 13, 2010", "february 10, 2000", "september 30, 2013", "june 9, 2000", "december 8, 2009", "february 10, 2000", "february 4, 2004", "may 24, 1984", "august 13, 1976", "february 8, 1988", "july 20, 2005", "july 31, 1972", "july 9, 2013", "january 22, 1992", "february 4, 2000", "june 9, 2000", "march 28, 1997", "july 22, 1994", "july 19, 2010", "november 2, 1979", "september 13, 1984", "november 19, 1971", "june 17, 1994", "august 24, 2005", "june 2, 2000", "june 2, 2000", "february 18, 2000", "may 24, 1984", "august 3, 1982", "april 2, 2003", "february 4, 2000", "june 28, 1994", "february 10, 2000", "february 10, 2000", "december 12, 1973", "july 20, 2005", "july 16, 2009"]}, {"col": "c3_second", "type": "TEXT", "data": ["#87001061", "#82002917", "#06000405", "#82002922", "#13000800", "#00000614", "#94001428", "#00000615", "#00000648", "#12000870", "#03000176", "#93000424", "#03000175", "#70000286", "#93001350", "#82000549", "#01000458", "#96000811", "#00000616", "#74001003", "#00000042", "#09000524", "#80001933", "#66000399", "#00000118", "#82002918", "#00000617", "#78001516", "#95000866", "#80001932", "#97001476", "#00000082", "#82002919", "#69000071", "#72000672", "#93000429", "#93001351", "#12000458", "#88000050", "#85003400", "#73000961", "#82002920", "#10001022", "#00000080", "#13000801", "#00000649", "#09001068", "#00000078", "#03001551", "#84001859", "#76001043", "#88000049", "#05000716", "#72000673", "#13000479", "#91001983", "#00000043", "#00000647", "#97000279", "#94000752", "#10000478", "#79001177", "#84001865", "#71000434", "#94000621", "#05000909", "#00000618", "#00000619", "#00000117", "#84001867", "#82002921", "#03000174", "#00000041", "#94000620", "#00000081", "#00000079", "#73000962", "#05000715", "#09000527"]}, {"col": "c3_first_number", "type": "INTEGER", "data": [25, 8, 18, 22, 30, 2, 7, 2, 9, 17, 2, 10, 2, 15, 2, 10, 2, 25, 2, 13, 4, 16, 14, 13, 18, 3, 2, 2, 1, 25, 1, 10, 3, 20, 24, 20, 6, 31, 8, 31, 6, 3, 13, 10, 30, 9, 8, 10, 4, 24, 13, 8, 20, 31, 9, 22, 4, 9, 28, 22, 19, 2, 13, 19, 17, 24, 2, 2, 18, 24, 3, 2, 4, 28, 10, 10, 12, 20, 16]}, {"col": "c3_first_parsed", "type": "TEXT", "data": ["1987-06-25", "1982-07-08", "2006-05-18", "1982-04-22", "2013-09-30", "2000-06-02", "1995-04-07", "2000-06-02", "2000-06-09", "2012-10-17", "2003-04-02", "1993-09-10", "2003-04-02", "1970-10-15", "1993-12-02", "1982-12-10", "2001-05-02", "1996-07-25", "2000-06-02", "1974-08-13", "2000-02-04", "2009-07-16", "1980-10-14", "1966-11-13", "2000-02-18", "1982-08-03", "2000-06-02", "1978-06-02", "1995-08-01", "1980-11-25", "1997-12-01", "2000-02-10", "1982-08-03", "1969-10-20", "1972-03-24", "1993-05-20", "1993-12-06", "2012-07-31", "1988-02-08", "1985-10-31", "1973-02-06", "1982-08-03", "2010-12-13", "2000-02-10", "2013-09-30", "2000-06-09", "2009-12-08", "2000-02-10", "2004-02-04", "1984-05-24", "1976-08-13", "1988-02-08", "2005-07-20", "1972-07-31", "2013-07-09", "1992-01-22", "2000-02-04", "2000-06-09", "1997-03-28", "1994-07-22", "2010-07-19", "1979-11-02", "1984-09-13", "1971-11-19", "1994-06-17", "2005-08-24", "2000-06-02", "2000-06-02", "2000-02-18", "1984-05-24", "1982-08-03", "2003-04-02", "2000-02-04", "1994-06-28", "2000-02-10", "2000-02-10", "1973-12-12", "2005-07-20", "2009-07-16"]}, {"col": "c3_first_year", "type": "INTEGER", "data": [1987, 1982, 2006, 1982, 2013, 2000, 1995, 2000, 2000, 2012, 2003, 1993, 2003, 1970, 1993, 1982, 2001, 1996, 2000, 1974, 2000, 2009, 1980, 1966, 2000, 1982, 2000, 1978, 1995, 1980, 1997, 2000, 1982, 1969, 1972, 1993, 1993, 2012, 1988, 1985, 1973, 1982, 2010, 2000, 2013, 2000, 2009, 2000, 2004, 1984, 1976, 1988, 2005, 1972, 2013, 1992, 2000, 2000, 1997, 1994, 2010, 1979, 1984, 1971, 1994, 2005, 2000, 2000, 2000, 1984, 1982, 2003, 2000, 1994, 2000, 2000, 1973, 2005, 2009]}, {"col": "c3_first_month", "type": "INTEGER", "data": [6, 7, 5, 4, 9, 6, 4, 6, 6, 10, 4, 9, 4, 10, 12, 12, 5, 7, 6, 8, 2, 7, 10, 11, 2, 8, 6, 6, 8, 11, 12, 2, 8, 10, 3, 5, 12, 7, 2, 10, 2, 8, 12, 2, 9, 6, 12, 2, 2, 5, 8, 2, 7, 7, 7, 1, 2, 6, 3, 7, 7, 11, 9, 11, 6, 8, 6, 6, 2, 5, 8, 4, 2, 6, 2, 2, 12, 7, 7]}, {"col": "c3_first_day", "type": "INTEGER", "data": [25, 8, 18, 22, 30, 2, 7, 2, 9, 17, 2, 10, 2, 15, 2, 10, 2, 25, 2, 13, 4, 16, 14, 13, 18, 3, 2, 2, 1, 25, 1, 10, 3, 20, 24, 20, 6, 31, 8, 31, 6, 3, 13, 10, 30, 9, 8, 10, 4, 24, 13, 8, 20, 31, 9, 22, 4, 9, 28, 22, 19, 2, 13, 19, 17, 24, 2, 2, 18, 24, 3, 2, 4, 28, 10, 10, 12, 20, 16]}], [{"col": "c4", "type": "TEXT", "data": ["171 lake shore dr.\n42\u00b023\u203235\u2032\u2032n 82\u00b053\u203237\u2032\u2032w\ufeff / \ufeff42.393056\u00b0n 82.893611\u00b0w", "32 lake shore dr.\n42\u00b023\u203213\u2032\u2032n 82\u00b053\u203250\u2032\u2032w\ufeff / \ufeff42.386944\u00b0n 82.897222\u00b0w", "julius, matthew, hanover, farnum, alan, and paul\n42\u00b016\u203214\u2032\u2032n 83\u00b019\u203259\u2032\u2032w\ufeff / \ufeff42.270556\u00b0n 83.333056\u00b0w", "233 s. main st.\n42\u00b022\u203219\u2032\u2032n 83\u00b028\u203203\u2032\u2032w\ufeff / \ufeff42.371944\u00b0n 83.4675\u00b0w", "49800 joy road (plymouth township)\n42\u00b021\u203202\u2032\u2032n 83\u00b031\u203252\u2032\u2032w\ufeff / \ufeff42.350548\u00b0n 83.531141\u00b0w", "500 n. ridge rd. (canton township)\n42\u00b018\u203230\u2032\u2032n 83\u00b032\u203205\u2032\u2032w\ufeff / \ufeff42.308333\u00b0n 83.534722\u00b0w", "23-45 beverly rd.\n42\u00b023\u203218\u2032\u2032n 82\u00b054\u203206\u2032\u2032w\ufeff / \ufeff42.388333\u00b0n 82.901667\u00b0w", "3339 s. canton center rd. (canton township)\n42\u00b016\u203254\u2032\u2032n 83\u00b029\u203209\u2032\u2032w\ufeff / \ufeff42.281667\u00b0n 83.485833\u00b0w", "48145 warren rd.\n42\u00b020\u203207\u2032\u2032n 83\u00b030\u203254\u2032\u2032w\ufeff / \ufeff42.335278\u00b0n 83.515\u00b0w", "bounded by holbrook, pulaski, casmere, & lehman sts.\n42\u00b023\u203255\u2032\u2032n 83\u00b003\u203232\u2032\u2032w\ufeff / \ufeff42.39852\u00b0n 83.058922\u00b0w", "cherry hill and ridge rds.\n42\u00b018\u203217\u2032\u2032n 83\u00b032\u203220\u2032\u2032w\ufeff / \ufeff42.304722\u00b0n 83.538889\u00b0w", "61 grosse pointe rd.\n42\u00b023\u203229\u2032\u2032n 82\u00b054\u203203\u2032\u2032w\ufeff / \ufeff42.391389\u00b0n 82.900833\u00b0w", "50325 cherry hill rd.\n42\u00b018\u203221\u2032\u2032n 83\u00b032\u203207\u2032\u2032w\ufeff / \ufeff42.305833\u00b0n 83.535278\u00b0w", "21950 michigan ave.\n42\u00b018\u203223\u2032\u2032n 83\u00b014\u203238\u2032\u2032w\ufeff / \ufeff42.306389\u00b0n 83.243889\u00b0w", "168 s. union st.\n42\u00b022\u203219\u2032\u2032n 83\u00b027\u203258\u2032\u2032w\ufeff / \ufeff42.371944\u00b0n 83.466111\u00b0w", "20301 oakwood blvd.\n42\u00b017\u203248\u2032\u2032n 83\u00b013\u203241\u2032\u2032w\ufeff / \ufeff42.296667\u00b0n 83.228056\u00b0w", "15425 kercheval\n42\u00b023\u203200\u2032\u2032n 82\u00b056\u203207\u2032\u2032w\ufeff / \ufeff42.383336\u00b0n 82.935183\u00b0w", "111 lake shore rd.\n42\u00b023\u203230\u2032\u2032n 82\u00b053\u203240\u2032\u2032w\ufeff / \ufeff42.391667\u00b0n 82.894444\u00b0w", "1638 n. haggerty rd. (canton township)\n42\u00b019\u203206\u2032\u2032n 83\u00b026\u203255\u2032\u2032w\ufeff / \ufeff42.318333\u00b0n 83.448611\u00b0w", "east river rd. near the grosse ile parkway\n42\u00b007\u203233\u2032\u2032n 83\u00b008\u203230\u2032\u2032w\ufeff / \ufeff42.125833\u00b0n 83.141667\u00b0w", "e. river rd. over n. hickory canal\n42\u00b005\u203246\u2032\u2032n 83\u00b009\u203202\u2032\u2032w\ufeff / \ufeff42.096111\u00b0n 83.150556\u00b0w", "109 vinewood ave.\n42\u00b012\u203227\u2032\u2032n 83\u00b009\u203202\u2032\u2032w\ufeff / \ufeff42.207372\u00b0n 83.1506\u00b0w", "39040 w. seven mile rd.\n42\u00b025\u203231\u2032\u2032n 83\u00b025\u203247\u2032\u2032w\ufeff / \ufeff42.425278\u00b0n 83.429722\u00b0w", "4901 evergreen rd.\n42\u00b018\u203258\u2032\u2032n 83\u00b014\u203208\u2032\u2032w\ufeff / \ufeff42.316111\u00b0n 83.235556\u00b0w", "ferry st. over thorofare canal\n42\u00b008\u203217\u2032\u2032n 83\u00b009\u203223\u2032\u2032w\ufeff / \ufeff42.138056\u00b0n 83.156389\u00b0w", "16300 woodward ave.\n42\u00b024\u203255\u2032\u2032n 83\u00b006\u203211\u2032\u2032w\ufeff / \ufeff42.415278\u00b0n 83.103056\u00b0w", "4896-5228 s. sheldon rd. (canton township)\n42\u00b016\u203210\u2032\u2032n 83\u00b028\u203236\u2032\u2032w\ufeff / \ufeff42.269444\u00b0n 83.476667\u00b0w", "3001 miller rd.\n42\u00b018\u203208\u2032\u2032n 83\u00b009\u203252\u2032\u2032w\ufeff / \ufeff42.302222\u00b0n 83.164444\u00b0w", "235 e. main st.\n42\u00b025\u203256\u2032\u2032n 83\u00b028\u203240\u2032\u2032w\ufeff / \ufeff42.432222\u00b0n 83.477778\u00b0w", "29835 beechwood ave.\n42\u00b019\u203237\u2032\u2032n 83\u00b020\u203207\u2032\u2032w\ufeff / \ufeff42.326944\u00b0n 83.335278\u00b0w", "45 vinewood\n42\u00b012\u203226\u2032\u2032n 83\u00b008\u203254\u2032\u2032w\ufeff / \ufeff42.207222\u00b0n 83.148333\u00b0w", "gibraltar rd. over waterway canal\n42\u00b005\u203242\u2032\u2032n 83\u00b011\u203226\u2032\u2032w\ufeff / \ufeff42.095\u00b0n 83.190556\u00b0w", "12375 woodward ave.\n42\u00b023\u203252\u2032\u2032n 83\u00b005\u203232\u2032\u2032w\ufeff / \ufeff42.397778\u00b0n 83.092222\u00b0w", "bounded by michigan ave. on the n, village rd. on the s, southfield expwy. on the e, and oakland blvd. on the w\n42\u00b018\u203216\u2032\u2032n 83\u00b013\u203230\u2032\u2032w\ufeff / \ufeff42.304444\u00b0n 83.225\u00b0w", "38125 base line rd.\n42\u00b026\u203217\u2032\u2032n 83\u00b025\u203205\u2032\u2032w\ufeff / \ufeff42.438056\u00b0n 83.418056\u00b0w", "11 grosse pointe blvd.\n42\u00b023\u203227\u2032\u2032n 82\u00b054\u203208\u2032\u2032w\ufeff / \ufeff42.390833\u00b0n 82.902222\u00b0w", "16 lake shore dr.\n42\u00b023\u203220\u2032\u2032n 82\u00b053\u203258\u2032\u2032w\ufeff / \ufeff42.388889\u00b0n 82.899444\u00b0w", "3201 dan st.\n42\u00b023\u203223\u2032\u2032n 83\u00b003\u203203\u2032\u2032w\ufeff / \ufeff42.38982\u00b0n 83.050699\u00b0w", "bounded by woodward ave., the alley south of e. buena vista ave., oakland ave., and the alley south of massachusetts ave.\n42\u00b023\u203249\u2032\u2032n 83\u00b005\u203213\u2032\u2032w\ufeff / \ufeff42.396944\u00b0n 83.086944\u00b0w", "357 glendale ave.\n42\u00b023\u203241\u2032\u2032n 83\u00b006\u203219\u2032\u2032w\ufeff / \ufeff42.394722\u00b0n 83.105278\u00b0w", "15050 woodward ave.\n42\u00b024\u203237\u2032\u2032n 83\u00b005\u203240\u2032\u2032w\ufeff / \ufeff42.410278\u00b0n 83.094444\u00b0w", "14 cortland st.\n42\u00b023\u203248\u2032\u2032n 83\u00b005\u203230\u2032\u2032w\ufeff / \ufeff42.396667\u00b0n 83.091667\u00b0w", "36000 w. jefferson ave.\n42\u00b002\u203248\u2032\u2032n 83\u00b012\u203243\u2032\u2032w\ufeff / \ufeff42.046667\u00b0n 83.211944\u00b0w", "jefferson ave. over huron r.; harbin dr. over silver creek canal\n42\u00b002\u203232\u2032\u2032n 83\u00b012\u203252\u2032\u2032w\ufeff / \ufeff42.042222\u00b0n 83.214444\u00b0w", "1013 cadieux road\n42\u00b023\u203200\u2032\u2032n 82\u00b054\u203255\u2032\u2032w\ufeff / \ufeff42.383335\u00b0n 82.915183\u00b0w", "7675 n. ridge rd.\n42\u00b020\u203230\u2032\u2032n 83\u00b031\u203243\u2032\u2032w\ufeff / \ufeff42.341667\u00b0n 83.528611\u00b0w", "203 cloverly road\n42\u00b024\u203217\u2032\u2032n 82\u00b053\u203257\u2032\u2032w\ufeff / \ufeff42.404606\u00b0n 82.899186\u00b0w", "lilley rd. over lower rouge r.\n42\u00b016\u203246\u2032\u2032n 83\u00b027\u203224\u2032\u2032w\ufeff / \ufeff42.279444\u00b0n 83.456667\u00b0w", "1335 southfield rd.\n42\u00b015\u203201\u2032\u2032n 83\u00b010\u203244\u2032\u2032w\ufeff / \ufeff42.250278\u00b0n 83.178889\u00b0w", "2610 biddle ave.\n42\u00b012\u203227\u2032\u2032n 83\u00b008\u203256\u2032\u2032w\ufeff / \ufeff42.2075\u00b0n 83.148889\u00b0w", "2630 biddle ave.\n42\u00b012\u203226\u2032\u2032n 83\u00b008\u203256\u2032\u2032w\ufeff / \ufeff42.207222\u00b0n 83.148889\u00b0w", "roughly bounded by hamilton ave., the alley south of louise ave., woodward ave., and the alley south of puritan ave.\n42\u00b024\u203246\u2032\u2032n 83\u00b006\u203228\u2032\u2032w\ufeff / \ufeff42.412778\u00b0n 83.107778\u00b0w", "1661 fort st.\n42\u00b015\u203206\u2032\u2032n 83\u00b010\u203231\u2032\u2032w\ufeff / \ufeff42.251667\u00b0n 83.175278\u00b0w", "bounded roughly by cady, rogers, and randolph sts.\n42\u00b025\u203254\u2032\u2032n 83\u00b029\u203203\u2032\u2032w\ufeff / \ufeff42.431667\u00b0n 83.484167\u00b0w", "generally bounded by palmer, wildwood, glenwood & merriman rds., wayne county lower rouge pkwy.\n42\u00b017\u203232\u2032\u2032n 83\u00b021\u203255\u2032\u2032w\ufeff / \ufeff42.292228\u00b0n 83.365140\u00b0w", "1981, 2003 and 2025 w. mcnichols rd.\n42\u00b025\u203202\u2032\u2032n 83\u00b007\u203215\u2032\u2032w\ufeff / \ufeff42.417222\u00b0n 83.120833\u00b0w", "parke lane rd. over thorofare ch.\n42\u00b010\u203205\u2032\u2032n 83\u00b008\u203238\u2032\u2032w\ufeff / \ufeff42.168056\u00b0n 83.143889\u00b0w", "6205 n. ridge rd.\n42\u00b019\u203234\u2032\u2032n 83\u00b031\u203240\u2032\u2032w\ufeff / \ufeff42.326111\u00b0n 83.527778\u00b0w", "18499 beech daly rd.\n42\u00b025\u203228\u2032\u2032n 83\u00b017\u203250\u2032\u2032w\ufeff / \ufeff42.424444\u00b0n 83.297222\u00b0w", "176 mckinley ave.\n42\u00b023\u203243\u2032\u2032n 82\u00b054\u203218\u2032\u2032w\ufeff / \ufeff42.395278\u00b0n 82.905\u00b0w", "arden st. to hubbard st. between plymouth rd. and west chicago st.\n42\u00b021\u203254\u2032\u2032n 83\u00b021\u203229\u2032\u2032w\ufeff / \ufeff42.365\u00b0n 83.358056\u00b0w", "ecorse waterfront\n42\u00b015\u203237\u2032\u2032n 83\u00b007\u203226\u2032\u2032w\ufeff / \ufeff42.260278\u00b0n 83.123889\u00b0w", "roughly bounded by joseph campau ave., holbrook ave., dequindre, norwalk, lumpkin, and yemans sts.\n42\u00b023\u203241\u2032\u2032n 83\u00b003\u203242\u2032\u2032w\ufeff / \ufeff42.394722\u00b0n 83.061667\u00b0w", "25150 e. river rd.\n42\u00b007\u203229\u2032\u2032n 83\u00b008\u203233\u2032\u2032w\ufeff / \ufeff42.124722\u00b0n 83.1425\u00b0w", "157 lake shore dr.\n42\u00b023\u203241\u2032\u2032n 82\u00b053\u203237\u2032\u2032w\ufeff / \ufeff42.394722\u00b0n 82.893611\u00b0w", "301 lake shore rd.\n42\u00b024\u203218\u2032\u2032n 82\u00b053\u203218\u2032\u2032w\ufeff / \ufeff42.405\u00b0n 82.888333\u00b0w", "44134 michigan ave. (canton township)\n42\u00b016\u203231\u2032\u2032n 83\u00b028\u203228\u2032\u2032w\ufeff / \ufeff42.275278\u00b0n 83.474444\u00b0w", "3704 s. sheldon rd. (canton township)\n42\u00b016\u203247\u2032\u2032n 83\u00b028\u203237\u2032\u2032w\ufeff / \ufeff42.279722\u00b0n 83.476944\u00b0w", "south pointe dr. over frenchman's creek\n42\u00b006\u203209\u2032\u2032n 83\u00b010\u203220\u2032\u2032w\ufeff / \ufeff42.1025\u00b0n 83.172222\u00b0w", "938 three mile dr.\n42\u00b022\u203243\u2032\u2032n 82\u00b055\u203224\u2032\u2032w\ufeff / \ufeff42.378611\u00b0n 82.923333\u00b0w", "13100 woodward ave.\n42\u00b024\u203205\u2032\u2032n 83\u00b005\u203237\u2032\u2032w\ufeff / \ufeff42.401389\u00b0n 83.093611\u00b0w", "1224 haggerty rd.\n42\u00b017\u203256\u2032\u2032n 83\u00b026\u203254\u2032\u2032w\ufeff / \ufeff42.298889\u00b0n 83.448333\u00b0w", "us 12 over i-94 and westbound i-94 ramp\n42\u00b019\u203235\u2032\u2032n 83\u00b009\u203239\u2032\u2032w\ufeff / \ufeff42.326389\u00b0n 83.160833\u00b0w", "12305 beck rd.\n42\u00b022\u203216\u2032\u2032n 83\u00b030\u203242\u2032\u2032w\ufeff / \ufeff42.371111\u00b0n 83.511667\u00b0w", "waltz rd. over huron r.\n42\u00b009\u203240\u2032\u2032n 83\u00b024\u203210\u2032\u2032w\ufeff / \ufeff42.161111\u00b0n 83.402778\u00b0w", "w. jefferson ave. over rouge r.\n42\u00b016\u203250\u2032\u2032n 83\u00b007\u203244\u2032\u2032w\ufeff / \ufeff42.280556\u00b0n 83.128889\u00b0w", "ne corner of middlebelt and w. chicago rds.\n42\u00b021\u203253\u2032\u2032n 83\u00b019\u203255\u2032\u2032w\ufeff / \ufeff42.364722\u00b0n 83.331944\u00b0w", "33 old brook ln.\n42\u00b024\u203224\u2032\u2032n 82\u00b053\u203218\u2032\u2032w\ufeff / \ufeff42.406667\u00b0n 82.888333\u00b0w", "81 chestnut st.\n42\u00b012\u203219\u2032\u2032n 83\u00b008\u203258\u2032\u2032w\ufeff / \ufeff42.205144\u00b0n 83.149517\u00b0w"]}], [{"col": "c5", "type": "TEXT", "data": ["grosse pointe farms", "grosse pointe farms", "westland", "plymouth", "cherry hill vicinity", "cherry hill", "grosse pointe farms", "sheldon", "canton", "hamtramck", "canton township", "grosse pointe farms", "canton township", "dearborn", "plymouth", "dearborn", "grosse pointe park", "grosse pointe farms", "westland", "grosse ile", "grosse ile", "wyandotte", "livonia", "dearborn", "grosse ile", "highland park", "sheldon", "dearborn", "northville", "garden city", "wyandotte", "gibraltar", "highland park", "dearborn", "livonia", "grosse pointe farms", "grosse pointe farms", "hamtramck", "highland park", "highland park", "highland park", "highland park", "brownstown charter township", "brownstown charter township", "grosse pointe park", "canton", "grosse pointe farms", "canton township", "lincoln park", "wyandotte", "wyandotte", "highland park", "lincoln park", "northville", "westland", "highland park", "grosse ile", "canton", "redford", "grosse pointe farms", "livonia", "ecorse", "hamtramck", "grosse ile", "grosse pointe farms", "grosse pointe farms", "sheldon", "sheldon", "grosse ile", "grosse pointe park", "highland park", "canton", "dearborn", "plymouth", "huron township", "river rouge", "livonia", "grosse pointe farms", "wyandotte"]}], [{"col": "c6", "type": "TEXT", "data": ["this school was established in 1887 as a boarding school for young ladies by the religious of the sacred heart, an order of cloistered nuns. it is now run as an independent day school, known as the grosse pointe academy, by a lay board of trustees who continue the educational mission of the school", "the russell a. alger, jr. house was built in 1910 and served as the family home of russell a. alger jr. until 1949, when it was donated to the community and dedicated to the memory of veterans and soldiers of world war ii. it was rechristened the grosse pointe war memorial, and is also known as the moorings", "during world war ii, the african-american population in detroit ballooned to 300,000 residents, but housing covenants, overpriced rent, and other forms of discrimination restricted where they could live. julius and william schwartz platted the annapolis park suburb in westland in 1953 specifically for african-americans", "this house was built for henry w. baker, president of the plymouth iron windmill company, which in 1888 introduced the daisy air rifle and later changed its name to the daisy manufacturing company. the house is of a fanciful italianate design, likely based on an illustration in a pattern book. the house was a landmark in plymouth because of the unusual tower, shaped like a pagoda, atop the mansard roof", "the tivadar and dorothy balogh house was constructed in 1958-59 by architect tividar balogh for himself, his wife, dorothy and their family. the house is a two-story cubic structure, clad in redwood siding. the house sits on a partial basement on one side and support posts on the other side. the section beneath the house was originally open; the space beneath gives the house an impressive \"lightness\" and makes it appear to hover above the landscape", "the thomas and maria blackman bartlett house (also known as the bartlett-travis house) was originally constructed c. 1840 in a greek revival style, but in subsequent years has been updated with victorian elements. in 1989, the house was moved to its current location and placed on a new foundation. restoration work was begun in 1994 and finished in 2002", "the beverly road historic district covers the original area of the beverly park subdivision, platted by henry b. joy in 1911. the district was one of the earliest upper-class subdivisions in the grosse pointes, and marked the change of the area from a farming and summer-home community into an upscale year-round community", "the david and elizabeth bell boldman house was a basilica-style greek revival with a two-story center section flanked by single-story wings. the former site of the house is now vacant", "in 1825, moses bradford moved to canton township, one of the first settlers to stake a claim in the area. the following year, aruna and mary bradford, moses's parents, followed their son to canton township. on arrival, they bought the property this house now sits on; in 1835 they sold the parcel to their other son, benjamin. in 1860, benjamin built the house that now stands on the property; it remained in the bradford family until 1911", "the jos. campau historic district contains a unique collection of early 20th century commercial architecture, constructed as hamtramck expanded in the wake of the 1915 opening of the nearby dodge main plant", "the cherry hill historic district contains buildings on cherry hill and ridge roads in the unincorporated crossroads community of cherry hill. cherry hill was established in 1825, and the district includes the italianate cherry hill house inn, the gothic revival cherry hill united methodist church and associated cemetery, the cherry hill school, the thomas and maria blackman bartlett house, the thomas and isabella moore clyde house, and buildings used for one of henry ford's village industry projects", "the grosse pointe episcopal congregation began as a branch of christ church detroit in 1923. this building, completed in 1930, was initially referred to as a \"chapel,\" because it was intended to be one element of a larger building. the neo-gothic chapel is built in a latin cross configuration with a 50-foot (15 m) tower at one corner", "the thomas clyde house is a 1 1\u20442-story clapboard upright and wing greek revival house with an unusual asymmetrical facade. it was built c. 1845, and moved from its original location across the street to its present location in 1924", "the commandant's quarters was built in 1833 as part of the detroit arsenal, which was relocated from detroit due to fear that the stored explosives would endanger the city's population. it is the oldest building in dearborn still located on its original site, and is considered to be one of the seven most significant buildings in michigan", "this house is a two-story wood-framed house sitting on a fieldstone foundation. it was built in approximately 1890 by charles g. curtiss sr., a builder from plymouth. the form of the house (a gabled ell with tower) had been poplar regionally and nationally since the 1850s, but by the time this house was built was much out of fashion", "the dearborn inn, was conceived by henry ford, who saw a need for food and accommodations for visitors flying into the nearby ford airport. the inn was designed by architect albert kahn, and upon its opening in 1931 became the first airport hotel in the country", "in 1921, in response to the influx of families, five school districts in what is now the grosse pointe area were consolidated into rural agricultural district no. 1 (later renamed the grosse pointe public school system). the first building constructed after consolidation was defer elementary school, built on the site of a rhubarb patch owned by ludwig meininger", "this house was a 15,000-square-foot (1,400 m2), 2 1\u20442-story tudor revival built in the shape of a u. it was built for paul harvey deming, chairman of the board of the george worthington company. the house was demolished in 1997", "the phillip and maria hasselbach dingledey house was an upright and wing style farmhouse with a relatively unusual double upright. the house is no longer at its listed location; a small commercial complex now occupies the site", "this district includes several gothic revival mansions built in the 1850s, st. james episcopal church (also on the register) and the michigan central railroad depot", "the east river road - north hickory canal bridge is 64 feet (20 m) continuous concrete slab bridge. wayne county used this type of bridge in the years during and after world war ii, presumably because of the difficulty of obtaining steel during these years", "in 1872, john eberts jr. married emma lacey, and that same year the couple hired raphael r. thomas to build this house", "this irregularly massed queen anne features a broad porch and a circular turret. it is likely the design of the house was selected from a house plan book; a similar house plan can be found in herbert c. chivers' artistic homes", "fair lane was henry and clara ford's estate in dearborn, michigan. it was named after an area in county cork where ford's adoptive grandfather, patrick ahern, was born. the extensive 1300 acre (5.3 km2) estate along the river rouge included a large limestone house, electrical power plant on the dammed river, boathouse, stables and gardens designed by jens jensen. the estate was eventually donated to the university of michigan for a new dearborn campus", "the ferry street-thorofare canal bridge is a good representative example of a continuous concrete slab, used by the wayne county road commission during world war ii and immediately after, presumably due to the difficulty of obtaining steel", "in 1868, a frame chapel for interdenominational services was built behind where the first united methodist church currently stands. the site went through different hands, and in 1916, the methodist congregation built the present gothic church. in 1956, the original frame chapel behind the present church was demolished. since 1995, soul harvest ministries has operated from the building", "this farmstead includes an 1897 queen anne house built by the children of german immigrants, as well as a 1945 ranch house, 18 greenhouses, a boiler house, a modern garage, and the remnants of a barn and silo", "this complex is a ford motor company automobile factory complex located along the rouge river. construction on the plant began in 1917, and when it was completed in 1928 it had become the largest integrated factory in the world. the rouge measures 1.5 miles (2.4 km) wide by 1 mile (1.6 km) long, including 93 buildings with nearly 16 million square feet (1.5 km2) of factory floor space", "the ford valve plant was the first of henry ford's \"village industries\" factories, designed to bring the economic advantages of industrial jobs to rural communities through the establishment of decentralized, non-disruptive manufacturing plants", "the henry ford square house (also known as the henry ford honeymoon house) is a four-room house built by hand by henry ford soon after his marriage, using timber cut on the property and finished in the sawmill he operated. henry's wife clara drew the plans for the house, and the couple moved in during june 1889, 14 months after they were married", "in 1897, edward ford (also the builder of the george p. macnichol house across the street) hired malcomson & higginbotham to design this house for himself and his wife carrie. ford lived in the house only a short time, and in 1902, his daughter mary ford bacon and her husband mark r. bacon moved in, residing in the house until 1942. the house is now used as the bacon memorial district library", "the gibraltar road bridge is an unusual reinforced-concrete cantilevered-arch bridge. after construction, the wayne county road commissioners noted that \"this low sweeping arch bridge is in keeping with its surroundings and is one of the features which make gibraltar road so attractive.\"", "grace evangelical lutheran church was originally a mission on the west side of detroit, and the congregation worshipped in built a frame victorian gothic chapel (built for the highland park presbyterian church congregation) one block south of the current site. the present cathedral was built from 1929 to 1930, and was used by the congregation until 1979, when the grace evangelical congregation sold their church building to an apostolic african-american congregation, the prayer temple of love cathedral", "the henry ford is the nation's \"largest indoor-outdoor history museum\" complex. named for its founder, the noted automobile industrialist henry ford, and based on his desire to preserve items of historical significance and portray the industrial revolution, the property houses a vast array of famous homes, machinery, exhibits, and americana. it is also known as the edison institute or greenfield village", "greenmead farms was originally the farm of joshua simmons, who moved to the property in 1825. the farm includes the 1829 north barn (the first barn built in livonia) and an 1841 greek revival farmhouse. additional structures, including four mid-19th-century farmhouses, have been moved to the property as the surrounding area has been developed", "grosse pointe south was added to the register for its significance in architecture, art, and education. the school anchors one of grosse pointe's most historically significant neighborhoods, the beverly road historic district. grosse pointe memorial presbyterian church, christ church grosse pointe, and richard elementary school are all within two blocks of the school", "in 1865, a group of grosse pointe residents founded the nondenominational grosse pointe protestant evangelical church. in 1920, the congregation reorganized as a presbyterian church. truman handy newberry and his brother john donated nearly $300,000 to the congregation for a new church building, as a memorial to their parents john and helen", "hamtramck stadium, also known as roesink stadium, is one of only 12 remaining negro league baseball stadiums. it was home to the detroit stars of 1930-31, 1933, and 1937. it was also home to the detroit wolves who played in 1932", "the highland heights-stevens' subdivision historic district is a residential historic district of primarily single-family homes built in the early 20th-century. the houses are fine representation of the variety of american residential architecture in the years 1900-1930. styles represented include foursquares, bungalows, and various revival styles", "the highland park general hospital is a significant landmark in the history of highland park. the hospital was one of the first two institutions established when highland park incorporated as a city in 1916. the primary building faces glendale, and includes the original hospital building, built in 1918, and the attached nurses' residence, built in 1925", "the highland park ford plant was a production plant for ford motor company the plant was designed by albert kahn in 1908 and was opened in 1910. because of its spacious design, it set the precedent for many factories and production plants built thereafter. in 1913, the highland park ford plant became the first automobile production facility in the world to implement the assembly line", "the highland park presbyterian church was established in 1893 as a mission church of the first presbyterian church of detroit. three years later a small chapel was built on the site of the present church. however, the congregation grew to over two hundred members, and the present building was constructed from 1910 to 1911. the building is now known as the park united presbyterian church", "at the beginning of the war of 1812, troops under the command of general william hull constructed what became known as \"hull's trace,\" a 200-mile (320 km) military road running from urbana, ohio to fort detroit. this corduroy road segment is the only known extant portion of what was the first military road and first federal road in the united states", "this listing comprises two separate bridges: the jefferson avenue bridge, which carries w. jefferson avenue over the huron river and the smaller harbin drive bridge spanning the silver creek canal. the jefferson avenue bridge connects wayne county to berlin charter township in monroe county and is also listed on the nrhp listings in monroe county article", "the william and margot kessler house was constructed in 1959 by architect william kessler for himself, his wife margot, and his family. the most dramatic features of the house are the saw-tooth roof and the textured brick privacy fence that creates an enclosed garden along the front of the house", "this house is a greek revival farmhouse, of post and beam construction, sided with wood and sitting on a stone foundation. it was built in 1850 by orrin kinyon, the son of one of canton township's original settlers", "this modernist house was the first commission for the father-and-son firm of eliel and eero saarinen. the house integrates the exterior architecture, sculpture, interior design, lighting, and furnishings", "this bridge was originally built in 1923-1924 for installation where telegraph road crossed a branch of the rouge river just north of warren road. however, telegraph road was soon widened, and the bridge was removed and in 1933 installed at the lilley road crossing of the lower rouge river", "the design of this 1938 building, created by supervising architect of the treasury louis a. simon, was used for a number of other depression-era post offices in the state of michigan", "in 1896, edward ford (also the builder of the ford-bacon house across the street) hired malcomson & higginbotham to design this home as wedding gift for his daughter laura on her marriage to george p. macnichol. the house is currently used as the wyandotte historical museum", "the marx house was built in approximately 1862 for warren isham. in the next 60 years, the house went through six owners, including charles w. thomas, wyandotte's first druggist, and dr. theophilus langlois, a prominent physician who served as wyandotte's mayor for two terms and contributed to other civic projects in the city. in 1921, the house was purchased by john marx, the city attorney and scion of a local brewery owner", "medbury's-grove lawn subdivisions historic district is a residential historic district, built up primarily in the 1910s and 1920s. it features a variety of architectural styles that were popular at the time. bungalows and bungalow-style houses with craftsman or colonial details predominate, and, in fact, the neighborhood is significant for containing michigan's most outstanding collection of single-family bungalows and bungalow-style homes. however, foursquare, colonial revival, and english cottage homes are also present within the neighborhood", "in 1941, william s. mellus constructed this building to house his lincoln parker newspaper. the company remained in the building until a 1986 merger with heritage newspapers. the building was eventually purchased by the lincoln park downtown development authority, and was demolished on may 13, 2010", "this district is located in the heart of old northville, and is primarily residential, although the 73 contributing structures include several commercial buildings and a church. the majority of district consists of gothic revival houses constructed between 1860 and 1880", "the norwayne subdivision was originally built in 1942 by the national housing agency to house workers employed at nearby defense industry plants, including the willow run bomber plant. the project originally had 1189 residential buildings, a management office, a fire station, a church, two elementary schools, and several commercial properties. streets in the subdivision are primarily curvilinear, following the federal housing administration guidelines published in the late 1930s", "the palmer park boulevard apartments district is a collection of three apartment building located at 1981, 2003 and 2025 west mcnichols road. these three adjacent buildings were all built in the same time period (the mid-1920s), all were designed by the same architect (richard h. marr), and all share a uniform height, setback, and general plan", "the parke lane road-thorofare canal bridge is of a rare cantilevered concrete arch design. the traditional arch bridge design requires a complete arch. in contrast, the cantilevered arch design is divided into two structurally independent half-arches which are each cantilevered from one side with a slab suspended between the two cantilevered sections", "in 1844, john patterson married eliza barr; the couple purchased another plot of land and built this greek revival house. the farm remained in the family until 1999. the grounds still contain rose, daylily, and peony plantings that date from the late 19th and early 20th centuries", "this school was built using stock plans available free of charge from the state superintendent of public instruction, and is a rare surviving unremodeled example of a school featuring every detail of the original plans. it is still used as the john c. raeside administration building of the redford union school district", "this school, named for father gabriel richard (1767-1832), was designed by robert o. derrick in the french renaissance style. it first opened its doors in september 1930, with a population of 389 students", "rosedale gardens was platted by the shelden land company in the 1920s. the company modeled the development on rosedale park in detroit. the first wood-sided houses were built in 1925. when the great depression hit, construction stopped for a time; the developer bricked over existing homes, and continued with brick construction when building resumed later in the 1930s", null, "in the early part of the 20th century, the roman catholic archdiocese of detroit recognized the need for a church to serve polish residents, of hamtramck, many of whom flocked to the city to work at the dodge automotive factory. st. florian parish was established in 1907, and a church was consecrated in 1909. as the parish grew, congregants amassed over $500,000 to build a second, grander church. this one was consecrated on october 21, 1928", "st. james episcopal church was constructed in 1867. funds to build the church came primarily from the estate of lisette denison forth, a freed slave who had willed the builk of her savings to the purpose of constructing an episcopalian house of worship. the red doors of the structure are dedicated to the memory and benevolence of lisette denison forth", "the st. paul roman catholic parish was the first cathoic parish in the grosse pointes, organized in 1835 but with roots back to the 1790s. the present church building, the third for the parish, was designed by harry j. rill and was completed in 1899[2] at a cost of just over $23,000. the church is constructed of brick and stone, and is designed in the french gothic revival style, an unusual class of architecture in the detroit area", "carl e. schmidt was a tanner with a succssful detroit business; he was also a close friend and political advisor to hazen pingree, who served as both mayor of detroit and governor of michigan. schmidt and his wife alice built this shingle-style house in 1909", "the sheldon inn is a two-story greek revival apartment building, previously used as a single-family home and a travelers' inn. the inn was built by timothy and rachel sheldon, one of the very first families to settle in canton township, in 1825", "the land this house sits on was first farmed by william smith of england, who purchased 80 acres (320,000 m2) of land in 1830. william smith and his wife mary collins smith raised seven children on this farm, establishing a long line of smiths farming in canton township. william's grandson george smith jr. married mary pine, and in 1904, george jr. and mary smith spent $2,058.76 to build the house that now sits on the property. although the present acreage is small, outbuildings on the property give the feel of the old farmstead and the wooded edges isolate the house from the surrounding modern developments", "this bridge designed is a 40-foot (12 m) concrete t-beam bridge, completed in 1939 using labor from the works progress administration", "the william b. and mary chase stratton house was built in 1927 as a collaborative venture between husband-and-wife william buck stratton (an architect) and mary chase perry stratton (a ceramicist and founder of pewabic pottery). the house design was heavily influenced by the arts and crafts movement, and the strattons used natural material, texture, and color to create an original and masterly composition", "trinity united methodist was built by the cass united methodist church of detroit as a mission church to serve membership in highland park who lived too far to travel the eight miles (13 km) to cass united. it is now known as the new mt. moriah baptist church", "the structure is significant as one of the most finely crafted houses in the township, as well as its association with one of the most important families in the area", "the us 12 bridges are two bridges carrying us 12 over interstate 94 and the westbound i-94 ramp. the bridges were constructed in 1948-49 as part of the \"crosstown expressway,\" which had been planned to carry traffic through detroit since the 1920s", "the carlton d. wall house is an elaborate usonian home designed by frank lloyd wright in 1941. it is built as a series of hexagons radiating from a central space", "the waltz road - huron river bridge was constructed in 1924 by the wayne county road commission replacing a previous footbridge that had been erected over the huron river to allow local children to attend school. the span consists of two identical seven-panel, camelback pratt pony trusses with sidewalks attached to the outside of each truss", "built in 1922, this \"chicago city type of single trunnion, double-leaf bascule bridge\" replaced a narrow swing bridge, allowing the rouge river to be widened to provide freighter access to the ford river rouge complex. the rouge river marks the boundary between the cities of river rouge and detroit, and this listing is also included in the list of registered historic places in detroit, michigan", "this barn was originally constructed by ira wilson in 1888; in 1919 the barn burned and he built the present structure on the foundations of the earlier barn. wilson eventually established a million-dollar dairy, creamery, and trucking business, the ira wilson & sons dairy, and served for two terms as wayne county sheriff", "the john t. woodhouse house is a private house designed by george d. mason", "the wyandotte odd fellows temple was built in 1911 by the wyandotte chapter of the independent order of odd fellows, a fraternal organization. in 1943, the building was purchased by the fraternal order of free and accepted masons. the masons used the building for over 50 years, after which it was used as a church; in 2008 the city of wyandotte purchased the building to preserve the structure"]}]], "is_list": {"id": false, "agg": false, "c1": false, "c1_number": false, "c2": false, "c3": false, "c3_first": false, "c3_second": false, "c3_first_number": false, "c3_first_parsed": false, "c3_first_year": false, "c3_first_month": false, "c3_first_day": false, "c4": false, "c5": false, "c6": false}}