{"headers": ["id", "agg", "year", "competition", "venue", "position", "event", "notes"], "types": ["id", "agg", "number", "text", "address", "rank", "text", "time"], "contents": [[{"col": "id", "type": "INTEGER", "data": [1, 2, 3, 4, 5, 6, 7, 8, 9, 10, 11, 12, 13, 14, 15]}], [{"col": "agg", "type": "INTEGER", "data": [0, 0, 0, 0, 0, 0, 0, 0, 0, 0, 0, 0, 0, 0, 0]}], [{"col": "c1", "type": "TEXT", "data": ["1979", "1980", "1981", "1984", "1984", "1986", "1986", "1987", "1987", "1988", "1989", "1989", "1991", "1992", "1996"]}, {"col": "c1_number", "type": "INTEGER", "data": [1979, 1980, 1981, 1984, 1984, 1986, 1986, 1987, 1987, 1988, 1989, 1989, 1991, 1992, 1996]}], [{"col": "c2", "type": "TEXT", "data": ["grandma's marathon", "grandma's marathon", "grandma's marathon", "boston marathon", "olympic games", "osaka ladies marathon", "commonwealth games", "osaka ladies marathon", "world championships", "olympic games", "osaka ladies marathon", "hokkaido marathon", "hokkaido marathon", "olympic games", "olympic games"]}], [{"col": "c3", "type": "TEXT", "data": ["duluth, united states", "duluth, united states", "duluth, united states", "boston, united states", "los angeles, united states", "osaka, japan", "edinburgh, scotland", "osaka, japan", "rome, italy", "seoul, south korea", "osaka, japan", "sapporo, japan", "sapporo, japan", "barcelona, spain", "atlanta, united states"]}, {"col": "c3_address", "type": "LIST TEXT", "data": [["duluth", "united states"], ["duluth", "united states"], ["duluth", "united states"], ["boston", "united states"], ["los angeles", "united states"], ["osaka", "japan"], ["edinburgh", "scotland"], ["osaka", "japan"], ["rome", "italy"], ["seoul", "south korea"], ["osaka", "japan"], ["sapporo", "japan"], ["sapporo", "japan"], ["barcelona", "spain"], ["atlanta", "united states"]]}], [{"col": "c4", "type": "TEXT", "data": ["1st", "1st", "1st", "1st", "5th", "1st", "2nd", "1st", "21st", "33rd", "1st", "1st", "1st", "3rd", "46th"]}, {"col": "c4_number", "type": "REAL", "data": [1.0, 1.0, 1.0, 1.0, 5.0, 1.0, 2.0, 1.0, 21.0, 33.0, 1.0, 1.0, 1.0, 3.0, 46.0]}], [{"col": "c5", "type": "TEXT", "data": ["marathon", "marathon", "marathon", "marathon", "marathon", "marathon", "marathon", "marathon", "10,000 m", "marathon", "marathon", "marathon", "marathon", "marathon", "marathon"]}], [{"col": "c6", "type": "TEXT", "data": ["2:37:37", "2:38:35", "2:29:35", "2:29:28", "2:28:54", "2:30:24", "2:28:17", "2:30:40", "34:07.26", "2:37:52", "2:30:21", "2:36:39", "2:33:20", "2:33:59", "2:42:21"]}, {"col": "c6_number", "type": "INTEGER", "data": [2, 2, 2, 2, 2, 2, 2, 2, 34, 2, 2, 2, 2, 2, 2]}, {"col": "c6_hour", "type": "INTEGER", "data": [2, 2, 2, 2, 2, 2, 2, 2, null, 2, 2, 2, 2, 2, 2]}, {"col": "c6_min", "type": "INTEGER", "data": [37, 38, 29, 29, 28, 30, 28, 30, 34, 37, 30, 36, 33, 33, 42]}, {"col": "c6_sec", "type": "REAL", "data": [37, 35, 35, 28, 54, 24, 17, 40, 7.26, 52, 21, 39, 20, 59, 21]}]], "is_list": {"id": false, "agg": false, "c1": false, "c1_number": false, "c2": false, "c3": false, "c3_address": true, "c4": false, "c4_number": false, "c5": false, "c6": false, "c6_number": false, "c6_hour": false, "c6_min": false, "c6_sec": false}}