{"headers": ["id", "agg", "year", "competition", "venue", "position", "notes"], "types": ["id", "agg", "number", "text", "address", "rank", "text"], "contents": [[{"col": "id", "type": "INTEGER", "data": [1, 2, 3, 4, 5, 6]}], [{"col": "agg", "type": "INTEGER", "data": [0, 0, 0, 0, 0, 0]}], [{"col": "c1", "type": "TEXT", "data": ["1995", "1996", "1997", "1998", "1998", "2000"]}, {"col": "c1_number", "type": "INTEGER", "data": [1995, 1996, 1997, 1998, 1998, 2000]}], [{"col": "c2", "type": "TEXT", "data": ["world indoor championships", "olympic games", "world championships", "european indoor championships", "european championships", "olympic games"]}], [{"col": "c3", "type": "TEXT", "data": ["barcelona, spain", "atlanta, georgia, usa", "athens, greece", "valencia, spain", "budapest, hungary", "sydney, australia"]}, {"col": "c3_address", "type": "LIST TEXT", "data": [["barcelona", "spain"], ["atlanta", "georgia", "usa", "atlanta, georgia", "georgia, usa"], ["athens", "greece"], ["valencia", "spain"], ["budapest", "hungary"], ["sydney", "australia"]]}], [{"col": "c4", "type": "TEXT", "data": ["11th", "24th", "16th", "7th", "14th", "dnf"]}, {"col": "c4_number", "type": "REAL", "data": [11.0, 24.0, 16.0, 7.0, 14.0, null]}], [{"col": "c5", "type": "TEXT", "data": ["pentathlon", "heptathlon", "heptathlon", "pentathlon", "heptathlon", "heptathlon"]}]], "is_list": {"id": false, "agg": false, "c1": false, "c1_number": false, "c2": false, "c3": false, "c3_address": true, "c4": false, "c4_number": false, "c5": false}}