{"headers": ["id", "agg", "tournament", "2001", "2002", "2003", "2004", "2005", "2006", "2007", "2008", "2009", "2010", "2011", "2012", "2013", "2014", "w-l"], "types": ["id", "agg", "text", "text", "text", "text", "text", "text", "text", "text", "text", "text", "text", "text", "text", "text", "text", "score"], "contents": [[{"col": "id", "type": "INTEGER", "data": [1, 2, 3, 4, 5, 6, 7]}], [{"col": "agg", "type": "INTEGER", "data": [0, 0, 0, 0, 0, 0, 0]}], [{"col": "c1", "type": "TEXT", "data": ["australian open", "french open", "wimbledon", "us open", "win-loss", "titles-finals", "year end ranking"]}], [{"col": "c2", "type": "TEXT", "data": ["a", "a", "a", "a", "0-0", "0-0", "427"]}], [{"col": "c3", "type": "TEXT", "data": ["a", "a", "a", "a", "0-0", "0-0", "440"]}], [{"col": "c4", "type": "TEXT", "data": ["a", "a", "a", "a", "0-0", "0-0", "371"]}], [{"col": "c5", "type": "TEXT", "data": ["a", "a", "a", "a", "0-0", "0-0", "219"]}], [{"col": "c6", "type": "TEXT", "data": ["a", "a", "a", "a", "0-0", "0-0", "142"]}], [{"col": "c7", "type": "TEXT", "data": ["a", "a", "a", "3r", "2-1", "0-0", "125"]}], [{"col": "c8", "type": "TEXT", "data": ["q3", "q1", "q1", "q3", "0-0", "0-0", "222"]}], [{"col": "c9", "type": "TEXT", "data": ["a", "a", "q1", "a", "0-0", "0-0", "209"]}], [{"col": "c10", "type": "TEXT", "data": ["q3", "1r", "q1", "q2", "0-1", "0-1", "101"]}], [{"col": "c11", "type": "TEXT", "data": ["4r", "1r", "2r", "1r", "3-4", "0-1", "70"]}], [{"col": "c12", "type": "TEXT", "data": ["2r", "3r", "4r", "a", "6-3", "0-0", "57"]}], [{"col": "c13", "type": "TEXT", "data": ["1r", "3r", "2r", "1r", "3-4", "0-0", "74"]}], [{"col": "c14", "type": "TEXT", "data": ["1r", "2r", "qf", "1r", "5-4", "0-0", "72"]}], [{"col": "c15", "type": "TEXT", "data": ["1r", null, null, null, "0-1", null, null]}], [{"col": "c16", "type": "TEXT", "data": ["3-5", "5-5", "9-4", "2-4", "19-18", "0-2", null]}, {"col": "c16_number", "type": "INTEGER", "data": [3, 5, 9, 2, 19, 0, null]}, {"col": "c16_number1", "type": "INTEGER", "data": [3, 5, 9, 2, 19, 0, null]}, {"col": "c16_number2", "type": "INTEGER", "data": [5, 5, 4, 4, 18, 2, null]}]], "is_list": {"id": false, "agg": false, "c1": false, "c2": false, "c3": false, "c4": false, "c5": false, "c6": false, "c7": false, "c8": false, "c9": false, "c10": false, "c11": false, "c12": false, "c13": false, "c14": false, "c15": false, "c16": false, "c16_number": false, "c16_number1": false, "c16_number2": false}}