{"headers": ["id", "agg", "rank", "city", "county", "state", "percentage"], "types": ["id", "agg", "number", "text", "text", "text", "percentage(text)"], "contents": [[{"col": "id", "type": "INTEGER", "data": [1, 2, 3, 4, 5, 6, 7, 8, 9, 10]}], [{"col": "agg", "type": "INTEGER", "data": [0, 0, 0, 0, 0, 0, 0, 0, 0, 0]}], [{"col": "c1", "type": "TEXT", "data": ["1", "2", "3", "4", "5", "6", "7", "8", "9", "10"]}, {"col": "c1_number", "type": "REAL", "data": [1.0, 2.0, 3.0, 4.0, 5.0, 6.0, 7.0, 8.0, 9.0, 10.0]}], [{"col": "c2", "type": "TEXT", "data": ["palisades park", "cerritos", "la palma", "leonia", "fort lee", "ridgefield", "closter", "norwood", "edgewater", "englewood cliffs"]}], [{"col": "c3", "type": "TEXT", "data": ["bergen county", "los angeles county", "orange county", "bergen county", "bergen county", "bergen county", "bergen county", "bergen county", "bergen county", "bergen county"]}], [{"col": "c4", "type": "TEXT", "data": ["new jersey", "california", "california", "new jersey", "new jersey", "new jersey", "new jersey", "new jersey", "new jersey", "new jersey"]}], [{"col": "c5", "type": "TEXT", "data": ["36.38% (52% in 2010)", "17.69%", "17.43%", "17.24%", "17.18%", "14.31%", "12.75%", "12.69%", "11.83%", "11.76%"]}, {"col": "c5_first", "type": "TEXT", "data": ["36.38%", "17.69%", "17.43%", "17.24%", "17.18%", "14.31%", "12.75%", "12.69%", "11.83%", "11.76%"]}, {"col": "c5_second", "type": "TEXT", "data": ["52% in 2010", null, null, null, null, null, null, null, null, null]}, {"col": "c5_first_number", "type": "REAL", "data": [36.38, 17.69, 17.43, 17.24, 17.18, 14.31, 12.75, 12.69, 11.83, 11.76]}]], "is_list": {"id": false, "agg": false, "c1": false, "c1_number": false, "c2": false, "c3": false, "c4": false, "c5": false, "c5_first": false, "c5_second": false, "c5_first_number": false}}