{"headers": ["id", "agg", "nr.", "name", "area (km2)", "population (2006)", "capital", "club(s)"], "types": ["id", "agg", "number", "text", "number", "number", "text", "<d,text>"], "contents": [[{"col": "id", "type": "INTEGER", "data": [1, 2, 3, 4, 5, 6, 7, 8]}], [{"col": "agg", "type": "INTEGER", "data": [0, 0, 0, 0, 0, 0, 0, 0]}], [{"col": "c1", "type": "TEXT", "data": ["1", "2", "3", "4", "5", "6", "7", "6"]}, {"col": "c1_number", "type": "REAL", "data": [1.0, 2.0, 3.0, 4.0, 5.0, 6.0, 7.0, 6.0]}], [{"col": "c2", "type": "TEXT", "data": ["alexandria", "asyut", "cairo", "gharbia", "giza", "ismailia", "port said", "suez"]}], [{"col": "c3", "type": "TEXT", "data": ["2900", "25926", "3435", "25400", "85153", "1442", "72", "17840"]}, {"col": "c3_number", "type": "REAL", "data": [2900, 25926.0, 3435.0, 25400.0, 85153.0, 1442, 72.0, 17840.0]}], [{"col": "c4", "type": "TEXT", "data": ["4110015", "3441597", "7786640", "3790670", "6272571", "942832", "570768", "510935"]}, {"col": "c4_number", "type": "REAL", "data": [4110015.0, 3441597.0, 7786640.0, 3790670.0, 6272571.0, 942832.0, 570768.0, 510935.0]}], [{"col": "c5", "type": "TEXT", "data": ["alexandria", "asyut", "cairo", "tanta", "giza", "ismailia", "port said", "suez"]}], [{"col": "c6", "type": "TEXT", "data": ["al itthad al sakandary - el-olympi - haras el hodood", "petrol asyout", "al-ahly - al mokawloon - enppi - el-jaish - el-shorta - itesalat", "ghazl el-mehalla", "zamalek- tersana", "ismaily", "al masry", "petrojet"]}, {"col": "c6_list", "type": "LIST TEXT", "data": [["al itthad al sakandary", "el", "olympi", "haras el hodood"], ["petrol asyout"], ["al", "ahly", "al mokawloon", "enppi", "el", "jaish", "el", "shorta", "itesalat"], ["ghazl el", "mehalla"], ["zamalek", "tersana"], ["ismaily"], ["al masry"], ["petrojet"]]}, {"col": "c6_length", "type": "INTEGER", "data": [4, 1, 9, 2, 2, 1, 1, 1]}]], "is_list": {"id": false, "agg": false, "c1": false, "c1_number": false, "c2": false, "c3": false, "c3_number": false, "c4": false, "c4_number": false, "c5": false, "c6": false, "c6_list": true, "c6_length": false}}