{"headers": ["id", "agg", "represent", "contestant", "age", "height", "hometown"], "types": ["id", "agg", "number", "text", "number", "unitnum", "text"], "contents": [[{"col": "id", "type": "INTEGER", "data": [1, 2, 3, 4, 5, 6, 7, 8, 9, 10, 11, 12, 13, 14, 15, 16]}], [{"col": "agg", "type": "INTEGER", "data": [0, 0, 0, 0, 0, 0, 0, 0, 0, 0, 0, 0, 0, 0, 0, 0]}], [{"col": "c1", "type": "TEXT", "data": ["1", "2", "3", "4", "5", "6", "7", "8", "9", "10", "11", "12", "13", "14", "15", "16"]}, {"col": "c1_number", "type": "REAL", "data": [1.0, 2.0, 3.0, 4.0, 5.0, 6.0, 7.0, 8.0, 9.0, 10.0, 11.0, 12.0, 13.0, 14.0, 15.0, 16.0]}], [{"col": "c2", "type": "TEXT", "data": ["mildred kincaid adames", "catherine henderson tudisco", "giovanna alida loaiza", "reyna royo", "ivonne ileana correa turney", "karol guevara", "betzy janette achurra castillo", "marisela moreno montero", "patricia de leon", "marichelle julieta ruiz leone", "betsy milena batista", "lourdes rodriguez", "janessy jasiell contreras ibarra", "gina larissa correa hils", "swany cisney castillo", "michelle krisko sugasti"]}], [{"col": "c3", "type": "TEXT", "data": ["20", "20", "21", "24", "23", "22", "20", "24", "19", "20", "21", "21", "18", "20", "23", "20"]}, {"col": "c3_number", "type": "REAL", "data": [20.0, 20.0, 21.0, 24.0, 23.0, 22.0, 20.0, 24.0, 19.0, 20.0, 21.0, 21.0, 18.0, 20.0, 23.0, 20.0]}], [{"col": "c4", "type": "TEXT", "data": ["1.65 mts", "1.66 mts", "1.67 mts", "1.69 mts", "1.70 mts", "1.70 mts", "1.70 mts", "1.73 mts", "1.74 mts", "1.74 mts", "1.75 mts", "1.75 mts", "1.75 mts", "1.76 mts", "1.78 mts", "1.80mts"]}, {"col": "c4_number", "type": "REAL", "data": [1.65, 1.66, 1.67, 1.69, 1.7, 1.7, 1.7, 1.73, 1.74, 1.74, 1.75, 1.75, 1.75, 1.76, 1.78, 1.8]}], [{"col": "c5", "type": "TEXT", "data": ["panama city", "panama city", "panama city", "panama city", "panama city", "panama city", "panama city", "panama city", "panama city", "panama city", "panama city", "panama city", "panama city", "panama city", "panama city", "panama city"]}]], "is_list": {"id": false, "agg": false, "c1": false, "c1_number": false, "c2": false, "c3": false, "c3_number": false, "c4": false, "c4_number": false, "c5": false}}