{"headers": ["id", "agg", "club", "entered\nadministration", "exited\nadministration", "league(s)", "deduction(s)"], "types": ["id", "agg", "text", "date", "date", "text", "unitnum"], "contents": [[{"col": "id", "type": "INTEGER", "data": [1, 2, 3, 4, 5, 6, 7, 8, 9, 10, 11, 12, 13, 14, 15, 16, 17, 18, 19, 20, 21, 22, 23, 24, 25, 26, 27, 28, 29, 30, 31, 32, 33, 34, 35, 36, 37, 38, 39, 40, 41, 42, 43, 44, 45, 46, 47, 48, 49, 50, 51, 52, 53, 54, 55, 56, 57, 58, 59, 60]}], [{"col": "agg", "type": "INTEGER", "data": [0, 0, 0, 0, 0, 0, 0, 0, 0, 0, 0, 0, 0, 0, 0, 0, 0, 0, 0, 0, 0, 0, 0, 0, 0, 0, 0, 0, 0, 0, 0, 0, 0, 0, 0, 0, 0, 0, 0, 0, 0, 0, 0, 0, 0, 0, 0, 0, 0, 0, 0, 0, 0, 0, 0, 0, 0, 0, 0, 0]}], [{"col": "c1", "type": "TEXT", "data": ["charlton athletic", "middlesbrough", "tranmere rovers", "newport county", "walsall", "northampton town", "kettering town", "aldershot", "maidstone", "hartlepool united", "barnet", "exeter united", "gillingham", "doncaster rovers", "millwall", "bournemouth", "crystal palace", "chester city", "portsmouth", "hull city", "queens park rangers", "halifax town", "bradford city", "notts county", "barnsley", "leicester city", "port vale", "york city", "derby county", "ipswich town", "wimbledon", "darlington", "bradford city", "wrexham", "cambridge united", "rotherham united", "crawley town", "boston united", "leeds united", "luton town", "bournemouth", "rotherham united", "halifax town", "darlington", "southampton", "stockport county", "chester city", "northwich victoria", "farsley celtic", "salisbury city", "weymouth", "crystal palace", "portsmouth", "plymouth argyle", "rushden and diamonds", "darlington", "portsmouth", "port vale", "coventry city", "aldershot town"]}], [{"col": "c2", "type": "TEXT", "data": ["february 1984", "21 may 1986", "1987", "1989", "1990[citation needed]", "1992[citation needed]", "1992[citation needed]", "1992[citation needed]", "1992[citation needed]", "1994[citation needed]", "1994[citation needed]", "1994[citation needed]", "1995[citation needed]", "1997[citation needed]", "21 january 1997", "1997[citation needed]", "1998[citation needed]", "october 1998", "1998[citation needed]", "7 february 2001", "2 april 2001", "9 april 2002", "16 may 2002", "june 2002", "3 october 2002", "21 october 2002", "16 december 2002", "18 december 2002", "20 october 2003", "10 february 2003", "5 june 2003", "23 december 2003", "27 february 2004", "3 december 2004", "29 april 2005", "13 may 2006", "5 june 2006", "25 april 2007", "4 may 2007", "22 november 2007", "8 february 2008", "18 march 2008", "26 march 2008", "25 february 2009", "2 april 2009", "30 april 2009", "17 may 2009", "15 may 2009", "30 june 2009", "3 september 2009", "28 october 2009", "26 january 2010", "26 february 2010", "4 march 2011", "7 july 2011", "3 january 2012", "17 february 2012", "9 march 2012", "21 march 2013", "2 may 2013"]}, {"col": "c2_number", "type": "INTEGER", "data": [1984, 21, 1987, 1989, 1990, 1992, 1992, 1992, 1992, 1994, 1994, 1994, 1995, 1997, 21, 1997, 1998, 1998, 1998, 7, 2, 9, 16, 2002, 3, 21, 16, 18, 20, 10, 5, 23, 27, 3, 29, 13, 5, 25, 4, 22, 8, 18, 26, 25, 2, 30, 17, 15, 30, 3, 28, 26, 26, 4, 7, 3, 17, 9, 21, 2]}, {"col": "c2_parsed", "type": "TEXT", "data": ["1984-02", "1986-05-21", "1987", "1989", "1990", "1992", "1992", "1992", "1992", "1994", "1994", "1994", "1995", "1997", "1997-01-21", "1997", "1998", "1998-10", "1998", "2001-02-07", "2001-04-02", "2002-04-09", "2002-05-16", "2002-06", "2002-10-03", "2002-10-21", "2002-12-16", "2002-12-18", "2003-10-20", "2003-02-10", "2003-06-05", "2003-12-23", "2004-02-27", "2004-12-03", "2005-04-29", "2006-05-13", "2006-06-05", "2007-04-25", "2007-05-04", "2007-11-22", "2008-02-08", "2008-03-18", "2008-03-26", "2009-02-25", "2009-04-02", "2009-04-30", "2009-05-17", "2009-05-15", "2009-06-30", "2009-09-03", "2009-10-28", "2010-01-26", "2010-02-26", "2011-03-04", "2011-07-07", "2012-01-03", "2012-02-17", "2012-03-09", "2013-03-21", "2013-05-02"]}, {"col": "c2_year", "type": "INTEGER", "data": [1984, 1986, 1987, 1989, 1990, 1992, 1992, 1992, 1992, 1994, 1994, 1994, 1995, 1997, 1997, 1997, 1998, 1998, 1998, 2001, 2001, 2002, 2002, 2002, 2002, 2002, 2002, 2002, 2003, 2003, 2003, 2003, 2004, 2004, 2005, 2006, 2006, 2007, 2007, 2007, 2008, 2008, 2008, 2009, 2009, 2009, 2009, 2009, 2009, 2009, 2009, 2010, 2010, 2011, 2011, 2012, 2012, 2012, 2013, 2013]}, {"col": "c2_month", "type": "INTEGER", "data": [2, 5, null, null, null, null, null, null, null, null, null, null, null, null, 1, null, null, 10, null, 2, 4, 4, 5, 6, 10, 10, 12, 12, 10, 2, 6, 12, 2, 12, 4, 5, 6, 4, 5, 11, 2, 3, 3, 2, 4, 4, 5, 5, 6, 9, 10, 1, 2, 3, 7, 1, 2, 3, 3, 5]}, {"col": "c2_day", "type": "INTEGER", "data": [null, 21, null, null, null, null, null, null, null, null, null, null, null, null, 21, null, null, null, null, 7, 2, 9, 16, null, 3, 21, 16, 18, 20, 10, 5, 23, 27, 3, 29, 13, 5, 25, 4, 22, 8, 18, 26, 25, 2, 30, 17, 15, 30, 3, 28, 26, 26, 4, 7, 3, 17, 9, 21, 2]}], [{"col": "c3", "type": "TEXT", "data": ["march 1984", "july 1986", "1987", "never - they went out of business and then reformed", null, null, null, null, null, null, null, null, null, null, "june 1997", null, "july 2000", "july 1999", "1999", "12 march 2001", "17 november 2002", "march 2003", "1 august 2002", "december 1993", "25 october 2003", "16 november 2004", "2003", "26 march 2003", "20 october 2003", "30 may 2003", "21 june 2004 (as mk dons)", "26 may 2004", "10 december 2004", "3 august 2006", "22 july 2005", null, "10 august 2007", "20 may 2008", "11 july 2007", "28 july 2008", "18 july 2008", "2008", "13 june 2008", "7 august 2009", "8 july 2009", "18 june 2010", "10 march 2010\ndissolved", "16 may 2010", "10 march 2010\ndissolved", "26 february 2010", "27 november 2009", "20 august 2010", "24 october 2010", "31 october 2011", "8 july 2011\ndissolved", "21 june dissolved 2012", "19 april 2013", "20 november 2012", null, null]}, {"col": "c3_number", "type": "INTEGER", "data": [1984, 1986, 1987, null, null, null, null, null, null, null, null, null, null, null, 1997, null, 2000, 1999, 1999, 12, 17, 2003, 1, 1993, 25, 16, 2003, 26, 20, 30, 21, 26, 10, 3, 22, null, 10, 20, 11, 28, 18, 2008, 13, 7, 8, 18, 10, 16, 10, 26, 27, 20, 24, 31, 8, 21, 19, 20, null, null]}, {"col": "c3_parsed", "type": "TEXT", "data": ["1984-03", "1986-07", "1987", null, null, null, null, null, null, null, null, null, null, null, "1997-06", null, "2000-07", "1999-07", "1999", "2001-03-12", "2002-11-17", "2003-03", "2002-08-01", "1993-12", "2003-10-25", "2004-11-16", "2003", "2003-03-26", "2003-10-20", "2003-05-30", "2004-06-21", "2004-05-26", "2004-12-10", "2006-08-03", "2005-07-22", null, "2007-08-10", "2008-05-20", "2007-07-11", "2008-07-28", "2008-07-18", "2008", "2008-06-13", "2009-08-07", "2009-07-08", "2010-06-18", "xxxx-03-10", "2010-05-16", "xxxx-03-10", "2010-02-26", "2009-11-27", "2010-08-20", "2010-10-24", "2011-10-31", "xxxx-07-08", "xxxx-06-21", "2013-04-19", "2012-11-20", null, null]}, {"col": "c3_year", "type": "INTEGER", "data": [1984, 1986, 1987, null, null, null, null, null, null, null, null, null, null, null, 1997, null, 2000, 1999, 1999, 2001, 2002, 2003, 2002, 1993, 2003, 2004, 2003, 2003, 2003, 2003, 2004, 2004, 2004, 2006, 2005, null, 2007, 2008, 2007, 2008, 2008, 2008, 2008, 2009, 2009, 2010, -1, 2010, -1, 2010, 2009, 2010, 2010, 2011, -1, -1, 2013, 2012, null, null]}, {"col": "c3_month", "type": "INTEGER", "data": [3, 7, null, null, null, null, null, null, null, null, null, null, null, null, 6, null, 7, 7, null, 3, 11, 3, 8, 12, 10, 11, null, 3, 10, 5, 6, 5, 12, 8, 7, null, 8, 5, 7, 7, 7, null, 6, 8, 7, 6, 3, 5, 3, 2, 11, 8, 10, 10, 7, 6, 4, 11, null, null]}, {"col": "c3_day", "type": "INTEGER", "data": [null, null, null, null, null, null, null, null, null, null, null, null, null, null, null, null, null, null, null, 12, 17, null, 1, null, 25, 16, null, 26, 20, 30, 21, 26, 10, 3, 22, null, 10, 20, 11, 28, 18, null, 13, 7, 8, 18, 10, 16, 10, 26, 27, 20, 24, 31, 8, 21, 19, 20, null, null]}], [{"col": "c4", "type": "TEXT", "data": ["second division", "third division", "fourth division", "football conference", null, null, null, null, null, null, null, null, null, null, "second division", null, "second division", "third division", "second division", "third division", "first division", "third division\nfootball conference", "first division", "third division", "second division", "first division", "second division", "third division", "championship", "first division", "first division", "third division", "first division\nleague one", "league one\nleague two", "league two", "league one", "conference national", "league two", "championship\nleague one", "league one\nleague two", "league one\nleague two", "league two", "conference national", "league two", "championship\nleague one", "league one", "conference national", "conference national", "conference north", "conference national", "conference south", "championship", "premier league", "league one", "conference national", "conference national", "championship", "league two", "league one", "league two"]}], [{"col": "c5", "type": "TEXT", "data": ["none", "none", "none", "none", "none", "none", "none", "none", "none", "none", "none", "none", "none", "none", "none", "none", "none", "none", "none", "none", "none", "none", "none", "none", "none", "none", "none", "none", "none", "none", "none", "none", "none", "-10 pts", "-10 pts", "-10 pts", "-6 pts", "-10 pts", "-10 pts\n-15 pts", "-10 pts\n-20 pts", "-10 pts\n-17 pts", "-10 pts\n-17 pts", "-10 pts", "-10 pts", "n/a\n-10 pts", "-10 pts", "-25 pts", "-10 pts", "-10 pts", "-10 pts", "none", "-10 pts", "-9 pts", "-10 pts", "none", "-10 pts", "-10 pts", "-10 pts", "-10 pts", null]}, {"col": "c5_number", "type": "REAL", "data": [null, null, null, null, null, null, null, null, null, null, null, null, null, null, null, null, null, null, null, null, null, null, null, null, null, null, null, null, null, null, null, null, null, -10.0, -10.0, -10.0, -6.0, -10.0, -10, -10, -10, -10, -10.0, -10.0, -10.0, -10.0, -25.0, -10.0, -10.0, -10.0, null, -10.0, -9.0, -10.0, null, -10.0, -10.0, -10.0, -10.0, null]}]], "is_list": {"id": false, "agg": false, "c1": false, "c2": false, "c2_number": false, "c2_parsed": false, "c2_year": false, "c2_month": false, "c2_day": false, "c3": false, "c3_number": false, "c3_parsed": false, "c3_year": false, "c3_month": false, "c3_day": false, "c4": false, "c5": false, "c5_number": false}}