{"headers": ["id", "agg", "#", "title", "celebrity guest(s)", "directed by", "written by", "original airdate"], "types": ["id", "agg", "number(number)", "text", "<n,text>", "text", "text", "date"], "contents": [[{"col": "id", "type": "INTEGER", "data": [1, 2, 3, 4, 5, 6, 7, 8, 9]}], [{"col": "agg", "type": "INTEGER", "data": [0, 0, 0, 0, 0, 0, 0, 0, 0]}], [{"col": "c1", "type": "TEXT", "data": ["1 (1)", "2 (2)", "3 (3)", "4 (4)", "5 (5)", "6 (6)", "7 (7)", "8 (8)", "9 (9)"]}, {"col": "c1_first", "type": "TEXT", "data": ["1", "2", "3", "4", "5", "6", "7", "8", "9"]}, {"col": "c1_second", "type": "TEXT", "data": ["1", "2", "3", "4", "5", "6", "7", "8", "9"]}, {"col": "c1_first_number", "type": "REAL", "data": [1.0, 2.0, 3.0, 4.0, 5.0, 6.0, 7.0, 8.0, 9.0]}, {"col": "c1_second_number", "type": "REAL", "data": [1.0, 2.0, 3.0, 4.0, 5.0, 6.0, 7.0, 8.0, 9.0]}], [{"col": "c2", "type": "TEXT", "data": ["\"nelson the online predator\"", "\"destiny the reluctant sniffer dog\"", "\"marion the young lover\"", "\"nelson the stroke virgin\"", "\"kali the genetic engineer\"", "\"destiny the infection risk\"", "\"marion the superfluous feed character\"", "\"nelson the naughty arsonist\"", "\"mongrels uncovered\""]}], [{"col": "c3", "type": "TEXT", "data": ["toby anstis", "christopher biggins\ngemma bissix\nstuart manning\npaul ross", "terry nutkins\nchris packham", "clive anderson\njeff brazier", "scott mills", "christopher hughes", "vicki butler-henderson", "eamonn holmes", null]}, {"col": "c3_list", "type": "LIST TEXT", "data": [["toby anstis"], ["christopher biggins", "gemma bissix", "stuart manning", "paul ross"], ["terry nutkins", "chris packham"], ["clive anderson", "jeff brazier"], ["scott mills"], ["christopher hughes"], ["vicki butler-henderson"], ["eamonn holmes"], []]}, {"col": "c3_length", "type": "INTEGER", "data": [1, 4, 2, 2, 1, 1, 1, 1, 0]}], [{"col": "c4", "type": "TEXT", "data": ["adam miller", "adam miller", "adam miller", "adam miller", "adam miller", "adam miller", "adam miller", "adam miller", "samantha peters"]}], [{"col": "c5", "type": "TEXT", "data": ["daniel peak\njon brown", "jon brown", "jon brown", "jon brown", "jon brown", "daniel peak", "jon brown", "daniel peak", null]}], [{"col": "c6", "type": "TEXT", "data": ["22 june 2010", "29 june 2010", "6 july 2010", "13 july 2010", "20 july 2010", "27 july 2010", "3 august 2010", "10 august 2010", "11 august 2010"]}, {"col": "c6_number", "type": "INTEGER", "data": [22, 29, 6, 13, 20, 27, 3, 10, 11]}, {"col": "c6_parsed", "type": "TEXT", "data": ["2010-06-22", "2010-06-29", "2010-07-06", "2010-07-13", "2010-07-20", "2010-07-27", "2010-08-03", "2010-08-10", "2010-08-11"]}, {"col": "c6_year", "type": "INTEGER", "data": [2010, 2010, 2010, 2010, 2010, 2010, 2010, 2010, 2010]}, {"col": "c6_month", "type": "INTEGER", "data": [6, 6, 7, 7, 7, 7, 8, 8, 8]}, {"col": "c6_day", "type": "INTEGER", "data": [22, 29, 6, 13, 20, 27, 3, 10, 11]}]], "is_list": {"id": false, "agg": false, "c1": false, "c1_first": false, "c1_second": false, "c1_first_number": false, "c1_second_number": false, "c2": false, "c3": false, "c3_list": true, "c3_length": false, "c4": false, "c5": false, "c6": false, "c6_number": false, "c6_parsed": false, "c6_year": false, "c6_month": false, "c6_day": false}}