{"headers": ["id", "agg", "rank", "area", "state/\nprovince", "csa/cma\n2009 population", "projected\n2025 population", "projected increase\n2009-2025"], "types": ["id", "agg", "number", "<d,text>", "<d,text>", "number", "number", "number"], "contents": [[{"col": "id", "type": "INTEGER", "data": [1, 2, 3, 4, 5, 6, 7, 8, 9, 10, 11, 12, 13, 14, 15, 16, 17, 18]}], [{"col": "agg", "type": "INTEGER", "data": [0, 0, 0, 0, 0, 0, 0, 0, 0, 0, 0, 0, 0, 0, 0, 0, 0, 0]}], [{"col": "c1", "type": "TEXT", "data": ["1", "2", "3", "4", "5", "6", "7", "8", "9", "10", "11", "12", "13", "14", "15", "16", "17", "18"]}, {"col": "c1_number", "type": "REAL", "data": [1.0, 2.0, 3.0, 4.0, 5.0, 6.0, 7.0, 8.0, 9.0, 10.0, 11.0, 12.0, 13.0, 14.0, 15.0, 16.0, 17.0, 18.0]}], [{"col": "c2", "type": "TEXT", "data": ["chicago", "toronto", "detroit", "cleveland", "milwaukee", "ottawa - gatineau", "grand rapids", "buffalo", "rochester", "hamilton", "toledo", "lansing", "kitchener - cambridge - waterloo", "london", "fort wayne", "st. catharines - niagara", "windsor", "erie"]}, {"col": "c2_list", "type": "LIST TEXT", "data": [["chicago"], ["toronto"], ["detroit"], ["cleveland"], ["milwaukee"], ["ottawa", "gatineau"], ["grand rapids"], ["buffalo"], ["rochester"], ["hamilton"], ["toledo"], ["lansing"], ["kitchener", "cambridge", "waterloo"], ["london"], ["fort wayne"], ["st. catharines", "niagara"], ["windsor"], ["erie"]]}, {"col": "c2_length", "type": "INTEGER", "data": [1, 1, 1, 1, 1, 2, 1, 1, 1, 1, 1, 1, 3, 1, 1, 2, 1, 1]}], [{"col": "c3", "type": "TEXT", "data": ["il-in-wi", "on", "mi", "oh", "wi", "on-qc", "mi", "ny", "ny", "on", "oh", "mi", "on", "on", "in", "on", "on", "pa"]}, {"col": "c3_list", "type": "LIST TEXT", "data": [["il", "in", "wi"], ["on"], ["mi"], ["oh"], ["wi"], ["on", "qc"], ["mi"], ["ny"], ["ny"], ["on"], ["oh"], ["mi"], ["on"], ["on"], ["in"], ["on"], ["on"], ["pa"]]}, {"col": "c3_length", "type": "INTEGER", "data": [3, 1, 1, 1, 1, 2, 1, 1, 1, 1, 1, 1, 1, 1, 1, 1, 1, 1]}], [{"col": "c4", "type": "TEXT", "data": ["9804845", "5741400", "5327764", "2891988", "1760268", "1451415", "1327366", "1203493", "1149653", "740200", "672220", "523609", "492400", "492200", "414315", "404400", "330900", "280985"]}, {"col": "c4_number", "type": "REAL", "data": [9804845.0, 5741400.0, 5327764.0, 2891988.0, 1760268.0, 1451415.0, 1327366.0, 1203493.0, 1149653.0, 740200.0, 672220.0, 523609.0, 492400.0, 492200.0, 414315.0, 404400.0, 330900.0, 280985.0]}], [{"col": "c5", "type": "TEXT", "data": ["10935100", "7408000", "6191000", "3172000", "1913000", "1596556", "1530000", "1040400", "1248600", "954858", "672220", "547325", "635196", "634938", "455623", "521676", "426861", null]}, {"col": "c5_number", "type": "REAL", "data": [10935100.0, 7408000.0, 6191000.0, 3172000.0, 1913000.0, 1596556.0, 1530000.0, 1040400.0, 1248600.0, 954858.0, 672220.0, 547325.0, 635196.0, 634938.0, 455623.0, 521676.0, 426861.0, null]}], [{"col": "c6", "type": "TEXT", "data": ["1130255", "1666600", "863236", "280012", "157732", "145141", "202634", "-163093", "98947", "214658", "0", "23716", "142796", "142738", "39366", "117276", "95961", null]}, {"col": "c6_number", "type": "REAL", "data": [1130255.0, 1666600.0, 863236.0, 280012.0, 157732.0, 145141.0, 202634.0, -163093, 98947.0, 214658.0, 0.0, 23716.0, 142796.0, 142738.0, 39366.0, 117276.0, 95961.0, null]}]], "is_list": {"id": false, "agg": false, "c1": false, "c1_number": false, "c2": false, "c2_list": true, "c2_length": false, "c3": false, "c3_list": true, "c3_length": false, "c4": false, "c4_number": false, "c5": false, "c5_number": false, "c6": false, "c6_number": false}}