{"headers": ["id", "agg", "wager", "winner", "loser", "location", "date"], "types": ["id", "agg", "text", "<a,text>", "<a,text>", "address", "date"], "contents": [[{"col": "id", "type": "INTEGER", "data": [1, 2, 3, 4, 5, 6, 7, 8, 9, 10, 11, 12]}], [{"col": "agg", "type": "INTEGER", "data": [0, 0, 0, 0, 0, 0, 0, 0, 0, 0, 0, 0]}], [{"col": "c1", "type": "TEXT", "data": ["hair", "hair", "hair", "hair", "hairs", "hair", "hair", "hair", "hairs", "hair", "hair", "hair"]}], [{"col": "c2", "type": "TEXT", "data": ["mocho cota", "satanico", "chamaco valaguez", "gran cochisse", "la fiera and mocho cota", "gran cochisse", "mocho cota", "mocho cota", "sangre chicana and mocho cota", "mocho cota", "mocho cota", "negro casas"]}, {"col": "c2_list", "type": "LIST TEXT", "data": [["mocho cota"], ["satanico"], ["chamaco valaguez"], ["gran cochisse"], ["la fiera", "mocho cota"], ["gran cochisse"], ["mocho cota"], ["mocho cota"], ["sangre chicana", "mocho cota"], ["mocho cota"], ["mocho cota"], ["negro casas"]]}, {"col": "c2_length", "type": "INTEGER", "data": [1, 1, 1, 1, 2, 1, 1, 1, 2, 1, 1, 1]}], [{"col": "c3", "type": "TEXT", "data": ["chamaco valaguez", "mocho cota", "mocho cota", "mocho cota", "ringo mendoza and cachorro mendoza", "mocho cota", "chamaco valaguez", "el talisman", "el faraon and talisman", "kato kung lee", "chamaco valaguez", "mocho cota"]}, {"col": "c3_list", "type": "LIST TEXT", "data": [["chamaco valaguez"], ["mocho cota"], ["mocho cota"], ["mocho cota"], ["ringo mendoza", "cachorro mendoza"], ["mocho cota"], ["chamaco valaguez"], ["el talisman"], ["el faraon", "talisman"], ["kato kung lee"], ["chamaco valaguez"], ["mocho cota"]]}, {"col": "c3_length", "type": "INTEGER", "data": [1, 1, 1, 1, 2, 1, 1, 1, 2, 1, 1, 1]}], [{"col": "c4", "type": "TEXT", "data": ["cuernavaca, morelos", "mexico city, mexico", "cuernavaca, morelos", "mexico city, mexico", "mexico city, mexico", "mexico city, mexico", "mexico city, mexico", "mexico city, mexico", "mexico city, mexico", "mexico city, mexico", "cuernavaca, morelos", "mexico city, mexico"]}, {"col": "c4_address", "type": "LIST TEXT", "data": [["cuernavaca", "morelos"], ["mexico city", "mexico"], ["cuernavaca", "morelos"], ["mexico city", "mexico"], ["mexico city", "mexico"], ["mexico city", "mexico"], ["mexico city", "mexico"], ["mexico city", "mexico"], ["mexico city", "mexico"], ["mexico city", "mexico"], ["cuernavaca", "morelos"], ["mexico city", "mexico"]]}], [{"col": "c5", "type": "TEXT", "data": [null, "september 26, 1980", "july 29, 1982", "march 25, 1983", "july 1, 1983", "september 9, 1983", "september 7, 1984", "march 7, 1986", "march 7, 1986", "december 10, 1993", "march 29, 1994", "september 23, 1994"]}, {"col": "c5_number", "type": "INTEGER", "data": [null, 26, 29, 25, 1, 9, 7, 7, 7, 10, 29, 23]}, {"col": "c5_parsed", "type": "TEXT", "data": [null, "1980-09-26", "1982-07-29", "1983-03-25", "1983-07-01", "1983-09-09", "1984-09-07", "1986-03-07", "1986-03-07", "1993-12-10", "1994-03-29", "1994-09-23"]}, {"col": "c5_year", "type": "INTEGER", "data": [null, 1980, 1982, 1983, 1983, 1983, 1984, 1986, 1986, 1993, 1994, 1994]}, {"col": "c5_month", "type": "INTEGER", "data": [null, 9, 7, 3, 7, 9, 9, 3, 3, 12, 3, 9]}, {"col": "c5_day", "type": "INTEGER", "data": [null, 26, 29, 25, 1, 9, 7, 7, 7, 10, 29, 23]}]], "is_list": {"id": false, "agg": false, "c1": false, "c2": false, "c2_list": true, "c2_length": false, "c3": false, "c3_list": true, "c3_length": false, "c4": false, "c4_address": true, "c5": false, "c5_number": false, "c5_parsed": false, "c5_year": false, "c5_month": false, "c5_day": false}}