{"headers": ["id", "agg", "class", "name", "company", "residence", "term expires dec 31", "notes"], "types": ["id", "agg", "text", "text", "text", "address", "number", "text"], "contents": [[{"col": "id", "type": "INTEGER", "data": [1, 2, 3, 4, 5, 6, 7, 8, 9]}], [{"col": "agg", "type": "INTEGER", "data": [0, 0, 0, 0, 0, 0, 0, 0, 0]}], [{"col": "c1", "type": "TEXT", "data": ["a", "a", "a", "b", "b", "b", "c", "c", "c"]}], [{"col": "c2", "type": "TEXT", "data": ["max t. wake", "vacancy", "david w. brownback", "vacancy", "richard k. ratcliffe", "john t. stout, jr", "rose washington", "barbara mowry", "steve maestas"]}], [{"col": "c3", "type": "TEXT", "data": ["jones national bank & trust co", null, "citizens state bank & trust company", null, "ratcliffe's inc", "plaza belmont management group llc", "otulsa economic development corporation", "gorecreek advisors", "nai maestas and ward"]}], [{"col": "c4", "type": "TEXT", "data": ["seward, nebraska", null, "ellsworth, kansas", null, "weatherford, oklahoma", "shawnee mission, kansas", "tulsa, oklahoma", "greenwood village, colorado", "albuquerque, new mexico"]}, {"col": "c4_address", "type": "LIST TEXT", "data": [["seward", "nebraska"], [], ["ellsworth", "kansas"], [], ["weatherford", "oklahoma"], ["shawnee mission", "kansas"], ["tulsa", "oklahoma"], ["greenwood village", "colorado"], ["albuquerque", "new mexico"]]}], [{"col": "c5", "type": "TEXT", "data": ["2013", "2014", "2015", "2013", "2014", "2015", "2013", "2014", "2015"]}, {"col": "c5_number", "type": "INTEGER", "data": [2013, 2014, 2015, 2013, 2014, 2015, 2013, 2014, 2015]}], [{"col": "c6", "type": "TEXT", "data": [null, null, null, null, null, null, null, "chairman", "deputy chairman"]}]], "is_list": {"id": false, "agg": false, "c1": false, "c2": false, "c3": false, "c4": false, "c4_address": true, "c5": false, "c5_number": false, "c6": false}}