{"headers": ["id", "agg", "rank", "pair", "name", "country", "time", "time behind"], "types": ["id", "agg", "number", "number", "text", "text", "time", "number"], "contents": [[{"col": "id", "type": "INTEGER", "data": [1, 2, 3, 4, 5, 6, 7, 8, 9, 10, 11, 12, 13, 14, 15, 16, 17, 18, 19, 20, 21, 22, 23, 24, 25, 26, 27, 28, 29, 30, 31, 32, 33, 34, 35, 36, 37, 38, 39, 40, 41]}], [{"col": "agg", "type": "INTEGER", "data": [0, 0, 0, 0, 0, 0, 0, 0, 0, 0, 0, 0, 0, 0, 0, 0, 0, 0, 0, 0, 0, 0, 0, 0, 0, 0, 0, 0, 0, 0, 0, 0, 0, 0, 0, 0, 0, 0, 0, 0, 0]}], [{"col": "c1", "type": "TEXT", "data": [null, null, null, "4", "5", "6", "7", "8", "9", "10", "11", "12", "13", "14", "15", "16", "17", "18", "19", "20", "21", "22", "23", "24", "25", "26", "27", "28", "29", "30", "31", "32", "33", "34", "35", "36", "37", "38", null, null, null]}, {"col": "c1_number", "type": "REAL", "data": [null, null, null, 4.0, 5.0, 6.0, 7.0, 8.0, 9.0, 10.0, 11.0, 12.0, 13.0, 14.0, 15.0, 16.0, 17.0, 18.0, 19.0, 20.0, 21.0, 22.0, 23.0, 24.0, 25.0, 26.0, 27.0, 28.0, 29.0, 30.0, 31.0, 32.0, 33.0, 34.0, 35.0, 36.0, 37.0, 38.0, null, null, null]}], [{"col": "c2", "type": "TEXT", "data": ["19", "20", "21", "20", "21", "4", "16", "18", "18", "6", "19", "9", "4", "16", "13", "7", "11", "12", "17", "15", "15", "10", "14", "17", "10", "2", "14", "3", "12", "8", "1", "1", "1", "1", "7", "8", "9", "5", "5", "2", "6"]}, {"col": "c2_number", "type": "REAL", "data": [19.0, 20.0, 21.0, 20.0, 21.0, 4.0, 16.0, 18.0, 18.0, 6.0, 19.0, 9.0, 4.0, 16.0, 13.0, 7.0, 11.0, 12.0, 17.0, 15.0, 15.0, 10.0, 14.0, 17.0, 10.0, 2.0, 14.0, 3.0, 12.0, 8.0, 1.0, 1.0, 1.0, 1.0, 7.0, 8.0, 9.0, 5.0, 5.0, 2.0, 6.0]}], [{"col": "c3", "type": "TEXT", "data": ["shani davis", "joey cheek", "erben wennemars", "lee kyou-hyuk", "jan bos", "chad hedrick", "yevgeny lalenkov", "stefan groothuis", "casey fitzrandolph", "dmitry dorofeyev", "jeremy wotherspoon", "beorn nijenhuis", "konrad niedzwiedzki", "mikael flygind larsen", "alexey proshin", "francois-olivier roberge", "choi jae-bong", "petter andersen", "denny morrison", "yusuke imai", "aleksandr kibalko", "lee kang-seok", "even wetten", "mun jun", "janne hanninen", "mika poutala", "takaharu nakajima", "takahiro ushiyama", "steven elm", "maurizio carnino", "pekka koskela", "keiichiro nagashima", "an weijiang", "yu fengtong", "zhang zhongqi", "aleksandr zhigin", "risto rosendahl", "lu zhuo", "maciej ustynowicz", "ermanno ioriatti", "erik zachrisson"]}], [{"col": "c4", "type": "TEXT", "data": ["united states", "united states", "netherlands", "south korea", "netherlands", "united states", "russia", "netherlands", "united states", "russia", "canada", "netherlands", "poland", "norway", "russia", "canada", "south korea", "norway", "canada", "japan", "russia", "south korea", "norway", "south korea", "finland", "finland", "japan", "japan", "canada", "italy", "finland", "japan", "china", "china", "china", "kazakhstan", "finland", "china", "poland", "italy", "sweden"]}], [{"col": "c5", "type": "TEXT", "data": ["1:08.89", "1:09.16", "1:09.32", "1:09.37", "1:09.42", "1:09.45", "1:09.46", "1:09.57", "1:09.59", "1:09.74", "1:09.76", "1:09.85", "1:09.95", "1:10.13", "1:10.14", "1:10.20", "1:10.23", "1:10.38", "1:10.44", "1:10.48", "1:10.50", "1:10.52", "1:10.57", "1:10.66", "1:10.83", "1:11.03", "1:11.10", "1:11.21", "1:11.36", "1:11.44", "1:11.45", "1:11.78", "1:11.80", "1:11.90", "1:12.29", "1:12.36", "1:12.60", "1:12.69", "dq", "dq", "dq"]}, {"col": "c5_number", "type": "INTEGER", "data": [1, 1, 1, 1, 1, 1, 1, 1, 1, 1, 1, 1, 1, 1, 1, 1, 1, 1, 1, 1, 1, 1, 1, 1, 1, 1, 1, 1, 1, 1, 1, 1, 1, 1, 1, 1, 1, 1, null, null, null]}, {"col": "c5_min", "type": "INTEGER", "data": [1, 1, 1, 1, 1, 1, 1, 1, 1, 1, 1, 1, 1, 1, 1, 1, 1, 1, 1, 1, 1, 1, 1, 1, 1, 1, 1, 1, 1, 1, 1, 1, 1, 1, 1, 1, 1, 1, null, null, null]}, {"col": "c5_sec", "type": "REAL", "data": [8.89, 9.16, 9.32, 9.37, 9.42, 9.45, 9.46, 9.57, 9.59, 9.74, 9.76, 9.85, 9.95, 10.13, 10.14, 10.2, 10.23, 10.38, 10.44, 10.48, 10.5, 10.52, 10.57, 10.66, 10.83, 11.03, 11.1, 11.21, 11.36, 11.44, 11.45, 11.78, 11.8, 11.9, 12.29, 12.36, 12.6, 12.69, null, null, null]}], [{"col": "c6", "type": "TEXT", "data": [null, "0.27", "0.43", "0.48", "0.53", "0.56", "0.57", "0.68", "0.7", "0.85", "0.87", "0.96", "1.06", "1.24", "1.25", "1.31", "1.34", "1.38", "1.44", "1.59", "1.61", "1.63", "1.68", "1.77", "1.94", "2.14", "2.21", "2.32", "2.47", "2.55", "2.56", "2.89", "2.91", "3.01", "3.4", "3.47", "3.71", "3.8", null, null, null]}, {"col": "c6_number", "type": "REAL", "data": [null, 0.27, 0.43, 0.48, 0.53, 0.56, 0.57, 0.68, 0.7, 0.85, 0.87, 0.96, 1.06, 1.24, 1.25, 1.31, 1.34, 1.38, 1.44, 1.59, 1.61, 1.63, 1.68, 1.77, 1.94, 2.14, 2.21, 2.32, 2.47, 2.55, 2.56, 2.89, 2.91, 3.01, 3.4, 3.47, 3.71, 3.8, null, null, null]}]], "is_list": {"id": false, "agg": false, "c1": false, "c1_number": false, "c2": false, "c2_number": false, "c3": false, "c4": false, "c5": false, "c5_number": false, "c5_min": false, "c5_sec": false, "c6": false, "c6_number": false}}