{"headers": ["id", "agg", "title", "release date", "developer(s)", "publisher(s)", "genre(s)"], "types": ["id", "agg", "text", "date", "<c,text>", "<c,text>", "<c,text>"], "contents": [[{"col": "id", "type": "INTEGER", "data": [1, 2, 3, 4, 5, 6, 7, 8, 9, 10, 11, 12, 13, 14, 15, 16, 17, 18]}], [{"col": "agg", "type": "INTEGER", "data": [0, 0, 0, 0, 0, 0, 0, 0, 0, 0, 0, 0, 0, 0, 0, 0, 0, 0]}], [{"col": "c1", "type": "TEXT", "data": ["187 ride or die", "50 cent: bulletproof", "50 cent: blood on the sand", "25 to life", "gangland (video game)", "gangsters: organized crime", "gangsters 2", "the godfather: the game", "the godfather ii", "grand theft auto iii", "grand theft auto: vice city", "grand theft auto: san andreas", "mafia: the city of lost heaven", "mafia ii", "mob rule", "saints row", "saints row 2", "omerta - city of gangsters"]}], [{"col": "c2", "type": "TEXT", "data": ["2005-08-23", "2005-11-17", "2009-02-20", "2006-01-17", "2004-02-14", "1998-11-30", "2001-06-01", "2006-03-21", "2009-04-07", "2001-10-22", "2002-10-22", "2004-10-24", "2002-08-28", "2010-08-24", "1999-9-30", "2006-08-29", "2008-10-14", "2013-01-31"]}, {"col": "c2_number", "type": "INTEGER", "data": [2005, 2005, 2009, 2006, 2004, 1998, 2001, 2006, 2009, 2001, 2002, 2004, 2002, 2010, 1999, 2006, 2008, 2013]}, {"col": "c2_parsed", "type": "TEXT", "data": ["2005-08-23", "2005-11-17", "2009-02-20", "2006-01-17", "2004-02-14", "1998-11-30", "2001-06-01", "2006-03-21", "2009-04-07", "2001-10-22", "2002-10-22", "2004-10-24", "2002-08-28", "2010-08-24", "1999-09-30", "2006-08-29", "2008-10-14", "2013-01-31"]}, {"col": "c2_year", "type": "INTEGER", "data": [2005, 2005, 2009, 2006, 2004, 1998, 2001, 2006, 2009, 2001, 2002, 2004, 2002, 2010, 1999, 2006, 2008, 2013]}, {"col": "c2_month", "type": "INTEGER", "data": [8, 11, 2, 1, 2, 11, 6, 3, 4, 10, 10, 10, 8, 8, 9, 8, 10, 1]}, {"col": "c2_day", "type": "INTEGER", "data": [23, 17, 20, 17, 14, 30, 1, 21, 7, 22, 22, 24, 28, 24, 30, 29, 14, 31]}], [{"col": "c3", "type": "TEXT", "data": ["ubisoft", "genuine games", "swordfish studios", "avalanche software, ritual entertainment", "mediamobsters", "hothouse creations", "hothouse creations", "ea redwood shores", "ea redwood shores", "dma design", "rockstar north", "rockstar north", "illusion softworks", "2k czech, massive bear studios", "simon & schuster interactive", "volition", "volition, inc", "haemimont games"]}, {"col": "c3_list", "type": "LIST TEXT", "data": [["ubisoft"], ["genuine games"], ["swordfish studios"], ["avalanche software", "ritual entertainment"], ["mediamobsters"], ["hothouse creations"], ["hothouse creations"], ["ea redwood shores"], ["ea redwood shores"], ["dma design"], ["rockstar north"], ["rockstar north"], ["illusion softworks"], ["2k czech", "massive bear studios"], ["simon & schuster interactive"], ["volition"], ["volition", "inc"], ["haemimont games"]]}, {"col": "c3_length", "type": "INTEGER", "data": [1, 1, 1, 2, 1, 1, 1, 1, 1, 1, 1, 1, 1, 2, 1, 1, 2, 1]}], [{"col": "c4", "type": "TEXT", "data": ["ubisoft", "sierra entertainment", "thq", "eidos interactive", "whiptail interactive", "eidos interactive", "eidos interactive", "electronic arts", "electronic arts", "rockstar games", "rockstar games", "rockstar games", "gathering of developers", "2k games, 1c company", "studio 3 interactive", "thq", "thq", "kalypso media"]}, {"col": "c4_list", "type": "LIST TEXT", "data": [["ubisoft"], ["sierra entertainment"], ["thq"], ["eidos interactive"], ["whiptail interactive"], ["eidos interactive"], ["eidos interactive"], ["electronic arts"], ["electronic arts"], ["rockstar games"], ["rockstar games"], ["rockstar games"], ["gathering of developers"], ["2k games", "1c company"], ["studio 3 interactive"], ["thq"], ["thq"], ["kalypso media"]]}, {"col": "c4_length", "type": "INTEGER", "data": [1, 1, 1, 1, 1, 1, 1, 1, 1, 1, 1, 1, 1, 2, 1, 1, 1, 1]}], [{"col": "c5", "type": "TEXT", "data": ["driving", null, null, null, null, null, null, null, null, null, null, null, null, null, null, null, null, "building simulation, rpg"]}, {"col": "c5_list", "type": "LIST TEXT", "data": [["driving"], [], [], [], [], [], [], [], [], [], [], [], [], [], [], [], [], ["building simulation", "rpg"]]}, {"col": "c5_length", "type": "INTEGER", "data": [1, 0, 0, 0, 0, 0, 0, 0, 0, 0, 0, 0, 0, 0, 0, 0, 0, 2]}]], "is_list": {"id": false, "agg": false, "c1": false, "c2": false, "c2_number": false, "c2_parsed": false, "c2_year": false, "c2_month": false, "c2_day": false, "c3": false, "c3_list": true, "c3_length": false, "c4": false, "c4_list": true, "c4_length": false, "c5": false, "c5_list": true, "c5_length": false}}