{"headers": ["id", "agg", "sr. no.", "train no.", "name of the train", "arrival", "departure", "day"], "types": ["id", "agg", "number", "number", "text", "time", "time", "<c,text>"], "contents": [[{"col": "id", "type": "INTEGER", "data": [1, 2, 3, 4, 5, 6, 7, 8, 9, 10, 11, 12, 13, 14, 15, 16, 17, 18, 19, 20, 21, 22, 23, 24, 25, 26, 27, 28, 29, 30, 31, 32, 33, 34, 35]}], [{"col": "agg", "type": "INTEGER", "data": [0, 0, 0, 0, 0, 0, 0, 0, 0, 0, 0, 0, 0, 0, 0, 0, 0, 0, 0, 0, 0, 0, 0, 0, 0, 0, 0, 0, 0, 0, 0, 0, 0, 0, 0]}], [{"col": "c1", "type": "TEXT", "data": ["1", "2", "3", "4", "5", "6", "7", "8", "9", "10", "11", "12", "13", "14", "15", "16", "17", "18", "19", "20", "21", "22", "23", "24", "25", "26", "27", "28", "29", "30", "31", "32", "33", "34", "35"]}, {"col": "c1_number", "type": "REAL", "data": [1.0, 2.0, 3.0, 4.0, 5.0, 6.0, 7.0, 8.0, 9.0, 10.0, 11.0, 12.0, 13.0, 14.0, 15.0, 16.0, 17.0, 18.0, 19.0, 20.0, 21.0, 22.0, 23.0, 24.0, 25.0, 26.0, 27.0, 28.0, 29.0, 30.0, 31.0, 32.0, 33.0, 34.0, 35.0]}], [{"col": "c2", "type": "TEXT", "data": ["18238", "12160", "51294", "12913", "19301", "12406", "12410", "51151", "22112", "11045", "16359", "51829", "12861", "12721", "12616", "19714", "11203", "12615", "12405", "12409", "16360", "11046", "22111", "19713", "12722", "51183", "11204", "19302", "51830", "51293", "12914", "12159", "18237", "51152", "51184"]}, {"col": "c2_number", "type": "REAL", "data": [18238.0, 12160.0, 51294.0, 12913.0, 19301.0, 12406.0, 12410.0, 51151.0, 22112.0, 11045.0, 16359.0, 51829.0, 12861.0, 12721.0, 12616.0, 19714.0, 11203.0, 12615.0, 12405.0, 12409.0, 16360.0, 11046.0, 22111.0, 19713.0, 12722.0, 51183.0, 11204.0, 19302.0, 51830.0, 51293.0, 12914.0, 12159.0, 18237.0, 51152.0, 51184.0]}], [{"col": "c3", "type": "TEXT", "data": ["chhatisgarh express", "jabalpur-amravati sf", "amla-nagpur pass", "indore-nag tri. exp", "indore-yashwantpur exp", "nizamuddin-bhusaval gondwana exp", "nizamuddin-raigarh gondwana exp", "new amravati-narkhed pass", "nagpur-bhusaval sf", "dikshsabhoomi exp", "ernakulam-patna exp", "nagpur-agra pass", "visakapatnam-nizamuddin", "dakshin express", "grand trunk(gt) exp", "sec-jaipur exp", "nagpur-jaipur weekly express", "grand trunk(gt) exp", "bhusaval-h.nizamuddin gondwana exp", "raigarh-h.nizamuddin- gondwana exp", "patna-ernakulam exp", "dikshsabhoomi exp", "bhusaval_nagpur sf", "jaipur-sec exp", "dakshin express", "bhusaval-narkhed pass", "jaipur-nagpur exp", "yashwantpur-indore exp", "agra-nagpur pass", "nagpur-amla pass", "nagpur-indore tri. exp", "amravati-jabalpur sf", "chhatisgarh express", "narkhed-new amravati pass", "bhusaval-narkhed pass"]}], [{"col": "c4", "type": "TEXT", "data": ["01:23", "04:51", "06:39", "06:49", "07:20", "07:25", "07:25", "08:30", "08:37", "08:53", "08:53", "09:41", "10:43", "10:43", "10:49", "11:58", "13:03", "13:30", "14:08", "14:08", "14:08", "14:09", "14:36", "15:48", "16:00", "16:00", "17:24", "17:35", "18:04", "19:55", "20:08", "22:30", "23:09", null, null]}, {"col": "c4_number", "type": "INTEGER", "data": [1, 4, 6, 6, 7, 7, 7, 8, 8, 8, 8, 9, 10, 10, 10, 11, 13, 13, 14, 14, 14, 14, 14, 15, 16, 16, 17, 17, 18, 19, 20, 22, 23, null, null]}, {"col": "c4_min", "type": "INTEGER", "data": [1, 4, 6, 6, 7, 7, 7, 8, 8, 8, 8, 9, 10, 10, 10, 11, 13, 13, 14, 14, 14, 14, 14, 15, 16, 16, 17, 17, 18, 19, 20, 22, 23, null, null]}, {"col": "c4_sec", "type": "INTEGER", "data": [23, 51, 39, 49, 20, 25, 25, 30, 37, 53, 53, 41, 43, 43, 49, 58, 3, 30, 8, 8, 8, 9, 36, 48, 0, 0, 24, 35, 4, 55, 8, 30, 9, null, null]}], [{"col": "c5", "type": "TEXT", "data": ["01:25", "04:53", "06:40", "06:51", "07:25", "07:27", "07:27", null, "08:39", "08:55", "08:55", "09:42", "10:44", "10:44", "10:51", "12:00", "13:05", "13:32", "14:10", "14:10", "14:10", "14:10", "14:38", "15:50", "16:02", null, "17:25", "17:40", "18:05", "20:00", "20:10", "22:32", "23:10", "18:00", "09:00"]}, {"col": "c5_number", "type": "INTEGER", "data": [1, 4, 6, 6, 7, 7, 7, null, 8, 8, 8, 9, 10, 10, 10, 12, 13, 13, 14, 14, 14, 14, 14, 15, 16, null, 17, 17, 18, 20, 20, 22, 23, 18, 9]}, {"col": "c5_min", "type": "INTEGER", "data": [1, 4, 6, 6, 7, 7, 7, null, 8, 8, 8, 9, 10, 10, 10, 12, 13, 13, 14, 14, 14, 14, 14, 15, 16, null, 17, 17, 18, 20, 20, 22, 23, 18, 9]}, {"col": "c5_sec", "type": "INTEGER", "data": [25, 53, 40, 51, 25, 27, 27, null, 39, 55, 55, 42, 44, 44, 51, 0, 5, 32, 10, 10, 10, 10, 38, 50, 2, null, 25, 40, 5, 0, 10, 32, 10, 0, 0]}], [{"col": "c6", "type": "TEXT", "data": ["daily", "daily", "daily", "m", "m", "m,st", "s,m,tu,w,t,f", "daily", "m,t,st", "st", "m", "daily", "daily", "daily", "daily", "tu", "t", "daily", "s,tu", "m,w,t,f,st", "w", "tu", "s,w,f", "tu", "daily", "daily", "st", "w", "daily", "daily", "m", "daily", "daily", "daily", "daily"]}, {"col": "c6_list", "type": "LIST TEXT", "data": [["daily"], ["daily"], ["daily"], ["m"], ["m"], ["m", "st"], ["s", "m", "tu", "w", "t", "f"], ["daily"], ["m", "t", "st"], ["st"], ["m"], ["daily"], ["daily"], ["daily"], ["daily"], ["tu"], ["t"], ["daily"], ["s", "tu"], ["m", "w", "t", "f", "st"], ["w"], ["tu"], ["s", "w", "f"], ["tu"], ["daily"], ["daily"], ["st"], ["w"], ["daily"], ["daily"], ["m"], ["daily"], ["daily"], ["daily"], ["daily"]]}, {"col": "c6_length", "type": "INTEGER", "data": [1, 1, 1, 1, 1, 2, 6, 1, 3, 1, 1, 1, 1, 1, 1, 1, 1, 1, 2, 5, 1, 1, 3, 1, 1, 1, 1, 1, 1, 1, 1, 1, 1, 1, 1]}]], "is_list": {"id": false, "agg": false, "c1": false, "c1_number": false, "c2": false, "c2_number": false, "c3": false, "c4": false, "c4_number": false, "c4_min": false, "c4_sec": false, "c5": false, "c5_number": false, "c5_min": false, "c5_sec": false, "c6": false, "c6_list": true, "c6_length": false}}