{"headers": ["id", "agg", "date", "opponent", "score", "top scorer (total points)", "venue"], "types": ["id", "agg", "date", "text", "score", "text(number)", "text"], "contents": [[{"col": "id", "type": "INTEGER", "data": [1, 2, 3, 4, 5, 6, 7, 8, 9, 10, 11, 12, 13, 14, 15, 16, 17, 18, 19]}], [{"col": "agg", "type": "INTEGER", "data": [0, 0, 0, 0, 0, 0, 0, 0, 0, 0, 0, 0, 0, 0, 0, 0, 0, 0, 0]}], [{"col": "c1", "type": "TEXT", "data": ["february 7 all-filipino cup", "february 11", "february 16", "february 28", "march 3", "march 9", "april 4", "june 10 commissioner's cup", "june 15", "june 24", "july 1", "july 8", "july 13", "september 23 governor's cup", "september 29", "october 14", "october 19", "october 24", "november 7"]}, {"col": "c1_number", "type": "INTEGER", "data": [7, 11, 16, 28, 3, 9, 4, 10, 15, 24, 1, 8, 13, 23, 29, 14, 19, 24, 7]}, {"col": "c1_parsed", "type": "TEXT", "data": ["xxxx-02-07", "xxxx-02-11", "xxxx-02-16", "xxxx-02-28", "xxxx-03-03", "xxxx-03-09", "xxxx-04-04", "xxxx-06-10", "xxxx-06-15", "xxxx-06-24", "xxxx-07-01", "xxxx-07-08", "xxxx-07-13", "xxxx-09-23", "xxxx-09-29", "xxxx-10-14", "xxxx-10-19", "xxxx-10-24", "xxxx-11-07"]}, {"col": "c1_year", "type": "INTEGER", "data": [-1, -1, -1, -1, -1, -1, -1, -1, -1, -1, -1, -1, -1, -1, -1, -1, -1, -1, -1]}, {"col": "c1_month", "type": "INTEGER", "data": [2, 2, 2, 2, 3, 3, 4, 6, 6, 6, 7, 7, 7, 9, 9, 10, 10, 10, 11]}, {"col": "c1_day", "type": "INTEGER", "data": [7, 11, 16, 28, 3, 9, 4, 10, 15, 24, 1, 8, 13, 23, 29, 14, 19, 24, 7]}], [{"col": "c2", "type": "TEXT", "data": ["shell", "mobiline", "alaska", "san miguel", "brgy.ginebra", "shell", "sta.lucia", "mobiline", "brgy.ginebra", "shell", "pop cola", "sta.lucia", "tanduay", "tanduay", "talk 'n text", "shell", "sta.lucia", "brgy.ginebra", "san miguel"]}], [{"col": "c3", "type": "TEXT", "data": ["76-60", "80-68", "73-72", "78-76", "79-72", "65-58", "87-84", "97-92", "111-98", "94-82", "95-79", "95-88", "104-98", "108-93", "99-85", "68-62", "101-94", "93-72", "86-81"]}, {"col": "c3_number", "type": "INTEGER", "data": [76, 80, 73, 78, 79, 65, 87, 97, 111, 94, 95, 95, 104, 108, 99, 68, 101, 93, 86]}, {"col": "c3_number1", "type": "INTEGER", "data": [76, 80, 73, 78, 79, 65, 87, 97, 111, 94, 95, 95, 104, 108, 99, 68, 101, 93, 86]}, {"col": "c3_number2", "type": "INTEGER", "data": [60, 68, 72, 76, 72, 58, 84, 92, 98, 82, 79, 88, 98, 93, 85, 62, 94, 72, 81]}], [{"col": "c4", "type": "TEXT", "data": [null, null, "davonn harp (20)", "lowell briones (21)", null, null, null, "tony lang (29)", null, null, null, null, null, null, null, null, null, null, null]}, {"col": "c4_first", "type": "TEXT", "data": [null, null, "davonn harp", "lowell briones", null, null, null, "tony lang", null, null, null, null, null, null, null, null, null, null, null]}, {"col": "c4_second", "type": "TEXT", "data": [null, null, "20", "21", null, null, null, "29", null, null, null, null, null, null, null, null, null, null, null]}, {"col": "c4_second_number", "type": "REAL", "data": [null, null, 20.0, 21.0, null, null, null, 29.0, null, null, null, null, null, null, null, null, null, null, null]}], [{"col": "c5", "type": "TEXT", "data": ["philsports arena", "araneta coliseum", "philsports arena", "philsports arena", "iloilo city", "philsports arena", "philsports arena", "araneta coliseum", "philsports arena", "araneta coliseum", "araneta coliseum", "araneta coliseum", "philsports arena", "philsports arena", "dumaguete city", "ynares center", "cuneta astrodome", "philsports arena", "araneta coliseum"]}]], "is_list": {"id": false, "agg": false, "c1": false, "c1_number": false, "c1_parsed": false, "c1_year": false, "c1_month": false, "c1_day": false, "c2": false, "c3": false, "c3_number": false, "c3_number1": false, "c3_number2": false, "c4": false, "c4_first": false, "c4_second": false, "c4_second_number": false, "c5": false}}