{"headers": ["id", "agg", "publication", "score", "review"], "types": ["id", "agg", "text", "fraction", "text"], "contents": [[{"col": "id", "type": "INTEGER", "data": [1, 2, 3, 4, 5, 6, 7, 8, 9]}], [{"col": "agg", "type": "INTEGER", "data": [0, 0, 0, 0, 0, 0, 0, 0, 0]}], [{"col": "c1", "type": "TEXT", "data": ["1up.com", "weekly famitsu", "gamepro.com", "gamespot", "hardcore gamer magazine", "ign.com", "nintendo power", "play magazine", "metacritic"]}], [{"col": "c2", "type": "TEXT", "data": ["b", "36 of 40", "6.5 of 10", "7.5 of 10", "9.5 of 10", "7.9 of 10", "8 of 10", "7 of 10", "76 of 100"]}, {"col": "c2_number", "type": "REAL", "data": [null, 36, 6.5, 7.5, 9.5, 7.9, 8, 7, 76]}, {"col": "c2_number1", "type": "REAL", "data": [null, 36, 6.5, 7.5, 9.5, 7.9, 8, 7, 76]}, {"col": "c2_number2", "type": "INTEGER", "data": [null, 40, 10, 10, 10, 10, 10, 10, 100]}], [{"col": "c3", "type": "TEXT", "data": ["\u2192", "print", "\u2192", "\u2192", "print", "\u2192", "print", "print", "\u2192"]}]], "is_list": {"id": false, "agg": false, "c1": false, "c2": false, "c2_number": false, "c2_number1": false, "c2_number2": false, "c3": false}}