{"headers": ["id", "agg", "rank", "nation", "gold", "silver", "bronze", "total"], "types": ["id", "agg", "number", "text", "number", "number", "number", "number"], "contents": [[{"col": "id", "type": "INTEGER", "data": [1, 2, 3, 4, 5, 6, 7, 8, 9, 10, 11, 12, 13, 14, 15, 16]}], [{"col": "agg", "type": "INTEGER", "data": [0, 0, 0, 0, 0, 0, 0, 0, 0, 0, 0, 0, 0, 0, 0, 0]}], [{"col": "c1", "type": "TEXT", "data": ["1", "2", "3", "4", "5", "6", "7", "7", "7", "7", "11", "12", "13", "13", "13", "13"]}, {"col": "c1_number", "type": "REAL", "data": [1.0, 2.0, 3.0, 4.0, 5.0, 6.0, 7.0, 7.0, 7.0, 7.0, 11.0, 12.0, 13.0, 13.0, 13.0, 13.0]}], [{"col": "c2", "type": "TEXT", "data": ["algeria", "tunisia", "egypt", "cameroon", "morocco", "south africa", "angola", "burkina faso", "gabon", "madagascar", "nigeria", "senegal", "congo republic", "ivory coast", "guinea", "niger"]}], [{"col": "c3", "type": "TEXT", "data": ["8", "4", "3", "1", "0", "0", "0", "0", "0", "0", "0", "0", "0", "0", "0", "0"]}, {"col": "c3_number", "type": "REAL", "data": [8.0, 4.0, 3.0, 1.0, 0.0, 0.0, 0.0, 0.0, 0.0, 0.0, 0.0, 0.0, 0.0, 0.0, 0.0, 0.0]}], [{"col": "c4", "type": "TEXT", "data": ["3", "3", "3", "1", "1", "1", "1", "1", "1", "1", "0", "0", "0", "0", "0", "0"]}, {"col": "c4_number", "type": "REAL", "data": [3.0, 3.0, 3.0, 1.0, 1.0, 1.0, 1.0, 1.0, 1.0, 1.0, 0.0, 0.0, 0.0, 0.0, 0.0, 0.0]}], [{"col": "c5", "type": "TEXT", "data": ["0", "5", "3", "5", "5", "1", "0", "0", "0", "0", "3", "2", "1", "1", "1", "1"]}, {"col": "c5_number", "type": "REAL", "data": [0.0, 5.0, 3.0, 5.0, 5.0, 1.0, 0.0, 0.0, 0.0, 0.0, 3.0, 2.0, 1.0, 1.0, 1.0, 1.0]}], [{"col": "c6", "type": "TEXT", "data": ["11", "12", "9", "7", "5", "2", "1", "1", "1", "1", "3", "2", "1", "1", "1", "1"]}, {"col": "c6_number", "type": "REAL", "data": [11.0, 12.0, 9.0, 7.0, 5.0, 2.0, 1.0, 1.0, 1.0, 1.0, 3.0, 2.0, 1.0, 1.0, 1.0, 1.0]}]], "is_list": {"id": false, "agg": false, "c1": false, "c1_number": false, "c2": false, "c3": false, "c3_number": false, "c4": false, "c4_number": false, "c5": false, "c5_number": false, "c6": false, "c6_number": false}}