{"headers": ["id", "agg", "no.", "date/time", "aircraft", "foe", "result", "location", "notes"], "types": ["id", "agg", "number", "date", "text", "text", "text", "address", "text"], "contents": [[{"col": "id", "type": "INTEGER", "data": [1, 2, 3, 4, 5, 6, 7, 8]}], [{"col": "agg", "type": "INTEGER", "data": [0, 0, 0, 0, 0, 0, 0, 0]}], [{"col": "c1", "type": "TEXT", "data": ["1", "2", "3", "4", "5", "6", "7", "8"]}, {"col": "c1_number", "type": "REAL", "data": [1.0, 2.0, 3.0, 4.0, 5.0, 6.0, 7.0, 8.0]}], [{"col": "c2", "type": "TEXT", "data": ["4 december 1916 @ 1100 hours", "24 april 1917 @ 0840 hours", "2 may 1917 @ 0945 hours", "11 may 1917 @ 1950 hours", "11 may 1917 @ 1950 hours", "23 may 1917 @ 1800 hours", "24 july 1917 @ 0635 hours", "28 july 1917 @ 1735 hours"]}, {"col": "c2_number", "type": "INTEGER", "data": [4, 24, 2, 11, 11, 23, 24, 28]}, {"col": "c2_parsed", "type": "TEXT", "data": ["1916-12-04", "1917-04-24", "1917-05-02", "1917-05-11", "1917-05-11", "1917-05-23", "1917-07-24", "1917-07-28"]}, {"col": "c2_year", "type": "INTEGER", "data": [1916, 1917, 1917, 1917, 1917, 1917, 1917, 1917]}, {"col": "c2_month", "type": "INTEGER", "data": [12, 4, 5, 5, 5, 5, 7, 7]}, {"col": "c2_day", "type": "INTEGER", "data": [4, 24, 2, 11, 11, 23, 24, 28]}], [{"col": "c3", "type": "TEXT", "data": ["nieuport serial number 3958", "sopwith triplane s/n n5460", "sopwith triplane s/n n5460", "sopwith triplane s/n n5460", "sopwith triplane s/n n5460", "sopwith triplane s/n n5460", "sopwith triplane s/n n5462", "sopwith triplane s/n n5462"]}], [{"col": "c4", "type": "TEXT", "data": ["albatros d.i", "albatros d.iii", "german two-seater aircraft", "albatros d.iii", "albatros d.iii", "albatros d.iii", "german two-seater aircraft", "german two-seater aircraft"]}], [{"col": "c5", "type": "TEXT", "data": ["driven down out of control", "driven down out of control", "driven down out of control", "driven down out of control", "set afire in midair; destroyed", "driven down out of control", "driven down out of control", "driven down out of control"]}], [{"col": "c6", "type": "TEXT", "data": ["northeast of bapaume, france", "sailly, france", "douai, france", "douai, france", "douai, france", "douai, france", "leffinghe", "middelkerke, belgium"]}, {"col": "c6_address", "type": "LIST TEXT", "data": [["northeast of bapaume", "france"], ["sailly", "france"], ["douai", "france"], ["douai", "france"], ["douai", "france"], ["douai", "france"], ["leffinghe"], ["middelkerke", "belgium"]]}], [{"col": "c7", "type": "TEXT", "data": ["victory shared with another pilot", null, null, null, null, null, null, "victory shared with francis mellersh"]}]], "is_list": {"id": false, "agg": false, "c1": false, "c1_number": false, "c2": false, "c2_number": false, "c2_parsed": false, "c2_year": false, "c2_month": false, "c2_day": false, "c3": false, "c4": false, "c5": false, "c6": false, "c6_address": true, "c7": false}}