{"headers": ["id", "agg", "year", "location", "men's individual", "women's individual", "men's team", "women's team", "mixed team", "ref"], "types": ["id", "agg", "number", "text", "text(text)", "text(text)", "text", "text", "text", "number"], "contents": [[{"col": "id", "type": "INTEGER", "data": [1, 2, 3, 4, 5, 6, 7, 8, 9, 10]}], [{"col": "agg", "type": "INTEGER", "data": [0, 0, 0, 0, 0, 0, 0, 0, 0, 0]}], [{"col": "c1", "type": "TEXT", "data": ["1996", "1998", "2000", "2002", "2004", "2006", "2008", "2010", "2012", "2014"]}, {"col": "c1_number", "type": "INTEGER", "data": [1996, 1998, 2000, 2002, 2004, 2006, 2008, 2010, 2012, 2014]}], [{"col": "c2", "type": "TEXT", "data": ["vaulx-en-velin", "taoyuan", "madrid", "chonburi", "madrid", "vinicne", "tainan", "shenzhen", "cordoba", "legnica"]}], [{"col": "c3", "type": "TEXT", "data": ["franck dauphin (fra)", "john blaschke (usa)", "tsai sung-pin (tpe)", "adam wheatcroft (usa)", "choi yong-hee (kor)", "braden gellenthien (usa)", "jedd greschock (usa)", "adam gallant (usa)", "daniel suter (usa)", null]}, {"col": "c3_first", "type": "TEXT", "data": ["franck dauphin", "john blaschke", "tsai sung-pin", "adam wheatcroft", "choi yong-hee", "braden gellenthien", "jedd greschock", "adam gallant", "daniel suter", null]}, {"col": "c3_second", "type": "TEXT", "data": ["fra", "usa", "tpe", "usa", "kor", "usa", "usa", "usa", "usa", null]}], [{"col": "c4", "type": "TEXT", "data": ["anna campagnoli (ita)", "shih ya-ping (tpe)", "jamie van natta (usa)", "mary zorn (usa)", "mary zorn (usa)", "amandine bouillot (fra)", "erika anschutz (usa)", "vida halimian (iri)", "kristina berger (ger)", null]}, {"col": "c4_first", "type": "TEXT", "data": ["anna campagnoli", "shih ya-ping", "jamie van natta", "mary zorn", "mary zorn", "amandine bouillot", "erika anschutz", "vida halimian", "kristina berger", null]}, {"col": "c4_second", "type": "TEXT", "data": ["ita", "tpe", "usa", "usa", "usa", "fra", "usa", "iri", "ger", null]}], [{"col": "c5", "type": "TEXT", "data": [null, "united states", "united states", "united states", "south korea", "united states", "mexico", "united states", "italy", null]}], [{"col": "c6", "type": "TEXT", "data": [null, "chinese taipei", "united states", "united states", "united states", "france", "south korea", "united states", "united states", null]}], [{"col": "c7", "type": "TEXT", "data": [null, null, null, null, null, "united states", "united states", "united states", "united states", null]}], [{"col": "c8", "type": "EMPTY", "data": ["", "", "", "", "", "", "", "", "", ""]}]], "is_list": {"id": false, "agg": false, "c1": false, "c1_number": false, "c2": false, "c3": false, "c3_first": false, "c3_second": false, "c4": false, "c4_first": false, "c4_second": false, "c5": false, "c6": false, "c7": false, "c8": false}}