{"headers": ["id", "agg", "region", "country", "location", "size (m)", "payload (metric tonnes)", "degrees of freedom", "x horiz disp (mm)", "y horiz disp (mm)", "z vert disp (mm)", "x horiz vel (mm/s)", "y horiz vel (mm/s)", "z vert vel (mm/s)", "x horiz accel (m/s2)", "y horiz accel (m/s2)", "z vert accel (m/s2)", "max freq (hz)", "details checked"], "types": ["id", "agg", "text", "text", "text", "text", "number(text)", "number", "number", "number", "number", "number", "number", "number", "number", "number", "number", "numberspan", "date"], "contents": [[{"col": "id", "type": "INTEGER", "data": [1, 2, 3, 4, 5, 6, 7, 8, 9, 10, 11, 12, 13, 14, 15, 16, 17, 18, 19, 20, 21, 22, 23, 24, 25, 26, 27, 28, 29, 30, 31, 32, 33, 34, 35, 36, 37, 38, 39, 40, 41, 42, 43, 44, 45, 46, 47, 48, 49, 50, 51, 52, 53, 54, 55, 56, 57, 58, 59, 60, 61, 62, 63, 64, 65, 66, 67, 68, 69, 70, 71, 72, 73, 74, 75, 76, 77, 78, 79, 80, 81, 82, 83, 84, 85, 86, 87, 88, 89, 90, 91, 92, 93, 94, 95, 96, 97, 98, 99, 100, 101, 102, 103, 104, 105, 106, 107, 108, 109, 110, 111, 112, 113, 114, 115, 116, 117, 118]}], [{"col": "agg", "type": "INTEGER", "data": [0, 0, 0, 0, 0, 0, 0, 0, 0, 0, 0, 0, 0, 0, 0, 0, 0, 0, 0, 0, 0, 0, 0, 0, 0, 0, 0, 0, 0, 0, 0, 0, 0, 0, 0, 0, 0, 0, 0, 0, 0, 0, 0, 0, 0, 0, 0, 0, 0, 0, 0, 0, 0, 0, 0, 0, 0, 0, 0, 0, 0, 0, 0, 0, 0, 0, 0, 0, 0, 0, 0, 0, 0, 0, 0, 0, 0, 0, 0, 0, 0, 0, 0, 0, 0, 0, 0, 0, 0, 0, 0, 0, 0, 0, 0, 0, 0, 0, 0, 0, 0, 0, 0, 0, 0, 0, 0, 0, 0, 0, 0, 0, 0, 0, 0, 0, 0, 0]}], [{"col": "c1", "type": "TEXT", "data": ["africa", "africa", "asia", "asia", "asia", "asia", "asia", "asia", "asia", "asia", "asia", "asia", "asia", "asia", "asia", "asia", "asia", "asia", "asia", "asia", "asia", "asia", "asia", "asia", "asia", "asia", "asia", "asia", "asia", "asia", "asia", "asia", "asia", "asia", "asia", "asia", "asia", "asia", "asia", "asia", "asia", "asia", "asia", "asia", "asia", "asia", "asia", "asia", "asia", "asia", "asia", "asia", "asia", "asia", "asia", "asia", "asia", "asia", "asia", "asia", "asia", "asia", "asia", "asia", "asia", "asia", "asia", "asia", "australia", "australia", "canada", "canada", "canada", "europe", "europe", "europe", "europe", "europe", "europe", "europe", "europe", "europe", "europe", "europe", "europe", "europe", "europe", "europe", "europe", "europe", "europe", "europe", "europe", "europe", "europe", "europe", "asia", "north america", "usa", "usa", "usa", "usa", "usa", "usa", "usa", "usa", "usa", "usa", "usa", "usa", "usa", "usa", "usa", "usa", "usa", "usa", "usa", "usa"]}], [{"col": "c2", "type": "TEXT", "data": ["algeria", "south africa", "china", "china", "china", "china", "china", "singapore", "hong kong", "hong kong", "india", "india", "india", "india", "india", "india", "india", "india", "india", "india", "india", "iran", "iran", "japan", "japan", "japan", "japan", "japan", "japan", "japan", "japan", "japan", "japan", "japan", "japan", "japan", "japan", "japan", "japan", "japan", "japan", "japan", "japan", "japan", "japan", "japan", "japan", "japan", "japan", "japan", "japan", "japan", "japan", "japan", "japan", "japan", "japan", "japan", "japan", "japan", "korea", "korea", "korea", "korea", "korea", "korea", "malaysia", "taiwan", "australia", "australia", "canada", "canada", "canada", "france", "france", "france", "france", "greece", "greece", "italy", "italy", "italy", "italy", "italy", "italy", "italy", "macedonia", "macedonia", "the netherlands", "portugal", "russia", "spain", "turkey", "turkey", "turkey", "uk", "pakistan", "mexico", "colorado", "alabama", "alabama", "alabama", "alabama", "north carolina", "california", "california", "california", "connecticut", "illinois", "new york", "new york", "new york", "nevada", "nevada", "nevada", "texas", "usa", "virginia"]}], [{"col": "c3", "type": "TEXT", "data": ["cgs laboratory (in construction)", "university of witwatersrand", "china academy of building research, beijing", "guangzhou university", "nanjing university of technology", "tongji university, shanghai", "xi'a university of architecture & technology", "nanyang technological university", "city university of hong kong", "hong kong polytechnic university", "jamia millia islamia,new delhi", "iit guwahati", "cpri bangalore,karnataka", "iisc, bangalore", "serc, chennai (1 of 3), tamil nadu", "serc, chennai (2 of 3),tamil nadu", "serc, chennai (3 of 3),tamil nadu", "indira gandhi centre for atomic research(igcar), chennai,tamil nadu", "iit roorkee,uttarakhand", "iit kanpur,uttar pradesh", "bengal engineering and science university, shibpur,west bengal", "iran university of science & technology (iust)", "sharif university of technology (sut))", "aichi institute of technology", "building research institute", "central research institute of electric power industry", "nied 'e-defence' laboratory, miki city", "fujita corporation", "hazama corp ltd", "hitachi engineering corp", "ishikawajima harima heavy ind corp", "jdc corp", "kawasaki heavy industries corp", "kajima corp. ltd. (1 of 2)", "kajima corp. ltd. (2 of 2)", "kumagai-gumi corp ltd", "kyoto university", "kyoto university disaster prevention research centre", "ministry of construction", "mitsubishi electric corp", "mitsubishi heavy industries corp", "national research institute of agriculture engineering", "nied (nat. inst. for disaster prevention) (1 of 2)", "nied (nat. inst. for disaster prevention) (2 of 2)", "nishimatsu construction corp", "nuclear power engineering corporation", "nyk corporation", "obayashi-gumi corporation", "okumura corp", "penta-ocean construction co. ltd. (1 of 2)", "penta-ocean construction co. ltd. (2 of 2)", "port and airport research institute", "public works research institute (pwri)", "sanryo heavy industries corporation", "shimizu corporation", "taisei corp ltd", "tobishima corp ltd", "tobishima corp ltd", "tokyu const. corp", "toshiba electric co", "hyundai institute of construction technology development (1 of 2)", "hyundai institute of construction technology development (2 of 2)", "korea institute of machinery and metals", "pusan national university (1 of 3)", "pusan national university (2 of 3)", "pusan national university (3 of 3)", "sabah university", "national center for research in earthquake engineering", "university of melbourne", "university of technology, sydney", "royal military college", "university of british columbia (eerf lab)", "university of sherbrooke", "commissariat a l'energie atomique et aux energies alternatives (cea), azalee (1 of 3)", "commissariat a l'energie atomique et aux energies alternatives (cea), vesuve (2 of 3)", "commissariat a l'energie atomique et aux energies alternatives (cea), tournesol (3 of 3)", "fcba institut technologique", "aristotle university of thessaloniki", "national technical university of athens", "ansaldo meccanica nucleare", "department of structures for engineering and architecture, university of naples - shake table", "enea", "enel. hydro s.p.a.; business unit ismes (1 of 3)", "european centre for training & research in earthquake engineering (eucentre) - shake table", "european centre for training & research in earthquake engineering (eucentre) - bearing testing system", "european centre for training & research in earthquake engineering (eucentre) - damper testing system", "institute of earthquake engineering and engineering seismology (iziis), university of ss. cyril and methodius in skopje (1 of 2)", "institute of earthquake engineering and engineering seismology (iziis), university of ss. cyril and methodius in skopje (2 of 2)", "european space agency (esa) estec test centre", "laboratorio nacional de engenharia civil (lnec)", "hydroproject research institute", "cedex", "bogazici university (1 of 2)", "bogazici university (2 of 2)", "middle east technical university", "university of bristol (eerc)", "earthquake engineering center, university of engineering & technology peshawar", "universidad nacional autonoma de mexico (unam)", "anco engineers, inc boulder, colorado", "nasa", "wyle laboratories (1 of 3)", "wyle laboratories (2 of 3)", "wyle laboratories (3 of 3)", "duke university", "university of california at berkeley", "california state university, fresno", "university of california at san diego", "university of connecticut", "university of illinois at urbana / champaign", "university at buffalo (state university of new york) (2 identical tables of 3)", "university at buffalo (state university of new york) (3 of 3)", "rensselaer polytechnic institute", "university of nevada at reno (3 identical biaxial tables)", "university of nevada at reno (6 axis table)", "dynamic certification laboratories", "rice university", "civil engineering research lab u.s. army", "the george washington university - virginia campus"]}], [{"col": "c4", "type": "TEXT", "data": ["6.1 x 6.1", "4 x 4", "6.1 x 6.1", "3 x 3", "3 x 5", "4 x 4", "2 x 2", "3 x 3", null, "3 x 3", "5 x 5", "2.5 x 2.5", "3 x 3", "1 x 1", "4 x 4", "2 x 2", "3 x 3", "3 x 3", "3.5 x 3.5", "1.2 x 1.8", "1.5 x 1.5", "2 x 0.5", "4 x 4", "11 x 6", "3 x 4", "5 x 5", "20 x 15", "4 x 4", "6 x 4", "4 x 4", "4.5 x 4.5", null, null, "5 x 5", "4 x 4", "5 x 5", "5 x 3", "3.5 diameter", "6 x 8", null, null, "6 x 4", "6 x 6", "12 x 12", "5.5 x 5.5", "15 x 15", "2.6 x 2.6", "5 x 5", null, null, null, "3.4 x 3.4", "8 x 8", "6 x 6", "4 x 4", "4 x 4", "4 x 4", null, "4 x 4", "5 x 5", "2 x 2", "5 x 3", "4 x 4", "5 x 5", "5 x 5", "4 x 4", "1.5 x 1.5", "5 x 5", "2 x 2", "3 x 3", "2.7 x 2.7", "4 x 4", null, "6 x 6", "4 x 3", "2 x 2", "6 x 6", "1.2 x 1.2", "4 x 4", "3.5 x 3.5", "4 x 4", "4 x 4", "4 x 4", "5.6 x 7", "1.6 x 4.4", "1.5 x 2", "5 x 5", "1.4 x 2.5", "5.5 x 5.5", "5.6 x 5.6", "5 x 5", null, "3 x 3", "0.7 x 0.7", "2 x 1", "3 x 3", "6.0 x 6.0", "4 x 4", "3 x 3", "3 x 4.5", "6.1 x 5.5", "2.7 x 2.7", "2.4 x 2.4", "1.2 x 1.2", "6.1 x 6.1", "2.4 x 2.0", "12.2 x 7.6", "1.5 x 1.5", "3.7 x 3.7", "3.6 x 3.6", "3.7 x 3.7", "1.7 x 2.6", "4.3 x 4.5", "2.75 x 2.75", "2.0 diameter", "0.465m2", "3.6 x 3.6", "3 x 3"]}], [{"col": "c5", "type": "TEXT", "data": ["60", "10", "60", "20", "15", "25", null, "10", null, "10", "20", "5", "10", "0.5", "30", "5", "10", "10", "20", "4", null, "5", "30", "136", "20", "60", "1200", "25", "80", "20", "35", "20", "30", "50", "20", "64", "14", null, "100", "40", "100", "45", "1100", "500", "65", "908", "20", "46", "60", "60", "60", "55", "300", "90.7", "20", "20", "20", "20", "30", "20", "5", "30", "30", "300", "600", "300", null, "50", "3", "10", "5", "30", null, "100", "20", "10", "10", "15", "10", "6", "20", "10", "60", "140", "5000 (vertical load)", "50", "40", "8", "22.5", "40", "50", null, "10", "0.1", null, "17", "60", "20", "10", "1", "27", "4.5", "4.5", "5", "45", null, "2000", "1", "5", "50", "50", "5", "45", "50", "4.5", "7", "45", null]}, {"col": "c5_first", "type": "TEXT", "data": ["60", "10", "60", "20", "15", "25", null, "10", null, "10", "20", "5", "10", "0.5", "30", "5", "10", "10", "20", "4", null, "5", "30", "136", "20", "60", "1200", "25", "80", "20", "35", "20", "30", "50", "20", "64", "14", null, "100", "40", "100", "45", "1100", "500", "65", "908", "20", "46", "60", "60", "60", "55", "300", "90.7", "20", "20", "20", "20", "30", "20", "5", "30", "30", "300", "600", "300", null, "50", "3", "10", "5", "30", null, "100", "20", "10", "10", "15", "10", "6", "20", "10", "60", "140", "5000", "50", "40", "8", "22.5", "40", "50", null, "10", "0.1", null, "17", "60", "20", "10", "1", "27", "4.5", "4.5", "5", "45", null, "2000", "1", "5", "50", "50", "5", "45", "50", "4.5", "7", "45", null]}, {"col": "c5_second", "type": "TEXT", "data": [null, null, null, null, null, null, null, null, null, null, null, null, null, null, null, null, null, null, null, null, null, null, null, null, null, null, null, null, null, null, null, null, null, null, null, null, null, null, null, null, null, null, null, null, null, null, null, null, null, null, null, null, null, null, null, null, null, null, null, null, null, null, null, null, null, null, null, null, null, null, null, null, null, null, null, null, null, null, null, null, null, null, null, null, "vertical load", null, null, null, null, null, null, null, null, null, null, null, null, null, null, null, null, null, null, null, null, null, null, null, null, null, null, null, null, null, null, null, null, null]}, {"col": "c5_first_number", "type": "REAL", "data": [60.0, 10.0, 60.0, 20.0, 15.0, 25.0, null, 10.0, null, 10.0, 20.0, 5.0, 10.0, 0.5, 30.0, 5.0, 10.0, 10.0, 20.0, 4.0, null, 5.0, 30.0, 136.0, 20.0, 60.0, 1200, 25.0, 80.0, 20.0, 35.0, 20.0, 30.0, 50.0, 20.0, 64.0, 14.0, null, 100.0, 40.0, 100.0, 45.0, 1100, 500.0, 65.0, 908.0, 20.0, 46.0, 60.0, 60.0, 60.0, 55.0, 300.0, 90.7, 20.0, 20.0, 20.0, 20.0, 30.0, 20.0, 5.0, 30.0, 30.0, 300.0, 600.0, 300.0, null, 50.0, 3.0, 10.0, 5.0, 30.0, null, 100.0, 20.0, 10.0, 10.0, 15.0, 10.0, 6.0, 20.0, 10.0, 60.0, 140.0, 5000.0, 50.0, 40.0, 8.0, 22.5, 40.0, 50.0, null, 10.0, 0.1, null, 17.0, 60.0, 20.0, 10.0, 1.0, 27.0, 4.5, 4.5, 5.0, 45.0, null, 2000, 1.0, 5.0, 50.0, 50.0, 5.0, 45.0, 50.0, 4.5, 7.0, 45.0, null]}], [{"col": "c6", "type": "TEXT", "data": ["6", "1", "6", "6", "3", "6", null, "1", null, null, "1", "1", "6", "6", "3", "3", "6", "6", "2", "1", "1", "1", "3", "1", "3", "1", "6", "1", "3", "1", "6", "6", "3", "6", "2", "6", "6", "6", "2", "2", "3", "3", "3", "1", "6", "2", "6", "3", "6", "6", "6", "2", "6", "3", "3", "2", "2", "6", "6", "2", "2", "1", "6", "2", "2", "6", null, "6", null, "1", "1", "6", null, "6", "1", "3", "1", "2", "6", "3", "2", "6", "6", "1", "5", "1", "5", "1", "6", "3", "3", null, "1", "3", null, "6", "6", "5", "3", "6", "2", "3", "2", "1", "6", "1", "1", "1", "1", "6", "5", "1", "2", "6", "6", "1", "3", "6"]}, {"col": "c6_number", "type": "REAL", "data": [6.0, 1.0, 6.0, 6.0, 3.0, 6.0, null, 1.0, null, null, 1.0, 1.0, 6.0, 6.0, 3.0, 3.0, 6.0, 6.0, 2.0, 1.0, 1.0, 1.0, 3.0, 1.0, 3.0, 1.0, 6.0, 1.0, 3.0, 1.0, 6.0, 6.0, 3.0, 6.0, 2.0, 6.0, 6.0, 6.0, 2.0, 2.0, 3.0, 3.0, 3.0, 1.0, 6.0, 2.0, 6.0, 3.0, 6.0, 6.0, 6.0, 2.0, 6.0, 3.0, 3.0, 2.0, 2.0, 6.0, 6.0, 2.0, 2.0, 1.0, 6.0, 2.0, 2.0, 6.0, null, 6.0, null, 1.0, 1.0, 6.0, null, 6.0, 1.0, 3.0, 1.0, 2.0, 6.0, 3.0, 2.0, 6.0, 6.0, 1.0, 5.0, 1.0, 5.0, 1.0, 6.0, 3.0, 3.0, null, 1.0, 3.0, null, 6.0, 6.0, 5.0, 3.0, 6.0, 2.0, 3.0, 2.0, 1.0, 6.0, 1.0, 1.0, 1.0, 1.0, 6.0, 5.0, 1.0, 2.0, 6.0, 6.0, 1.0, 3.0, 6.0]}], [{"col": "c7", "type": "TEXT", "data": ["\u00b1150", "\u00b1750", "\u00b1150", "\u00b1100", "\u00b1120", "\u00b1100", null, "\u00b1120", null, null, "\u00b1500", "\u00b1500", null, "\u00b1220", null, null, null, "\u00b1100", null, "\u00b175", null, "\u00b160", "\u00b1125", "\u00b1150", null, "\u00b1500", "\u00b11000", "\u00b1500", "\u00b1300", "\u00b1150", "\u00b1100", "\u00b1300", "\u00b175", "\u00b1200", "\u00b1150", "\u00b180", "\u00b1300", null, "\u00b175", "\u00b1100", "\u00b150", "\u00b1150", "\u00b11000", "\u00b1220", "\u00b1500", "\u00b1200", "\u00b1200", "\u00b1600", "\u00b1125", "\u00b1300", "\u00b1200", "\u00b1200", "\u00b1600", null, "\u00b1200", "\u00b1200", "\u00b175", "\u00b1200", "\u00b1500", "\u00b1750", "\u00b175", "\u00b1100", "\u00b1200", "\u00b1300", "\u00b1300", "\u00b1300", null, "\u00b1250", null, null, null, null, null, "\u00b1125", "\u00b1125", "\u00b1125", "\u00b1125", "\u00b150", "\u00b1100", "\u00b170", "\u00b1250", "\u00b1125", "\u00b1100", "\u00b1500", "\u00b1500", "\u00b1250", null, "\u00b1100", "\u00b170", "\u00b1175", "\u00b170", null, "\u00b1120", "\u00b1120", null, "\u00b1150", "\u00b1300", "\u00b1150", "\u00b1200", "\u00b12440", "\u00b1152", "\u00b1250", "\u00b1305", "\u00b175", "\u00b1127", "\u00b1125", "\u00b1750", "\u00b1150", "\u00b150", "\u00b1150", "\u00b1150", "\u00b1130", "\u00b1300", "\u00b175", "\u00b1140", "\u00b175", "\u00b1300", null]}, {"col": "c7_number", "type": "REAL", "data": [150.0, 750.0, 150.0, 100.0, 120.0, 100.0, null, 120.0, null, null, 500.0, 500.0, null, 220.0, null, null, null, 100.0, null, 75.0, null, 60.0, 125.0, 150.0, null, 500.0, 1000, 500.0, 300.0, 150.0, 100.0, 300.0, 75.0, 200.0, 150.0, 80.0, 300.0, null, 75.0, 100.0, 50.0, 150.0, 1000, 220.0, 500.0, 200.0, 200.0, 600.0, 125.0, 300.0, 200.0, 200.0, 600.0, null, 200.0, 200.0, 75.0, 200.0, 500.0, 750.0, 75.0, 100.0, 200.0, 300.0, 300.0, 300.0, null, 250.0, null, null, null, null, null, 125.0, 125.0, 125.0, 125.0, 50.0, 100.0, 70.0, 250.0, 125.0, 100.0, 500.0, 500.0, 250.0, null, 100.0, 70.0, 175.0, 70.0, null, 120.0, 120.0, null, 150.0, 300.0, 150.0, 200.0, 2440, 152.0, 250.0, 305.0, 75.0, 127.0, 125.0, 750.0, 150.0, 50.0, 150.0, 150.0, 130.0, 300.0, 75.0, 140.0, 75.0, 300.0, null]}], [{"col": "c8", "type": "TEXT", "data": ["\u00b1250", null, "\u00b1250", "\u00b1100", "\u00b1120", "\u00b150", null, null, null, null, null, null, null, "\u00b1220", null, null, null, "\u00b1100", null, null, null, null, "\u00b1200", null, null, null, "\u00b11000", null, "\u00b1150", null, "\u00b1100", null, null, "\u00b1200", null, "\u00b1260", null, null, null, null, null, null, null, null, null, null, null, null, null, null, null, null, "\u00b1600", null, null, null, null, null, "\u00b1200", null, "\u00b175", null, "\u00b1200", "\u00b1200", "\u00b1200", "\u00b1200", null, "\u00b1100", null, null, null, null, null, "\u00b1125", null, null, null, null, "\u00b1100", null, "\u00b1250", "\u00b1125", "\u00b1100", null, "\u00b1265", null, "\u00b1125", null, "\u00b170", "\u00b1175", "\u00b170", null, null, "\u00b1120", null, "\u00b1150", "\u00b1300", "\u00b1150", "\u00b1200", null, null, "\u00b1250", null, null, "\u00b1127", null, null, null, null, "\u00b1150", null, null, "\u00b1300", "\u00b1300", "\u00b1120", null, null, null]}, {"col": "c8_number", "type": "REAL", "data": [250.0, null, 250.0, 100.0, 120.0, 50.0, null, null, null, null, null, null, null, 220.0, null, null, null, 100.0, null, null, null, null, 200.0, null, null, null, 1000, null, 150.0, null, 100.0, null, null, 200.0, null, 260.0, null, null, null, null, null, null, null, null, null, null, null, null, null, null, null, null, 600.0, null, null, null, null, null, 200.0, null, 75.0, null, 200.0, 200.0, 200.0, 200.0, null, 100.0, null, null, null, null, null, 125.0, null, null, null, null, 100.0, null, 250.0, 125.0, 100.0, null, 265.0, null, 125.0, null, 70.0, 175.0, 70.0, null, null, 120.0, null, 150.0, 300.0, 150.0, 200.0, null, null, 250.0, null, null, 127.0, null, null, null, null, 150.0, null, null, 300.0, 300.0, 120.0, null, null, null]}], [{"col": "c9", "type": "TEXT", "data": ["\u00b1100", null, "\u00b1100", "\u00b150", "\u00b1120", "\u00b150", null, null, null, null, null, null, null, "\u00b1100", null, null, null, "\u00b1100", null, null, null, null, null, null, null, null, "\u00b1500", null, "\u00b1100", null, "\u00b167", null, null, "\u00b1100", "\u00b175", "\u00b150", null, null, null, null, null, null, null, null, null, "\u00b1100", null, null, null, null, null, "\u00b1100", "\u00b1300", null, null, null, null, null, "\u00b1100", "\u00b1380", null, null, "\u00b1134", null, null, "\u00b1150", null, "\u00b1100", null, null, null, null, null, "\u00b1100", null, "\u00b1100", null, "\u00b150", "\u00b1100", null, null, "\u00b1125", "\u00b1100", null, "140", null, "\u00b160", null, "\u00b170", "\u00b1175", "\u00b140", null, null, "\u00b1120", null, "\u00b1150", "\u00b1300", "\u00b175", "\u00b1200", null, null, "\u00b1250", "\u00b1228", null, "\u00b151", null, null, null, null, "\u00b175", "\u00b175", null, null, "\u00b1100", "\u00b1150", null, null, null]}, {"col": "c9_number", "type": "REAL", "data": [100.0, null, 100.0, 50.0, 120.0, 50.0, null, null, null, null, null, null, null, 100.0, null, null, null, 100.0, null, null, null, null, null, null, null, null, 500.0, null, 100.0, null, 67.0, null, null, 100.0, 75.0, 50.0, null, null, null, null, null, null, null, null, null, 100.0, null, null, null, null, null, 100.0, 300.0, null, null, null, null, null, 100.0, 380.0, null, null, 134.0, null, null, 150.0, null, 100.0, null, null, null, null, null, 100.0, null, 100.0, null, 50.0, 100.0, null, null, 125.0, 100.0, null, 140.0, null, 60.0, null, 70.0, 175.0, 40.0, null, null, 120.0, null, 150.0, 300.0, 75.0, 200.0, null, null, 250.0, 228.0, null, 51.0, null, null, null, null, 75.0, 75.0, null, null, 100.0, 150.0, null, null, null]}], [{"col": "c10", "type": "TEXT", "data": ["\u00b11100", "\u00b11000", "\u00b11000", "\u00b11000", "\u00b1500", "\u00b11000", null, "\u00b1650", null, null, null, null, null, "\u00b1570", null, null, null, "300", null, "\u00b11500", null, null, "\u00b1500", "\u00b11000", null, "\u00b11500", "\u00b12000", "\u00b11500", "\u00b11150", "\u00b1750", "\u00b1750", "\u00b11000", "\u00b1400", "\u00b11000", "\u00b11140", "\u00b1600", "\u00b11500", null, "\u00b1600", "\u00b1700", "\u00b11500", "\u00b1750", "\u00b12000", "\u00b1900", "\u00b11500", "\u00b1750", "\u00b1600", "\u00b12000", "\u00b11000", "\u00b11000", "\u00b1750", "\u00b1750", "\u00b12000", null, "\u00b11000", "\u00b1450", null, "\u00b1800", "\u00b11500", "\u00b1400", "\u00b1500", "\u00b1500", "\u00b1750", "\u00b11000", "\u00b11000", "\u00b11500", null, "\u00b11000", null, null, null, null, null, "\u00b1700", "\u00b11000", "\u00b12000", "\u00b1800", null, "\u00b11000", "\u00b1860", "\u00b11000", "\u00b1500", "\u00b1550", "\u00b12200", "\u00b12200", "\u00b11180", null, null, "\u00b1800", "\u00b1200", "\u00b1600", null, "\u00b1650", "\u00b11200", null, "\u00b11100", "\u00b11100", "\u00b11100", "\u00b12000", "\u00b1100", "\u00b1890", "\u00b11120", "\u00b11168", "\u00b1500", "\u00b1762", null, "\u00b11800", null, "\u00b1381", "\u00b11250", "\u00b1762", "\u00b1270", "\u00b11270", null, "\u00b11000", "\u00b11400", "\u00b11300", null]}, {"col": "c10_number", "type": "REAL", "data": [1100, 1000, 1000, 1000, 500.0, 1000, null, 650.0, null, null, null, null, null, 570.0, null, null, null, 300.0, null, 1500, null, null, 500.0, 1000, null, 1500, 2000, 1500, 1150, 750.0, 750.0, 1000, 400.0, 1000, 1140, 600.0, 1500, null, 600.0, 700.0, 1500, 750.0, 2000, 900.0, 1500, 750.0, 600.0, 2000, 1000, 1000, 750.0, 750.0, 2000, null, 1000, 450.0, null, 800.0, 1500, 400.0, 500.0, 500.0, 750.0, 1000, 1000, 1500, null, 1000, null, null, null, null, null, 700.0, 1000, 2000, 800.0, null, 1000, 860.0, 1000, 500.0, 550.0, 2200, 2200, 1180, null, null, 800.0, 200.0, 600.0, null, 650.0, 1200, null, 1100, 1100, 1100, 2000, 100.0, 890.0, 1120, 1168, 500.0, 762.0, null, 1800, null, 381.0, 1250, 762.0, 270.0, 1270, null, 1000, 1400, 1300, null]}], [{"col": "c11", "type": "TEXT", "data": ["\u00b11100", null, "\u00b11200", "\u00b11000", "\u00b1500", "\u00b1600", null, null, null, null, null, null, null, "\u00b1570", null, null, null, "300", null, null, null, null, "\u00b1800", null, null, null, "\u00b12000", null, null, null, "\u00b1750", null, null, "\u00b11000", null, "\u00b11500", null, null, null, null, null, null, null, null, null, null, null, null, null, null, null, "\u00b1500", "\u00b12000", null, null, null, null, null, "\u00b11000", null, "\u00b1500", null, "\u00b1750", "\u00b11000", "\u00b11000", "\u00b11500", null, "\u00b1600", null, null, null, null, null, "\u00b1700", null, null, null, null, "\u00b11000", null, "\u00b11000", "\u00b1500", "\u00b1550", null, "\u00b1600", null, "\u00b11000", null, "\u00b1800", "\u00b1200", null, null, null, "\u00b11200", null, "\u00b11100", "\u00b11100", "\u00b11100", "\u00b12000", null, null, "\u00b11120", null, null, "\u00b1762", null, null, null, null, "\u00b11250", null, null, "\u00b11270", null, "\u00b11000", null, null, null]}, {"col": "c11_number", "type": "REAL", "data": [1100, null, 1200, 1000, 500.0, 600.0, null, null, null, null, null, null, null, 570.0, null, null, null, 300.0, null, null, null, null, 800.0, null, null, null, 2000, null, null, null, 750.0, null, null, 1000, null, 1500, null, null, null, null, null, null, null, null, null, null, null, null, null, null, null, 500.0, 2000, null, null, null, null, null, 1000, null, 500.0, null, 750.0, 1000, 1000, 1500, null, 600.0, null, null, null, null, null, 700.0, null, null, null, null, 1000, null, 1000, 500.0, 550.0, null, 600.0, null, 1000, null, 800.0, 200.0, null, null, null, 1200, null, 1100, 1100, 1100, 2000, null, null, 1120, null, null, 762.0, null, null, null, null, 1250, null, null, 1270, null, 1000, null, null, null]}], [{"col": "c12", "type": "TEXT", "data": ["\u00b11000", null, "\u00b1800", "\u00b11000", "\u00b1500", "\u00b1600", null, null, null, null, null, null, null, "\u00b1570", null, null, null, null, null, null, null, null, null, null, null, null, "\u00b1700", null, null, null, "\u00b1500", null, null, "\u00b1500", "\u00b14450", "\u00b1500", null, null, null, null, null, null, null, null, null, "\u00b1375", null, null, null, null, null, null, "\u00b11000", null, null, null, null, null, null, "\u00b1250", null, null, "\u00b1500", null, null, "\u00b11000", null, "\u00b1500", null, null, null, null, null, "\u00b1700", null, "\u00b11300", null, null, "\u00b11000", null, null, "\u00b1500", "\u00b1440", null, "\u00b1250", null, "\u00b1500", null, "\u00b1800", "\u00b1200", null, null, null, "\u00b11200", null, "\u00b11100", "\u00b11100", "\u00b1450", "\u00b12000", null, null, "\u00b11120", "\u00b1838", null, "\u00b1254", null, null, null, null, "\u00b1500", "\u00b1500", null, null, null, "\u00b11200", null, null, null]}, {"col": "c12_number", "type": "REAL", "data": [1000, null, 800.0, 1000, 500.0, 600.0, null, null, null, null, null, null, null, 570.0, null, null, null, null, null, null, null, null, null, null, null, null, 700.0, null, null, null, 500.0, null, null, 500.0, 4450, 500.0, null, null, null, null, null, null, null, null, null, 375.0, null, null, null, null, null, null, 1000, null, null, null, null, null, null, 250.0, null, null, 500.0, null, null, 1000, null, 500.0, null, null, null, null, null, 700.0, null, 1300, null, null, 1000, null, null, 500.0, 440.0, null, 250.0, null, 500.0, null, 800.0, 200.0, null, null, null, 1200, null, 1100, 1100, 450.0, 2000, null, null, 1120, 838.0, null, 254.0, null, null, null, null, 500.0, 500.0, null, null, null, 1200, null, null, null]}], [{"col": "c13", "type": "TEXT", "data": ["\u00b110", "\u00b110", "\u00b115", "\u00b126", "\u00b110", "\u00b140", null, "\u00b120", null, "10", "\u00b120", "\u00b120", null, "\u00b130", null, null, null, "\u00b114.715", null, "\u00b150", null, "\u00b16.5", "\u00b150", "\u00b110", null, "\u00b110", "\u00b19", "\u00b110", "\u00b120", "\u00b120", "\u00b115", "\u00b110", "\u00b110", "\u00b120", "\u00b120", "\u00b130", "\u00b110", null, "\u00b17", "\u00b125", "\u00b120", "\u00b110", "\u00b110", "\u00b110", "\u00b120", "\u00b118", "\u00b120", "\u00b130", "\u00b130", "\u00b15", "\u00b110", "\u00b18", "\u00b120", null, "\u00b110", "\u00b110", "\u00b115", "\u00b110", "\u00b110", "\u00b110", "\u00b110", "\u00b110", "\u00b115", "\u00b120", "\u00b130", "\u00b120", null, "\u00b110", null, null, null, null, null, "\u00b110", "\u00b110", "\u00b110", "\u00b120", null, "\u00b120", null, "10", "\u00b130", "\u00b130", "59", "18", "10", null, "\u00b120", "\u00b150", "\u00b118", "\u00b120", null, "\u00b120", "\u00b1100", null, "\u00b160", "\u00b114.7", "\u00b110", "\u00b130", null, "\u00b160", "\u00b145", "\u00b170", "\u00b150", "\u00b115", null, "\u00b110", "\u00b120", "\u00b130", "\u00b112", "\u00b112", "\u00b120", "\u00b120", "\u00b120", "\u00b198", "\u00b120", null, null]}, {"col": "c13_number", "type": "REAL", "data": [10.0, 10.0, 15.0, 26.0, 10.0, 40.0, null, 20.0, null, 10.0, 20.0, 20.0, null, 30.0, null, null, null, 14.715, null, 50.0, null, 6.5, 50.0, 10.0, null, 10.0, 9.0, 10.0, 20.0, 20.0, 15.0, 10.0, 10.0, 20.0, 20.0, 30.0, 10.0, null, 7.0, 25.0, 20.0, 10.0, 10.0, 10.0, 20.0, 18.0, 20.0, 30.0, 30.0, 5.0, 10.0, 8.0, 20.0, null, 10.0, 10.0, 15.0, 10.0, 10.0, 10.0, 10.0, 10.0, 15.0, 20.0, 30.0, 20.0, null, 10.0, null, null, null, null, null, 10.0, 10.0, 10.0, 20.0, null, 20.0, null, 10.0, 30.0, 30.0, 59.0, 18.0, 10.0, null, 20.0, 50.0, 18.0, 20.0, null, 20.0, 100.0, null, 60.0, 14.7, 10.0, 30.0, null, 60.0, 45.0, 70.0, 50.0, 15.0, null, 10.0, 20.0, 30.0, 12.0, 12.0, 20.0, 20.0, 20.0, 98.0, 20.0, null, null]}], [{"col": "c14", "type": "TEXT", "data": ["\u00b110", null, "\u00b110", "\u00b126", "\u00b110", "\u00b120", null, null, null, null, null, null, null, "\u00b130", null, null, null, "\u00b114.715", null, null, null, null, "\u00b140", null, null, null, "\u00b19", null, "\u00b13", null, "\u00b115", null, null, "\u00b120", null, "\u00b110", null, null, null, null, null, null, null, null, null, null, null, null, null, null, null, "\u00b115", "\u00b120", null, null, null, null, null, null, null, "\u00b110", null, "\u00b115", "\u00b120", "\u00b130", "\u00b120", null, "\u00b130", null, null, null, null, null, "\u00b110", null, null, null, null, "\u00b120", null, "10", "\u00b130", "\u00b130", null, null, null, "\u00b130", null, "\u00b150", "\u00b111", "\u00b120", null, null, "\u00b1100", null, "\u00b160", "\u00b114.7", "\u00b110", "\u00b130", null, null, "\u00b145", null, null, "\u00b115", null, null, null, null, "\u00b112", null, null, "\u00b120", "\u00b140", "\u00b198", null, null, null]}, {"col": "c14_number", "type": "REAL", "data": [10.0, null, 10.0, 26.0, 10.0, 20.0, null, null, null, null, null, null, null, 30.0, null, null, null, 14.715, null, null, null, null, 40.0, null, null, null, 9.0, null, 3.0, null, 15.0, null, null, 20.0, null, 10.0, null, null, null, null, null, null, null, null, null, null, null, null, null, null, null, 15.0, 20.0, null, null, null, null, null, null, null, 10.0, null, 15.0, 20.0, 30.0, 20.0, null, 30.0, null, null, null, null, null, 10.0, null, null, null, null, 20.0, null, 10.0, 30.0, 30.0, null, null, null, 30.0, null, 50.0, 11.0, 20.0, null, null, 100.0, null, 60.0, 14.7, 10.0, 30.0, null, null, 45.0, null, null, 15.0, null, null, null, null, 12.0, null, null, 20.0, 40.0, 98.0, null, null, null]}], [{"col": "c15", "type": "TEXT", "data": ["\u00b18", null, "\u00b18", "\u00b150", "\u00b110", "\u00b140", null, null, null, null, null, null, null, "\u00b120", null, null, null, "9.81", null, null, null, null, null, null, null, null, "\u00b115", null, "\u00b12", null, "\u00b110", null, null, "\u00b120", "\u00b110", "\u00b110", null, null, null, null, null, null, null, null, null, "\u00b19", null, null, null, null, null, null, "\u00b110", null, null, null, null, null, null, "\u00b17", null, null, "\u00b110", null, null, "\u00b140", null, "\u00b110", null, null, null, null, null, "\u00b125", null, "10", null, null, "\u00b140", null, null, "\u00b130", "\u00b120", null, null, null, "\u00b115", null, "\u00b150", "\u00b16", null, null, null, "\u00b1100", null, "\u00b160", "\u00b114.7", "\u00b110", "\u00b130", null, null, "\u00b145", "\u00b180", null, "\u00b120", null, null, null, null, "\u00b112", "\u00b123", null, null, "\u00b110", "\u00b1108", null, null, null]}, {"col": "c15_number", "type": "REAL", "data": [8.0, null, 8.0, 50.0, 10.0, 40.0, null, null, null, null, null, null, null, 20.0, null, null, null, 9.81, null, null, null, null, null, null, null, null, 15.0, null, 2.0, null, 10.0, null, null, 20.0, 10.0, 10.0, null, null, null, null, null, null, null, null, null, 9.0, null, null, null, null, null, null, 10.0, null, null, null, null, null, null, 7.0, null, null, 10.0, null, null, 40.0, null, 10.0, null, null, null, null, null, 25.0, null, 10.0, null, null, 40.0, null, null, 30.0, 20.0, null, null, null, 15.0, null, 50.0, 6.0, null, null, null, 100.0, null, 60.0, 14.7, 10.0, 30.0, null, null, 45.0, 80.0, null, 20.0, null, null, null, null, 12.0, 23.0, null, null, 10.0, 108.0, null, null, null]}], [{"col": "c16", "type": "TEXT", "data": ["100", "40", "50", "50", "50", "50", null, "50", null, null, "100", "100", null, "50", null, null, null, "100", null, "50", null, null, "50", "50", null, "30", "50", "50", "50", "30", "50", "50", "50", "60", "50", "70", "50", null, "30", "30", "50", "40", "15", "50", "50", "30", "80", "50", "70", "70", "70", "50", "50", null, "50", "50", "30", "30", "30", "30", null, null, "50", "60", "60", "60", null, "50", null, "50", null, null, null, "50", "50", "50", "50", "30", "100", "60", "50", "50", "120", "50", "20", "20", "80", "80", "2-100", "20", "40", null, "50", "40", null, "100", "50", "60", "40", null, "100", "100", "70", "60", "20", null, "20", "50", "50", "100", "50", "50", "50", "50", "100", "50", "250", null]}, {"col": "c16_number", "type": "INTEGER", "data": [100, 40, 50, 50, 50, 50, null, 50, null, null, 100, 100, null, 50, null, null, null, 100, null, 50, null, null, 50, 50, null, 30, 50, 50, 50, 30, 50, 50, 50, 60, 50, 70, 50, null, 30, 30, 50, 40, 15, 50, 50, 30, 80, 50, 70, 70, 70, 50, 50, null, 50, 50, 30, 30, 30, 30, null, null, 50, 60, 60, 60, null, 50, null, 50, null, null, null, 50, 50, 50, 50, 30, 100, 60, 50, 50, 120, 50, 20, 20, 80, 80, 2, 20, 40, null, 50, 40, null, 100, 50, 60, 40, null, 100, 100, 70, 60, 20, null, 20, 50, 50, 100, 50, 50, 50, 50, 100, 50, 250, null]}, {"col": "c16_minimum", "type": "INTEGER", "data": [null, null, null, null, null, null, null, null, null, null, null, null, null, null, null, null, null, null, null, null, null, null, null, null, null, null, null, null, null, null, null, null, null, null, null, null, null, null, null, null, null, null, null, null, null, null, null, null, null, null, null, null, null, null, null, null, null, null, null, null, null, null, null, null, null, null, null, null, null, null, null, null, null, null, null, null, null, null, null, null, null, null, null, null, null, null, null, null, 2, null, null, null, null, null, null, null, null, null, null, null, null, null, null, null, null, null, null, null, null, null, null, null, null, null, null, null, null, null]}, {"col": "c16_maximum", "type": "INTEGER", "data": [null, null, null, null, null, null, null, null, null, null, null, null, null, null, null, null, null, null, null, null, null, null, null, null, null, null, null, null, null, null, null, null, null, null, null, null, null, null, null, null, null, null, null, null, null, null, null, null, null, null, null, null, null, null, null, null, null, null, null, null, null, null, null, null, null, null, null, null, null, null, null, null, null, null, null, null, null, null, null, null, null, null, null, null, null, null, null, null, 100, null, null, null, null, null, null, null, null, null, null, null, null, null, null, null, null, null, null, null, null, null, null, null, null, null, null, null, null, null]}], [{"col": "c17", "type": "TEXT", "data": ["30/6/2010", "17/7/2009", null, "10/7/2008", null, null, null, "23/7/2008", null, null, null, null, null, "23/7/2008", null, null, null, null, null, "25/6/2009", "19/11/2009", null, "7/19/2011", null, null, "12/3/2008", "3/3/2008", null, null, null, null, null, null, "3/3/2008", null, null, null, null, null, null, null, null, null, null, null, null, null, null, null, null, null, null, "10/5/2008", null, null, null, null, null, null, null, "5/2/2009", "5/2/2009", null, "24/7/2008", "24/7/2008", "24/7/2008", null, "12/3/2008", null, "15/12/2009", null, null, null, "27/01/2011", "27/01/2011", "27/01/2011", "02/2011", null, "12/3/2008", null, null, null, null, null, null, null, "20/9/2011", "7/7/2008", "23/7/2008", null, null, null, "3/3/2008", "3/3/2008", null, "29/2/2008", null, "10/9/2008", "16/10/2012", null, "16/10/2012", "16/10/2012", "16/10/2012", "15/4/2008", "30/4/2008", "19/11/2009", "7/7/2008", "8/5/2008", null, "12/3/2008", "12/3/2008", "8/5/2008", "8/2/2010", "13/3/2008", "17/7/2012", "8/5/2008", null, null]}, {"col": "c17_number", "type": "INTEGER", "data": [30, 17, null, 10, null, null, null, 23, null, null, null, null, null, 23, null, null, null, null, null, 25, 19, null, 7, null, null, 12, 3, null, null, null, null, null, null, 3, null, null, null, null, null, null, null, null, null, null, null, null, null, null, null, null, null, null, 10, null, null, null, null, null, null, null, 5, 5, null, 24, 24, 24, null, 12, null, 15, null, null, null, 27, 27, 27, 2, null, 12, null, null, null, null, null, null, null, 20, 7, 23, null, null, null, 3, 3, null, 29, null, 10, 16, null, 16, 16, 16, 15, 30, 19, 7, 8, null, 12, 12, 8, 8, 13, 17, 8, null, null]}, {"col": "c17_parsed", "type": "TEXT", "data": ["2010-06-30", "2009-07-17", null, "2008-10-07", null, null, null, "2008-07-23", null, null, null, null, null, "2008-07-23", null, null, null, null, null, "2009-06-25", "2009-11-19", null, "2011-07-19", null, null, "2008-12-03", "2008-03-03", null, null, null, null, null, null, "2008-03-03", null, null, null, null, null, null, null, null, null, null, null, null, null, null, null, null, null, null, "2008-10-05", null, null, null, null, null, null, null, "2009-05-02", "2009-05-02", null, "2008-07-24", "2008-07-24", "2008-07-24", null, "2008-12-03", null, "2009-12-15", null, null, null, "2011-01-27", "2011-01-27", "2011-01-27", "2011-02", null, "2008-12-03", null, null, null, null, null, null, null, "2011-09-20", "2008-07-07", "2008-07-23", null, null, null, "2008-03-03", "2008-03-03", null, "2008-02-29", null, "2008-10-09", "2012-10-16", null, "2012-10-16", "2012-10-16", "2012-10-16", "2008-04-15", "2008-04-30", "2009-11-19", "2008-07-07", "2008-08-05", null, "2008-12-03", "2008-12-03", "2008-08-05", "2010-08-02", "2008-03-13", "2012-07-17", "2008-08-05", null, null]}, {"col": "c17_year", "type": "INTEGER", "data": [2010, 2009, null, 2008, null, null, null, 2008, null, null, null, null, null, 2008, null, null, null, null, null, 2009, 2009, null, 2011, null, null, 2008, 2008, null, null, null, null, null, null, 2008, null, null, null, null, null, null, null, null, null, null, null, null, null, null, null, null, null, null, 2008, null, null, null, null, null, null, null, 2009, 2009, null, 2008, 2008, 2008, null, 2008, null, 2009, null, null, null, 2011, 2011, 2011, 2011, null, 2008, null, null, null, null, null, null, null, 2011, 2008, 2008, null, null, null, 2008, 2008, null, 2008, null, 2008, 2012, null, 2012, 2012, 2012, 2008, 2008, 2009, 2008, 2008, null, 2008, 2008, 2008, 2010, 2008, 2012, 2008, null, null]}, {"col": "c17_month", "type": "INTEGER", "data": [6, 7, null, 10, null, null, null, 7, null, null, null, null, null, 7, null, null, null, null, null, 6, 11, null, 7, null, null, 12, 3, null, null, null, null, null, null, 3, null, null, null, null, null, null, null, null, null, null, null, null, null, null, null, null, null, null, 10, null, null, null, null, null, null, null, 5, 5, null, 7, 7, 7, null, 12, null, 12, null, null, null, 1, 1, 1, 2, null, 12, null, null, null, null, null, null, null, 9, 7, 7, null, null, null, 3, 3, null, 2, null, 10, 10, null, 10, 10, 10, 4, 4, 11, 7, 8, null, 12, 12, 8, 8, 3, 7, 8, null, null]}, {"col": "c17_day", "type": "INTEGER", "data": [30, 17, null, 7, null, null, null, 23, null, null, null, null, null, 23, null, null, null, null, null, 25, 19, null, 19, null, null, 3, 3, null, null, null, null, null, null, 3, null, null, null, null, null, null, null, null, null, null, null, null, null, null, null, null, null, null, 5, null, null, null, null, null, null, null, 2, 2, null, 24, 24, 24, null, 3, null, 15, null, null, null, 27, 27, 27, null, null, 3, null, null, null, null, null, null, null, 20, 7, 23, null, null, null, 3, 3, null, 29, null, 9, 16, null, 16, 16, 16, 15, 30, 19, 7, 5, null, 3, 3, 5, 2, 13, 17, 5, null, null]}]], "is_list": {"id": false, "agg": false, "c1": false, "c2": false, "c3": false, "c4": false, "c5": false, "c5_first": false, "c5_second": false, "c5_first_number": false, "c6": false, "c6_number": false, "c7": false, "c7_number": false, "c8": false, "c8_number": false, "c9": false, "c9_number": false, "c10": false, "c10_number": false, "c11": false, "c11_number": false, "c12": false, "c12_number": false, "c13": false, "c13_number": false, "c14": false, "c14_number": false, "c15": false, "c15_number": false, "c16": false, "c16_number": false, "c16_minimum": false, "c16_maximum": false, "c17": false, "c17_number": false, "c17_parsed": false, "c17_year": false, "c17_month": false, "c17_day": false}}