{"headers": ["id", "agg", "date", "race", "competition", "rider", "country", "location"], "types": ["id", "agg", "date", "<c,text>", "text", "text(text)", "text", "text"], "contents": [[{"col": "id", "type": "INTEGER", "data": [1, 2, 3, 4, 5, 6, 7, 8, 9, 10, 11, 12, 13, 14, 15]}], [{"col": "agg", "type": "INTEGER", "data": [0, 0, 0, 0, 0, 0, 0, 0, 0, 0, 0, 0, 0, 0, 0]}], [{"col": "c1", "type": "TEXT", "data": ["february 9", "february 11", "february 18", "march 11", "march 26", "may 10", "may 13", "may 30", "may 30", "june 23", "july 5", "july 10", "september 12", "october 3", "october 10"]}, {"col": "c1_number", "type": "INTEGER", "data": [9, 11, 18, 11, 26, 10, 13, 30, 30, 23, 5, 10, 12, 3, 10]}, {"col": "c1_parsed", "type": "TEXT", "data": ["xxxx-02-09", "xxxx-02-11", "xxxx-02-18", "xxxx-03-11", "xxxx-03-26", "xxxx-05-10", "xxxx-05-13", "xxxx-05-30", "xxxx-05-30", "xxxx-06-23", "xxxx-07-05", "xxxx-07-10", "xxxx-09-12", "xxxx-10-03", "xxxx-10-10"]}, {"col": "c1_year", "type": "INTEGER", "data": [-1, -1, -1, -1, -1, -1, -1, -1, -1, -1, -1, -1, -1, -1, -1]}, {"col": "c1_month", "type": "INTEGER", "data": [2, 2, 2, 3, 3, 5, 5, 5, 5, 6, 7, 7, 9, 10, 10]}, {"col": "c1_day", "type": "INTEGER", "data": [9, 11, 18, 11, 26, 10, 13, 30, 30, 23, 5, 10, 12, 3, 10]}], [{"col": "c2", "type": "TEXT", "data": ["tour of qatar, stage 3", "tour of qatar, stage 5", "tour of oman, stage 5", "tirreno-adriatico, stage 2", "volta a catalunya, stage 5", "giro d'italia, stage 3", "giro d'italia, stage 5", "giro d'italia, premio della fuga", "tour of belgium, overall", "halle-ingooigem", "tour de france, stage 2", "tour de france, stage 7", "vuelta a espana, stage 15", "circuit franco-belge, stage 4", "g.p. beghelli"]}, {"col": "c2_list", "type": "LIST TEXT", "data": [["tour of qatar", "stage 3"], ["tour of qatar", "stage 5"], ["tour of oman", "stage 5"], ["tirreno-adriatico", "stage 2"], ["volta a catalunya", "stage 5"], ["giro d'italia", "stage 3"], ["giro d'italia", "stage 5"], ["giro d'italia", "premio della fuga"], ["tour of belgium", "overall"], ["halle-ingooigem"], ["tour de france", "stage 2"], ["tour de france", "stage 7"], ["vuelta a espana", "stage 15"], ["circuit franco-belge", "stage 4"], ["g.p. beghelli"]]}, {"col": "c2_length", "type": "INTEGER", "data": [2, 2, 2, 2, 2, 2, 2, 2, 2, 1, 2, 2, 2, 2, 1]}], [{"col": "c3", "type": "TEXT", "data": ["uci asia tour", "uci asia tour", "uci asia tour", "uci world ranking", "uci protour", "uci world ranking", "uci world ranking", "uci world ranking", "uci europe tour", "uci europe tour", "uci world ranking", "uci world ranking", "uci world ranking", "uci europe tour", "uci europe tour"]}], [{"col": "c4", "type": "TEXT", "data": ["tom boonen (bel)", "tom boonen (bel)", "tom boonen (bel)", "tom boonen (bel)", "davide malacarne (ita)", "wouter weylandt (bel)", "jerome pineau (fra)", "jerome pineau (fra)", "stijn devolder (bel)", "jurgen van de walle (bel)", "sylvain chavanel (fra)", "sylvain chavanel (fra)", "carlos barredo (esp)", "wouter weylandt (bel)", "dario cataldo (ita)"]}, {"col": "c4_first", "type": "TEXT", "data": ["tom boonen", "tom boonen", "tom boonen", "tom boonen", "davide malacarne", "wouter weylandt", "jerome pineau", "jerome pineau", "stijn devolder", "jurgen van de walle", "sylvain chavanel", "sylvain chavanel", "carlos barredo", "wouter weylandt", "dario cataldo"]}, {"col": "c4_second", "type": "TEXT", "data": ["bel", "bel", "bel", "bel", "ita", "bel", "fra", "fra", "bel", "bel", "fra", "fra", "esp", "bel", "ita"]}], [{"col": "c5", "type": "TEXT", "data": ["qatar", "qatar", "oman", "italy", "spain", "netherlands", "italy", "italy", "belgium", "belgium", "belgium", "france", "spain", "belgium", "italy"]}], [{"col": "c6", "type": "TEXT", "data": ["mesaieed", "madinat al shamal", "sultan qaboos sports complex (muscat)", "montecatini terme", "cabaces", "middelburg", "novi ligure", null, null, "ingooigem", "spa", "les rousses", "lagos de covadonga", "tournai", "monteveglio"]}]], "is_list": {"id": false, "agg": false, "c1": false, "c1_number": false, "c1_parsed": false, "c1_year": false, "c1_month": false, "c1_day": false, "c2": false, "c2_list": true, "c2_length": false, "c3": false, "c4": false, "c4_first": false, "c4_second": false, "c5": false, "c6": false}}