{"headers": ["id", "agg", "week", "date", "opponent", "result", "attendance"], "types": ["id", "agg", "number", "date", "text", "score", "number"], "contents": [[{"col": "id", "type": "INTEGER", "data": [1, 2, 3, 4, 5, 6, 7, 8, 9, 10, 11, 12, 13, 14, 15, 16]}], [{"col": "agg", "type": "INTEGER", "data": [0, 0, 0, 0, 0, 0, 0, 0, 0, 0, 0, 0, 0, 0, 0, 0]}], [{"col": "c1", "type": "TEXT", "data": ["1", "2", null, "3", "4", "5", "6", "7", "8", "9", "10", "11", "12", "13", "14", "15"]}, {"col": "c1_number", "type": "REAL", "data": [1.0, 2.0, null, 3.0, 4.0, 5.0, 6.0, 7.0, 8.0, 9.0, 10.0, 11.0, 12.0, 13.0, 14.0, 15.0]}], [{"col": "c2", "type": "TEXT", "data": ["september 13, 1987", "september 20, 1987", "september 27, 1987", "october 4, 1987", "october 11, 1987", "october 18, 1987", "october 25, 1987", "november 1, 1987", "november 8, 1987", "november 15, 1987", "november 22, 1987", "november 26, 1987", "december 6, 1987", "december 13, 1987", "december 19, 1987", "december 27, 1987"]}, {"col": "c2_number", "type": "INTEGER", "data": [13, 20, 27, 4, 11, 18, 25, 1, 8, 15, 22, 26, 6, 13, 19, 27]}, {"col": "c2_parsed", "type": "TEXT", "data": ["1987-09-13", "1987-09-20", "1987-09-27", "1987-10-04", "1987-10-11", "1987-10-18", "1987-10-25", "1987-11-01", "1987-11-08", "1987-11-15", "1987-11-22", "1987-11-26", "1987-12-06", "1987-12-13", "1987-12-19", "1987-12-27"]}, {"col": "c2_year", "type": "INTEGER", "data": [1987, 1987, 1987, 1987, 1987, 1987, 1987, 1987, 1987, 1987, 1987, 1987, 1987, 1987, 1987, 1987]}, {"col": "c2_month", "type": "INTEGER", "data": [9, 9, 9, 10, 10, 10, 10, 11, 11, 11, 11, 11, 12, 12, 12, 12]}, {"col": "c2_day", "type": "INTEGER", "data": [13, 20, 27, 4, 11, 18, 25, 1, 8, 15, 22, 26, 6, 13, 19, 27]}], [{"col": "c3", "type": "TEXT", "data": ["san diego chargers", "at seattle seahawks", "minnesota vikings", "at los angeles raiders", "at miami dolphins", "denver broncos", "at san diego chargers", "at chicago bears", "pittsburgh steelers", "new york jets", "green bay packers", "at detroit lions", "at cincinnati bengals", "los angeles raiders", "at denver broncos", "seattle seahawks"]}, {"col": "c3_raw", "type": "TEXT", "data": ["san diego chargers", "seattle seahawks", "minnesota vikings", "los angeles raiders", "miami dolphins", "denver broncos", "san diego chargers", "chicago bears", "pittsburgh steelers", "new york jets", "green bay packers", "detroit lions", "cincinnati bengals", "los angeles raiders", "denver broncos", "seattle seahawks"]}, {"col": "c3_home", "type": "TEXT", "data": ["home", "away", "home", "away", "away", "home", "away", "away", "home", "home", "home", "away", "away", "home", "away", "home"]}], [{"col": "c4", "type": "TEXT", "data": ["w 20-13", "l 43-14", "canceled", "l 35-17", "l 42-0", "l 26-17", "l 42-21", "l 31-28", "l 17-16", "l 16-9", "l 23-3", "w 27-20", "l 30-27", "w 16-10", "l 20-17", "w 41-20"]}, {"col": "c4_result", "type": "TEXT", "data": ["w", "l", null, "l", "l", "l", "l", "l", "l", "l", "l", "w", "l", "w", "l", "w"]}, {"col": "c4_number", "type": "INTEGER", "data": [20, 43, null, 35, 42, 26, 42, 31, 17, 16, 23, 27, 30, 16, 20, 41]}, {"col": "c4_number1", "type": "INTEGER", "data": [20, 43, null, 35, 42, 26, 42, 31, 17, 16, 23, 27, 30, 16, 20, 41]}, {"col": "c4_number2", "type": "INTEGER", "data": [13, 14, null, 17, 0, 17, 21, 28, 16, 9, 3, 20, 27, 10, 17, 20]}], [{"col": "c5", "type": "TEXT", "data": ["56940", "61667", null, "10708", "25867", "20296", "47972", "63498", "45249", "40718", "34611", "43820", "46489", "63834", "75053", "20370"]}, {"col": "c5_number", "type": "REAL", "data": [56940.0, 61667.0, null, 10708.0, 25867.0, 20296.0, 47972.0, 63498.0, 45249.0, 40718.0, 34611.0, 43820.0, 46489.0, 63834.0, 75053.0, 20370.0]}]], "is_list": {"id": false, "agg": false, "c1": false, "c1_number": false, "c2": false, "c2_number": false, "c2_parsed": false, "c2_year": false, "c2_month": false, "c2_day": false, "c3": false, "c3_raw": false, "c3_home": false, "c4": false, "c4_result": false, "c4_number": false, "c4_number1": false, "c4_number2": false, "c5": false, "c5_number": false}}