{"headers": ["id", "agg", "date", "time", "opponent#", "rank#", "site", "tv", "result", "attendance"], "types": ["id", "agg", "date", "time", "text", "rank", "address(text)", "text", "score", "number"], "contents": [[{"col": "id", "type": "INTEGER", "data": [1, 2, 3, 4, 5, 6, 7, 8, 9, 10, 11, 12]}], [{"col": "agg", "type": "INTEGER", "data": [0, 0, 0, 0, 0, 0, 0, 0, 0, 0, 0, 0]}], [{"col": "c1", "type": "TEXT", "data": ["september 1", "september 8", "september 15", "september 22", "september 29", "october 6", "october 13", "october 20", "october 27", "november 3", "november 10", "november 23"]}, {"col": "c1_number", "type": "INTEGER", "data": [1, 8, 15, 22, 29, 6, 13, 20, 27, 3, 10, 23]}, {"col": "c1_parsed", "type": "TEXT", "data": ["xxxx-09-01", "xxxx-09-08", "xxxx-09-15", "xxxx-09-22", "xxxx-09-29", "xxxx-10-06", "xxxx-10-13", "xxxx-10-20", "xxxx-10-27", "xxxx-11-03", "xxxx-11-10", "xxxx-11-23"]}, {"col": "c1_year", "type": "INTEGER", "data": [-1, -1, -1, -1, -1, -1, -1, -1, -1, -1, -1, -1]}, {"col": "c1_month", "type": "INTEGER", "data": [9, 9, 9, 9, 9, 10, 10, 10, 10, 11, 11, 11]}, {"col": "c1_day", "type": "INTEGER", "data": [1, 8, 15, 22, 29, 6, 13, 20, 27, 3, 10, 23]}], [{"col": "c2", "type": "TEXT", "data": ["2:30 pm", "11:00 am", "7:00 pm", "11:30 am", "1:05 pm", "8:15 pm", "11:30 am", "1:05 pm", "2:30 pm", "11:30 am", "11:30 am", "11:00 am"]}, {"col": "c2_number", "type": "INTEGER", "data": [2, 11, 7, 11, 1, 8, 11, 1, 2, 11, 11, 11]}, {"col": "c2_hour", "type": "INTEGER", "data": [2, 11, 7, 11, 1, 8, 11, 1, 2, 11, 11, 11]}, {"col": "c2_min", "type": "INTEGER", "data": [30, 0, 0, 30, 5, 15, 30, 5, 30, 30, 30, 0]}], [{"col": "c3", "type": "TEXT", "data": ["nevada", "at wake forest", "#1 usc", "ball state", "iowa state", "at #17 missouri", "oklahoma state", "texas a&m", "at #16 texas", "at #8 kansas", "kansas state", "at colorado"]}, {"col": "c3_raw", "type": "TEXT", "data": ["nevada", "wake forest", "usc", "ball state", "iowa state", "missouri", "oklahoma state", "texas a&m", "texas", "kansas", "kansas state", "colorado"]}, {"col": "c3_home", "type": "TEXT", "data": ["home", "away", "home", "home", "home", "away", "home", "home", "away", "away", "home", "away"]}], [{"col": "c4", "type": "TEXT", "data": ["#19", "#17", "#14", "#22", "#22", "#23", null, null, null, null, null, null]}, {"col": "c4_number", "type": "REAL", "data": [19.0, 17.0, 14.0, 22.0, 22.0, 23.0, null, null, null, null, null, null]}], [{"col": "c5", "type": "TEXT", "data": ["memorial stadium \u2022 lincoln, ne", "bb&t field \u2022 winston-salem, nc", "memorial stadium \u2022 lincoln, ne", "memorial stadium \u2022 lincoln, ne", "memorial stadium \u2022 lincoln, ne", "faurot field \u2022 columbia, mo (rivalry)", "memorial stadium \u2022 lincoln, ne", "memorial stadium \u2022 lincoln, ne", "darrell k royal-texas memorial stadium \u2022 austin, tx", "memorial stadium \u2022 lawrence, ks", "memorial stadium \u2022 lincoln, ne", "folsom field \u2022 boulder, co (rivalry)"]}, {"col": "c5_first", "type": "TEXT", "data": ["memorial stadium \u2022 lincoln, ne", "bb&t field \u2022 winston-salem, nc", "memorial stadium \u2022 lincoln, ne", "memorial stadium \u2022 lincoln, ne", "memorial stadium \u2022 lincoln, ne", "faurot field \u2022 columbia, mo", "memorial stadium \u2022 lincoln, ne", "memorial stadium \u2022 lincoln, ne", "darrell k royal-texas memorial stadium \u2022 austin, tx", "memorial stadium \u2022 lawrence, ks", "memorial stadium \u2022 lincoln, ne", "folsom field \u2022 boulder, co"]}, {"col": "c5_second", "type": "TEXT", "data": [null, null, null, null, null, "rivalry", null, null, null, null, null, "rivalry"]}, {"col": "c5_first_address", "type": "LIST TEXT", "data": [["memorial stadium \u2022 lincoln", "ne"], ["bb&t field \u2022 winston-salem", "nc"], ["memorial stadium \u2022 lincoln", "ne"], ["memorial stadium \u2022 lincoln", "ne"], ["memorial stadium \u2022 lincoln", "ne"], ["faurot field \u2022 columbia", "mo"], ["memorial stadium \u2022 lincoln", "ne"], ["memorial stadium \u2022 lincoln", "ne"], ["darrell k royal-texas memorial stadium \u2022 austin", "tx"], ["memorial stadium \u2022 lawrence", "ks"], ["memorial stadium \u2022 lincoln", "ne"], ["folsom field \u2022 boulder", "co"]]}], [{"col": "c6", "type": "TEXT", "data": ["abc", "espn", "abc", "fsn ppv", null, "espn", "ppv", null, "abc", "fsn", "versus", "abc"]}], [{"col": "c7", "type": "TEXT", "data": ["w 52-10", "w 20-17", "l 31-49", "w 41-40", "w 35-17", "l 6-41", "l 14-45", "l 14-36", "l 25-28", "l 39-76", "w 73-31", "l 51-65"]}, {"col": "c7_result", "type": "TEXT", "data": ["w", "w", "l", "w", "w", "l", "l", "l", "l", "l", "w", "l"]}, {"col": "c7_number", "type": "INTEGER", "data": [52, 20, 31, 41, 35, 6, 14, 14, 25, 39, 73, 51]}, {"col": "c7_number1", "type": "INTEGER", "data": [52, 20, 31, 41, 35, 6, 14, 14, 25, 39, 73, 51]}, {"col": "c7_number2", "type": "INTEGER", "data": [10, 17, 49, 40, 17, 41, 45, 36, 28, 76, 31, 65]}], [{"col": "c8", "type": "TEXT", "data": ["84078", "32483", "84959", "84294", "84703", "70049", "84334", "84473", "85968", "51910", "84665", "51403"]}, {"col": "c8_number", "type": "REAL", "data": [84078.0, 32483.0, 84959.0, 84294.0, 84703.0, 70049.0, 84334.0, 84473.0, 85968.0, 51910.0, 84665.0, 51403.0]}]], "is_list": {"id": false, "agg": false, "c1": false, "c1_number": false, "c1_parsed": false, "c1_year": false, "c1_month": false, "c1_day": false, "c2": false, "c2_number": false, "c2_hour": false, "c2_min": false, "c3": false, "c3_raw": false, "c3_home": false, "c4": false, "c4_number": false, "c5": false, "c5_first": false, "c5_second": false, "c5_first_address": true, "c6": false, "c7": false, "c7_result": false, "c7_number": false, "c7_number1": false, "c7_number2": false, "c8": false, "c8_number": false}}